id,question,sparql,answer_rdf,answer,frame
0,Qual è la più popolosa della Andorra?,SELECT DISTINCT ?subjOfProp WHERE { ?subjOfProp <http://www.w3.org/1999/02/22-rdf-syntax-ns#type> <http://dbpedia.org/ontology/City> . ?subjOfProp <http://dbpedia.org/ontology/country> <http://dbpedia.org/resource/Andorra> . ?subjOfProp <http://dbpedia.org/ontology/populationTotal> ?num . } ORDER BY DESC(?num) LIMIT 1,http://dbpedia.org/resource/Andorra_la_Vella,Andorra la Vella,APP
1,Qual è la più popolosa della Angola?,SELECT DISTINCT ?subjOfProp WHERE { ?subjOfProp <http://www.w3.org/1999/02/22-rdf-syntax-ns#type> <http://dbpedia.org/ontology/City> . ?subjOfProp <http://dbpedia.org/ontology/country> <http://dbpedia.org/resource/Angola> . ?subjOfProp <http://dbpedia.org/ontology/populationTotal> ?num . } ORDER BY DESC(?num) LIMIT 1,http://dbpedia.org/resource/Luanda,Luanda,APP
2,Qual è la più popolosa della Afghanistan?,SELECT DISTINCT ?subjOfProp WHERE { ?subjOfProp <http://www.w3.org/1999/02/22-rdf-syntax-ns#type> <http://dbpedia.org/ontology/City> . ?subjOfProp <http://dbpedia.org/ontology/country> <http://dbpedia.org/resource/Afghanistan> . ?subjOfProp <http://dbpedia.org/ontology/populationTotal> ?num . } ORDER BY DESC(?num) LIMIT 1,http://dbpedia.org/resource/Kabul,Kabul,APP
3,Qual è la più popolosa della Azerbaigian?,SELECT DISTINCT ?subjOfProp WHERE { ?subjOfProp <http://www.w3.org/1999/02/22-rdf-syntax-ns#type> <http://dbpedia.org/ontology/City> . ?subjOfProp <http://dbpedia.org/ontology/country> <http://dbpedia.org/resource/Azerbaijan> . ?subjOfProp <http://dbpedia.org/ontology/populationTotal> ?num . } ORDER BY DESC(?num) LIMIT 1,http://dbpedia.org/resource/Baku,Baku,APP
4,Qual è la più popolosa della Antigua e Barbuda?,SELECT DISTINCT ?subjOfProp WHERE { ?subjOfProp <http://www.w3.org/1999/02/22-rdf-syntax-ns#type> <http://dbpedia.org/ontology/City> . ?subjOfProp <http://dbpedia.org/ontology/country> <http://dbpedia.org/resource/Antigua_and_Barbuda> . ?subjOfProp <http://dbpedia.org/ontology/populationTotal> ?num . } ORDER BY DESC(?num) LIMIT 1,http://dbpedia.org/resource/Bolands,,APP
5,Qual è la più popolosa della Belgio?,SELECT DISTINCT ?subjOfProp WHERE { ?subjOfProp <http://www.w3.org/1999/02/22-rdf-syntax-ns#type> <http://dbpedia.org/ontology/City> . ?subjOfProp <http://dbpedia.org/ontology/country> <http://dbpedia.org/resource/Belgium> . ?subjOfProp <http://dbpedia.org/ontology/populationTotal> ?num . } ORDER BY DESC(?num) LIMIT 1,http://dbpedia.org/resource/Louvain-la-Neuve,,APP
6,Qual è la più popolosa della Brasile?,SELECT DISTINCT ?subjOfProp WHERE { ?subjOfProp <http://www.w3.org/1999/02/22-rdf-syntax-ns#type> <http://dbpedia.org/ontology/City> . ?subjOfProp <http://dbpedia.org/ontology/country> <http://dbpedia.org/resource/Brazil> . ?subjOfProp <http://dbpedia.org/ontology/populationTotal> ?num . } ORDER BY DESC(?num) LIMIT 1,http://dbpedia.org/resource/Rio_de_Janeiro,Rio de Janeiro,APP
7,Qual è la più popolosa della Bulgaria?,SELECT DISTINCT ?subjOfProp WHERE { ?subjOfProp <http://www.w3.org/1999/02/22-rdf-syntax-ns#type> <http://dbpedia.org/ontology/City> . ?subjOfProp <http://dbpedia.org/ontology/country> <http://dbpedia.org/resource/Bulgaria> . ?subjOfProp <http://dbpedia.org/ontology/populationTotal> ?num . } ORDER BY DESC(?num) LIMIT 1,http://dbpedia.org/resource/Sofia,Sofia,APP
8,Qual è la più popolosa della Bahamas?,SELECT DISTINCT ?subjOfProp WHERE { ?subjOfProp <http://www.w3.org/1999/02/22-rdf-syntax-ns#type> <http://dbpedia.org/ontology/City> . ?subjOfProp <http://dbpedia.org/ontology/country> <http://dbpedia.org/resource/The_Bahamas> . ?subjOfProp <http://dbpedia.org/ontology/populationTotal> ?num . } ORDER BY DESC(?num) LIMIT 1,"http://dbpedia.org/resource/Nassau,_Bahamas",Nassau,APP
9,Qual è la più popolosa della Barbados?,SELECT DISTINCT ?subjOfProp WHERE { ?subjOfProp <http://www.w3.org/1999/02/22-rdf-syntax-ns#type> <http://dbpedia.org/ontology/City> . ?subjOfProp <http://dbpedia.org/ontology/country> <http://dbpedia.org/resource/Barbados> . ?subjOfProp <http://dbpedia.org/ontology/populationTotal> ?num . } ORDER BY DESC(?num) LIMIT 1,http://dbpedia.org/resource/Bridgetown,Bridgetown,APP
10,Qual è la più popolosa della Bangladesh?,SELECT DISTINCT ?subjOfProp WHERE { ?subjOfProp <http://www.w3.org/1999/02/22-rdf-syntax-ns#type> <http://dbpedia.org/ontology/City> . ?subjOfProp <http://dbpedia.org/ontology/country> <http://dbpedia.org/resource/Bangladesh> . ?subjOfProp <http://dbpedia.org/ontology/populationTotal> ?num . } ORDER BY DESC(?num) LIMIT 1,http://dbpedia.org/resource/Dhaka,Dacca,APP
11,Qual è la più popolosa della Bielorussia?,SELECT DISTINCT ?subjOfProp WHERE { ?subjOfProp <http://www.w3.org/1999/02/22-rdf-syntax-ns#type> <http://dbpedia.org/ontology/City> . ?subjOfProp <http://dbpedia.org/ontology/country> <http://dbpedia.org/resource/Belarus> . ?subjOfProp <http://dbpedia.org/ontology/populationTotal> ?num . } ORDER BY DESC(?num) LIMIT 1,http://dbpedia.org/resource/Mogilev,Mahilëŭ,APP
12,Qual è la più popolosa della Belize?,SELECT DISTINCT ?subjOfProp WHERE { ?subjOfProp <http://www.w3.org/1999/02/22-rdf-syntax-ns#type> <http://dbpedia.org/ontology/City> . ?subjOfProp <http://dbpedia.org/ontology/country> <http://dbpedia.org/resource/Belize> . ?subjOfProp <http://dbpedia.org/ontology/populationTotal> ?num . } ORDER BY DESC(?num) LIMIT 1,http://dbpedia.org/resource/Belize_City,Belize City,APP
13,Qual è la più popolosa della Repubblica del Benin 1967?,SELECT DISTINCT ?subjOfProp WHERE { ?subjOfProp <http://www.w3.org/1999/02/22-rdf-syntax-ns#type> <http://dbpedia.org/ontology/City> . ?subjOfProp <http://dbpedia.org/ontology/country> <http://dbpedia.org/resource/Benin> . ?subjOfProp <http://dbpedia.org/ontology/populationTotal> ?num . } ORDER BY DESC(?num) LIMIT 1,http://dbpedia.org/resource/Cotonou,Cotonou,APP
14,Qual è la più popolosa della Botswana?,SELECT DISTINCT ?subjOfProp WHERE { ?subjOfProp <http://www.w3.org/1999/02/22-rdf-syntax-ns#type> <http://dbpedia.org/ontology/City> . ?subjOfProp <http://dbpedia.org/ontology/country> <http://dbpedia.org/resource/Botswana> . ?subjOfProp <http://dbpedia.org/ontology/populationTotal> ?num . } ORDER BY DESC(?num) LIMIT 1,http://dbpedia.org/resource/Gaborone,Gaborone,APP
15,Qual è la più popolosa della Bolivia?,SELECT DISTINCT ?subjOfProp WHERE { ?subjOfProp <http://www.w3.org/1999/02/22-rdf-syntax-ns#type> <http://dbpedia.org/ontology/City> . ?subjOfProp <http://dbpedia.org/ontology/country> <http://dbpedia.org/resource/Bolivia> . ?subjOfProp <http://dbpedia.org/ontology/populationTotal> ?num . } ORDER BY DESC(?num) LIMIT 1,http://dbpedia.org/resource/La_Paz,La Paz,APP
16,Qual è la più popolosa della Burkina Faso?,SELECT DISTINCT ?subjOfProp WHERE { ?subjOfProp <http://www.w3.org/1999/02/22-rdf-syntax-ns#type> <http://dbpedia.org/ontology/City> . ?subjOfProp <http://dbpedia.org/ontology/country> <http://dbpedia.org/resource/Burkina_Faso> . ?subjOfProp <http://dbpedia.org/ontology/populationTotal> ?num . } ORDER BY DESC(?num) LIMIT 1,http://dbpedia.org/resource/Ouagadougou,Ouagadougou,APP
17,Qual è la più popolosa della Bosnia ed Erzegovina?,SELECT DISTINCT ?subjOfProp WHERE { ?subjOfProp <http://www.w3.org/1999/02/22-rdf-syntax-ns#type> <http://dbpedia.org/ontology/City> . ?subjOfProp <http://dbpedia.org/ontology/country> <http://dbpedia.org/resource/Bosnia_and_Herzegovina> . ?subjOfProp <http://dbpedia.org/ontology/populationTotal> ?num . } ORDER BY DESC(?num) LIMIT 1,http://dbpedia.org/resource/Sarajevo,Sarajevo,APP
18,Qual è la più popolosa della Repubblica della Nuova Granada?,SELECT DISTINCT ?subjOfProp WHERE { ?subjOfProp <http://www.w3.org/1999/02/22-rdf-syntax-ns#type> <http://dbpedia.org/ontology/City> . ?subjOfProp <http://dbpedia.org/ontology/country> <http://dbpedia.org/resource/Colombia> . ?subjOfProp <http://dbpedia.org/ontology/populationTotal> ?num . } ORDER BY DESC(?num) LIMIT 1,http://dbpedia.org/resource/Bogotá,Bogotà,APP
19,Qual è la più popolosa della Repubblica Ceca?,SELECT DISTINCT ?subjOfProp WHERE { ?subjOfProp <http://www.w3.org/1999/02/22-rdf-syntax-ns#type> <http://dbpedia.org/ontology/City> . ?subjOfProp <http://dbpedia.org/ontology/country> <http://dbpedia.org/resource/Czech_Republic> . ?subjOfProp <http://dbpedia.org/ontology/populationTotal> ?num . } ORDER BY DESC(?num) LIMIT 1,http://dbpedia.org/resource/Prague,Praga,APP
20,Qual è la più popolosa della Comore?,SELECT DISTINCT ?subjOfProp WHERE { ?subjOfProp <http://www.w3.org/1999/02/22-rdf-syntax-ns#type> <http://dbpedia.org/ontology/City> . ?subjOfProp <http://dbpedia.org/ontology/country> <http://dbpedia.org/resource/Comoros> . ?subjOfProp <http://dbpedia.org/ontology/populationTotal> ?num . } ORDER BY DESC(?num) LIMIT 1,"http://dbpedia.org/resource/Moroni,_Comoros",Moroni (Comore),APP
21,Qual è la più popolosa della China Nuevo León?,SELECT DISTINCT ?subjOfProp WHERE { ?subjOfProp <http://www.w3.org/1999/02/22-rdf-syntax-ns#type> <http://dbpedia.org/ontology/City> . ?subjOfProp <http://dbpedia.org/ontology/country> <http://dbpedia.org/resource/China> . ?subjOfProp <http://dbpedia.org/ontology/populationTotal> ?num . } ORDER BY DESC(?num) LIMIT 1,http://dbpedia.org/resource/Chongqing,Chongqing,APP
22,Qual è la più popolosa della Camerun?,SELECT DISTINCT ?subjOfProp WHERE { ?subjOfProp <http://www.w3.org/1999/02/22-rdf-syntax-ns#type> <http://dbpedia.org/ontology/City> . ?subjOfProp <http://dbpedia.org/ontology/country> <http://dbpedia.org/resource/Cameroon> . ?subjOfProp <http://dbpedia.org/ontology/populationTotal> ?num . } ORDER BY DESC(?num) LIMIT 1,http://dbpedia.org/resource/Douala,Douala,APP
23,Qual è la più popolosa della Repubblica Centrafricana?,SELECT DISTINCT ?subjOfProp WHERE { ?subjOfProp <http://www.w3.org/1999/02/22-rdf-syntax-ns#type> <http://dbpedia.org/ontology/City> . ?subjOfProp <http://dbpedia.org/ontology/country> <http://dbpedia.org/resource/Central_African_Republic> . ?subjOfProp <http://dbpedia.org/ontology/populationTotal> ?num . } ORDER BY DESC(?num) LIMIT 1,"http://dbpedia.org/resource/Carnot,_Central_African_Republic",Carnot (Repubblica Centrafricana),APP
24,Qual è la più popolosa della Ciad?,SELECT DISTINCT ?subjOfProp WHERE { ?subjOfProp <http://www.w3.org/1999/02/22-rdf-syntax-ns#type> <http://dbpedia.org/ontology/City> . ?subjOfProp <http://dbpedia.org/ontology/country> <http://dbpedia.org/resource/Chad> . ?subjOfProp <http://dbpedia.org/ontology/populationTotal> ?num . } ORDER BY DESC(?num) LIMIT 1,http://dbpedia.org/resource/Moundou,Moundou,APP
25,Qual è la più popolosa della Cile?,SELECT DISTINCT ?subjOfProp WHERE { ?subjOfProp <http://www.w3.org/1999/02/22-rdf-syntax-ns#type> <http://dbpedia.org/ontology/City> . ?subjOfProp <http://dbpedia.org/ontology/country> <http://dbpedia.org/resource/Chile> . ?subjOfProp <http://dbpedia.org/ontology/populationTotal> ?num . } ORDER BY DESC(?num) LIMIT 1,http://dbpedia.org/resource/Santiago,Santiago del Cile,APP
26,Qual è la più popolosa della Costa Rica?,SELECT DISTINCT ?subjOfProp WHERE { ?subjOfProp <http://www.w3.org/1999/02/22-rdf-syntax-ns#type> <http://dbpedia.org/ontology/City> . ?subjOfProp <http://dbpedia.org/ontology/country> <http://dbpedia.org/resource/Costa_Rica> . ?subjOfProp <http://dbpedia.org/ontology/populationTotal> ?num . } ORDER BY DESC(?num) LIMIT 1,"http://dbpedia.org/resource/San_José,_Costa_Rica",San José,APP
27,Qual è la più popolosa della Repubblica Socialista di Croazia?,SELECT DISTINCT ?subjOfProp WHERE { ?subjOfProp <http://www.w3.org/1999/02/22-rdf-syntax-ns#type> <http://dbpedia.org/ontology/City> . ?subjOfProp <http://dbpedia.org/ontology/country> <http://dbpedia.org/resource/Croatia> . ?subjOfProp <http://dbpedia.org/ontology/populationTotal> ?num . } ORDER BY DESC(?num) LIMIT 1,http://dbpedia.org/resource/Zagreb,Zagabria,APP
28,Qual è la più popolosa della Cipro isola?,SELECT DISTINCT ?subjOfProp WHERE { ?subjOfProp <http://www.w3.org/1999/02/22-rdf-syntax-ns#type> <http://dbpedia.org/ontology/City> . ?subjOfProp <http://dbpedia.org/ontology/country> <http://dbpedia.org/resource/Cyprus> . ?subjOfProp <http://dbpedia.org/ontology/populationTotal> ?num . } ORDER BY DESC(?num) LIMIT 1,http://dbpedia.org/resource/Limassol,Limassol,APP
29,Qual è la più popolosa della Isole Cook?,SELECT DISTINCT ?subjOfProp WHERE { ?subjOfProp <http://www.w3.org/1999/02/22-rdf-syntax-ns#type> <http://dbpedia.org/ontology/City> . ?subjOfProp <http://dbpedia.org/ontology/country> <http://dbpedia.org/resource/Cook_Islands> . ?subjOfProp <http://dbpedia.org/ontology/populationTotal> ?num . } ORDER BY DESC(?num) LIMIT 1,http://dbpedia.org/resource/Avarua,Avarua,APP
30,Qual è la più popolosa della Repubblica Dominicana?,SELECT DISTINCT ?subjOfProp WHERE { ?subjOfProp <http://www.w3.org/1999/02/22-rdf-syntax-ns#type> <http://dbpedia.org/ontology/City> . ?subjOfProp <http://dbpedia.org/ontology/country> <http://dbpedia.org/resource/Dominican_Republic> . ?subjOfProp <http://dbpedia.org/ontology/populationTotal> ?num . } ORDER BY DESC(?num) LIMIT 1,http://dbpedia.org/resource/Santiago_de_los_Caballeros,Santiago de los Caballeros,APP
31,Qual è la più popolosa della Inghilterra?,SELECT DISTINCT ?subjOfProp WHERE { ?subjOfProp <http://www.w3.org/1999/02/22-rdf-syntax-ns#type> <http://dbpedia.org/ontology/City> . ?subjOfProp <http://dbpedia.org/ontology/country> <http://dbpedia.org/resource/England> . ?subjOfProp <http://dbpedia.org/ontology/populationTotal> ?num . } ORDER BY DESC(?num) LIMIT 1,"http://dbpedia.org/resource/Preston,_Lancashire",Preston,APP
32,Qual è la più popolosa della Ecuador?,SELECT DISTINCT ?subjOfProp WHERE { ?subjOfProp <http://www.w3.org/1999/02/22-rdf-syntax-ns#type> <http://dbpedia.org/ontology/City> . ?subjOfProp <http://dbpedia.org/ontology/country> <http://dbpedia.org/resource/Ecuador> . ?subjOfProp <http://dbpedia.org/ontology/populationTotal> ?num . } ORDER BY DESC(?num) LIMIT 1,http://dbpedia.org/resource/Guayaquil,Guayaquil,APP
33,Qual è la più popolosa della El Salvador?,SELECT DISTINCT ?subjOfProp WHERE { ?subjOfProp <http://www.w3.org/1999/02/22-rdf-syntax-ns#type> <http://dbpedia.org/ontology/City> . ?subjOfProp <http://dbpedia.org/ontology/country> <http://dbpedia.org/resource/El_Salvador> . ?subjOfProp <http://dbpedia.org/ontology/populationTotal> ?num . } ORDER BY DESC(?num) LIMIT 1,http://dbpedia.org/resource/San_Salvador,San Salvador,APP
34,Qual è la più popolosa della Guinea Equatoriale?,SELECT DISTINCT ?subjOfProp WHERE { ?subjOfProp <http://www.w3.org/1999/02/22-rdf-syntax-ns#type> <http://dbpedia.org/ontology/City> . ?subjOfProp <http://dbpedia.org/ontology/country> <http://dbpedia.org/resource/Equatorial_Guinea> . ?subjOfProp <http://dbpedia.org/ontology/populationTotal> ?num . } ORDER BY DESC(?num) LIMIT 1,"http://dbpedia.org/resource/Bata,_Equatorial_Guinea",Bata (Guinea Equatoriale),APP
35,Qual è la più popolosa della Finlandia?,SELECT DISTINCT ?subjOfProp WHERE { ?subjOfProp <http://www.w3.org/1999/02/22-rdf-syntax-ns#type> <http://dbpedia.org/ontology/City> . ?subjOfProp <http://dbpedia.org/ontology/country> <http://dbpedia.org/resource/Finland> . ?subjOfProp <http://dbpedia.org/ontology/populationTotal> ?num . } ORDER BY DESC(?num) LIMIT 1,http://dbpedia.org/resource/Nastola,Nastola,APP
36,Qual è la più popolosa della Figi?,SELECT DISTINCT ?subjOfProp WHERE { ?subjOfProp <http://www.w3.org/1999/02/22-rdf-syntax-ns#type> <http://dbpedia.org/ontology/City> . ?subjOfProp <http://dbpedia.org/ontology/country> <http://dbpedia.org/resource/Fiji> . ?subjOfProp <http://dbpedia.org/ontology/populationTotal> ?num . } ORDER BY DESC(?num) LIMIT 1,http://dbpedia.org/resource/Suva,Suva,APP
37,Qual è la più popolosa della Germania?,SELECT DISTINCT ?subjOfProp WHERE { ?subjOfProp <http://www.w3.org/1999/02/22-rdf-syntax-ns#type> <http://dbpedia.org/ontology/City> . ?subjOfProp <http://dbpedia.org/ontology/country> <http://dbpedia.org/resource/Germany> . ?subjOfProp <http://dbpedia.org/ontology/populationTotal> ?num . } ORDER BY DESC(?num) LIMIT 1,http://dbpedia.org/resource/Berlin,Berlino,APP
38,Qual è la più popolosa della Gabon?,SELECT DISTINCT ?subjOfProp WHERE { ?subjOfProp <http://www.w3.org/1999/02/22-rdf-syntax-ns#type> <http://dbpedia.org/ontology/City> . ?subjOfProp <http://dbpedia.org/ontology/country> <http://dbpedia.org/resource/Gabon> . ?subjOfProp <http://dbpedia.org/ontology/populationTotal> ?num . } ORDER BY DESC(?num) LIMIT 1,http://dbpedia.org/resource/Port-Gentil,Port-Gentil,APP
39,Qual è la più popolosa della Ghana?,SELECT DISTINCT ?subjOfProp WHERE { ?subjOfProp <http://www.w3.org/1999/02/22-rdf-syntax-ns#type> <http://dbpedia.org/ontology/City> . ?subjOfProp <http://dbpedia.org/ontology/country> <http://dbpedia.org/resource/Ghana> . ?subjOfProp <http://dbpedia.org/ontology/populationTotal> ?num . } ORDER BY DESC(?num) LIMIT 1,http://dbpedia.org/resource/Accra,Accra,APP
40,Qual è la più popolosa della Grecia?,SELECT DISTINCT ?subjOfProp WHERE { ?subjOfProp <http://www.w3.org/1999/02/22-rdf-syntax-ns#type> <http://dbpedia.org/ontology/City> . ?subjOfProp <http://dbpedia.org/ontology/country> <http://dbpedia.org/resource/Greece> . ?subjOfProp <http://dbpedia.org/ontology/populationTotal> ?num . } ORDER BY DESC(?num) LIMIT 1,http://dbpedia.org/resource/Athens,Atene,APP
41,Qual è la più popolosa della Guinea?,SELECT DISTINCT ?subjOfProp WHERE { ?subjOfProp <http://www.w3.org/1999/02/22-rdf-syntax-ns#type> <http://dbpedia.org/ontology/City> . ?subjOfProp <http://dbpedia.org/ontology/country> <http://dbpedia.org/resource/Guinea> . ?subjOfProp <http://dbpedia.org/ontology/populationTotal> ?num . } ORDER BY DESC(?num) LIMIT 1,http://dbpedia.org/resource/Nzérékoré,Nzérékoré,APP
42,Qual è la più popolosa della Guinea-Bissau?,SELECT DISTINCT ?subjOfProp WHERE { ?subjOfProp <http://www.w3.org/1999/02/22-rdf-syntax-ns#type> <http://dbpedia.org/ontology/City> . ?subjOfProp <http://dbpedia.org/ontology/country> <http://dbpedia.org/resource/Guinea-Bissau> . ?subjOfProp <http://dbpedia.org/ontology/populationTotal> ?num . } ORDER BY DESC(?num) LIMIT 1,http://dbpedia.org/resource/Bissau,Bissau,APP
43,Qual è la più popolosa della Ungheria?,SELECT DISTINCT ?subjOfProp WHERE { ?subjOfProp <http://www.w3.org/1999/02/22-rdf-syntax-ns#type> <http://dbpedia.org/ontology/City> . ?subjOfProp <http://dbpedia.org/ontology/country> <http://dbpedia.org/resource/Hungary> . ?subjOfProp <http://dbpedia.org/ontology/populationTotal> ?num . } ORDER BY DESC(?num) LIMIT 1,http://dbpedia.org/resource/Budapest,Budapest,APP
44,Qual è la più popolosa della Haiti?,SELECT DISTINCT ?subjOfProp WHERE { ?subjOfProp <http://www.w3.org/1999/02/22-rdf-syntax-ns#type> <http://dbpedia.org/ontology/City> . ?subjOfProp <http://dbpedia.org/ontology/country> <http://dbpedia.org/resource/Haiti> . ?subjOfProp <http://dbpedia.org/ontology/populationTotal> ?num . } ORDER BY DESC(?num) LIMIT 1,http://dbpedia.org/resource/Port-au-Prince,Port-au-Prince,APP
45,Qual è la più popolosa della Honduras?,SELECT DISTINCT ?subjOfProp WHERE { ?subjOfProp <http://www.w3.org/1999/02/22-rdf-syntax-ns#type> <http://dbpedia.org/ontology/City> . ?subjOfProp <http://dbpedia.org/ontology/country> <http://dbpedia.org/resource/Honduras> . ?subjOfProp <http://dbpedia.org/ontology/populationTotal> ?num . } ORDER BY DESC(?num) LIMIT 1,http://dbpedia.org/resource/Tegucigalpa,Tegucigalpa,APP
46,Qual è la più popolosa della Hong Kong?,SELECT DISTINCT ?subjOfProp WHERE { ?subjOfProp <http://www.w3.org/1999/02/22-rdf-syntax-ns#type> <http://dbpedia.org/ontology/City> . ?subjOfProp <http://dbpedia.org/ontology/country> <http://dbpedia.org/resource/Hong_Kong> . ?subjOfProp <http://dbpedia.org/ontology/populationTotal> ?num . } ORDER BY DESC(?num) LIMIT 1,http://dbpedia.org/resource/Tsuen_Wan,,APP
47,Qual è la più popolosa della Island Francia?,SELECT DISTINCT ?subjOfProp WHERE { ?subjOfProp <http://www.w3.org/1999/02/22-rdf-syntax-ns#type> <http://dbpedia.org/ontology/City> . ?subjOfProp <http://dbpedia.org/ontology/country> <http://dbpedia.org/resource/Iceland> . ?subjOfProp <http://dbpedia.org/ontology/populationTotal> ?num . } ORDER BY DESC(?num) LIMIT 1,http://dbpedia.org/resource/Reykjavík,Reykjavík,APP
48,Qual è la più popolosa della Italia?,SELECT DISTINCT ?subjOfProp WHERE { ?subjOfProp <http://www.w3.org/1999/02/22-rdf-syntax-ns#type> <http://dbpedia.org/ontology/City> . ?subjOfProp <http://dbpedia.org/ontology/country> <http://dbpedia.org/resource/Italy> . ?subjOfProp <http://dbpedia.org/ontology/populationTotal> ?num . } ORDER BY DESC(?num) LIMIT 1,http://dbpedia.org/resource/Metropolitan_City_of_Rome_Capital,,APP
49,Qual è la più popolosa della India?,SELECT DISTINCT ?subjOfProp WHERE { ?subjOfProp <http://www.w3.org/1999/02/22-rdf-syntax-ns#type> <http://dbpedia.org/ontology/City> . ?subjOfProp <http://dbpedia.org/ontology/country> <http://dbpedia.org/resource/India> . ?subjOfProp <http://dbpedia.org/ontology/populationTotal> ?num . } ORDER BY DESC(?num) LIMIT 1,http://dbpedia.org/resource/Malpura,Malpura,APP
50,Qual è la più popolosa della Indonesia?,SELECT DISTINCT ?subjOfProp WHERE { ?subjOfProp <http://www.w3.org/1999/02/22-rdf-syntax-ns#type> <http://dbpedia.org/ontology/City> . ?subjOfProp <http://dbpedia.org/ontology/country> <http://dbpedia.org/resource/Indonesia> . ?subjOfProp <http://dbpedia.org/ontology/populationTotal> ?num . } ORDER BY DESC(?num) LIMIT 1,http://dbpedia.org/resource/East_Jakarta,Giacarta Orientale,APP
51,Qual è la più popolosa della Irlanda?,SELECT DISTINCT ?subjOfProp WHERE { ?subjOfProp <http://www.w3.org/1999/02/22-rdf-syntax-ns#type> <http://dbpedia.org/ontology/City> . ?subjOfProp <http://dbpedia.org/ontology/country> <http://dbpedia.org/resource/Republic_of_Ireland> . ?subjOfProp <http://dbpedia.org/ontology/populationTotal> ?num . } ORDER BY DESC(?num) LIMIT 1,http://dbpedia.org/resource/Dublin,Dublino,APP
52,Qual è la più popolosa della Iran?,SELECT DISTINCT ?subjOfProp WHERE { ?subjOfProp <http://www.w3.org/1999/02/22-rdf-syntax-ns#type> <http://dbpedia.org/ontology/City> . ?subjOfProp <http://dbpedia.org/ontology/country> <http://dbpedia.org/resource/Iran> . ?subjOfProp <http://dbpedia.org/ontology/populationTotal> ?num . } ORDER BY DESC(?num) LIMIT 1,http://dbpedia.org/resource/Ardabil,Ardabil,APP
53,Qual è la più popolosa della Giappone?,SELECT DISTINCT ?subjOfProp WHERE { ?subjOfProp <http://www.w3.org/1999/02/22-rdf-syntax-ns#type> <http://dbpedia.org/ontology/City> . ?subjOfProp <http://dbpedia.org/ontology/country> <http://dbpedia.org/resource/Japan> . ?subjOfProp <http://dbpedia.org/ontology/populationTotal> ?num . } ORDER BY DESC(?num) LIMIT 1,http://dbpedia.org/resource/Tokyo,Tokyo,APP
54,Qual è la più popolosa della Giamaica?,SELECT DISTINCT ?subjOfProp WHERE { ?subjOfProp <http://www.w3.org/1999/02/22-rdf-syntax-ns#type> <http://dbpedia.org/ontology/City> . ?subjOfProp <http://dbpedia.org/ontology/country> <http://dbpedia.org/resource/Jamaica> . ?subjOfProp <http://dbpedia.org/ontology/populationTotal> ?num . } ORDER BY DESC(?num) LIMIT 1,"http://dbpedia.org/resource/Kingston,_Jamaica",Parrocchia di Kingston,APP
55,Qual è la più popolosa della Kazakistan?,SELECT DISTINCT ?subjOfProp WHERE { ?subjOfProp <http://www.w3.org/1999/02/22-rdf-syntax-ns#type> <http://dbpedia.org/ontology/City> . ?subjOfProp <http://dbpedia.org/ontology/country> <http://dbpedia.org/resource/Kazakhstan> . ?subjOfProp <http://dbpedia.org/ontology/populationTotal> ?num . } ORDER BY DESC(?num) LIMIT 1,http://dbpedia.org/resource/Almaty,Almaty,APP
56,Qual è la più popolosa della Luxemburg Wisconsin?,SELECT DISTINCT ?subjOfProp WHERE { ?subjOfProp <http://www.w3.org/1999/02/22-rdf-syntax-ns#type> <http://dbpedia.org/ontology/City> . ?subjOfProp <http://dbpedia.org/ontology/country> <http://dbpedia.org/resource/Luxembourg> . ?subjOfProp <http://dbpedia.org/ontology/populationTotal> ?num . } ORDER BY DESC(?num) LIMIT 1,http://dbpedia.org/resource/Luxembourg_City,Lussemburgo (città),APP
57,Qual è la più popolosa della Lettonia?,SELECT DISTINCT ?subjOfProp WHERE { ?subjOfProp <http://www.w3.org/1999/02/22-rdf-syntax-ns#type> <http://dbpedia.org/ontology/City> . ?subjOfProp <http://dbpedia.org/ontology/country> <http://dbpedia.org/resource/Latvia> . ?subjOfProp <http://dbpedia.org/ontology/populationTotal> ?num . } ORDER BY DESC(?num) LIMIT 1,"http://dbpedia.org/resource/Northern_District,_Riga",,APP
58,Qual è la più popolosa della Libia?,SELECT DISTINCT ?subjOfProp WHERE { ?subjOfProp <http://www.w3.org/1999/02/22-rdf-syntax-ns#type> <http://dbpedia.org/ontology/City> . ?subjOfProp <http://dbpedia.org/ontology/country> <http://dbpedia.org/resource/Libya> . ?subjOfProp <http://dbpedia.org/ontology/populationTotal> ?num . } ORDER BY DESC(?num) LIMIT 1,http://dbpedia.org/resource/Tripoli,Tripoli,APP
59,Qual è la più popolosa della Repubblica Socialista Sovietica Lituano-Bielorussa?,SELECT DISTINCT ?subjOfProp WHERE { ?subjOfProp <http://www.w3.org/1999/02/22-rdf-syntax-ns#type> <http://dbpedia.org/ontology/City> . ?subjOfProp <http://dbpedia.org/ontology/country> <http://dbpedia.org/resource/Lithuania> . ?subjOfProp <http://dbpedia.org/ontology/populationTotal> ?num . } ORDER BY DESC(?num) LIMIT 1,http://dbpedia.org/resource/Vilnius,Vilnius,APP
60,Qual è la più popolosa della Laos?,SELECT DISTINCT ?subjOfProp WHERE { ?subjOfProp <http://www.w3.org/1999/02/22-rdf-syntax-ns#type> <http://dbpedia.org/ontology/City> . ?subjOfProp <http://dbpedia.org/ontology/country> <http://dbpedia.org/resource/Laos> . ?subjOfProp <http://dbpedia.org/ontology/populationTotal> ?num . } ORDER BY DESC(?num) LIMIT 1,http://dbpedia.org/resource/Vientiane,Vientiane,APP
61,Qual è la più popolosa della Libano?,SELECT DISTINCT ?subjOfProp WHERE { ?subjOfProp <http://www.w3.org/1999/02/22-rdf-syntax-ns#type> <http://dbpedia.org/ontology/City> . ?subjOfProp <http://dbpedia.org/ontology/country> <http://dbpedia.org/resource/Lebanon> . ?subjOfProp <http://dbpedia.org/ontology/populationTotal> ?num . } ORDER BY DESC(?num) LIMIT 1,"http://dbpedia.org/resource/El_Mina,_Lebanon",,APP
62,Qual è la più popolosa della Lesotho?,SELECT DISTINCT ?subjOfProp WHERE { ?subjOfProp <http://www.w3.org/1999/02/22-rdf-syntax-ns#type> <http://dbpedia.org/ontology/City> . ?subjOfProp <http://dbpedia.org/ontology/country> <http://dbpedia.org/resource/Lesotho> . ?subjOfProp <http://dbpedia.org/ontology/populationTotal> ?num . } ORDER BY DESC(?num) LIMIT 1,http://dbpedia.org/resource/Mafeteng,Mafeteng,APP
63,Qual è la più popolosa della Liberia Costa Rica?,SELECT DISTINCT ?subjOfProp WHERE { ?subjOfProp <http://www.w3.org/1999/02/22-rdf-syntax-ns#type> <http://dbpedia.org/ontology/City> . ?subjOfProp <http://dbpedia.org/ontology/country> <http://dbpedia.org/resource/Liberia> . ?subjOfProp <http://dbpedia.org/ontology/populationTotal> ?num . } ORDER BY DESC(?num) LIMIT 1,"http://dbpedia.org/resource/Buchanan,_Liberia",Buchanan (Liberia),APP
64,Qual è la più popolosa della Madagascar?,SELECT DISTINCT ?subjOfProp WHERE { ?subjOfProp <http://www.w3.org/1999/02/22-rdf-syntax-ns#type> <http://dbpedia.org/ontology/City> . ?subjOfProp <http://dbpedia.org/ontology/country> <http://dbpedia.org/resource/Madagascar> . ?subjOfProp <http://dbpedia.org/ontology/populationTotal> ?num . } ORDER BY DESC(?num) LIMIT 1,http://dbpedia.org/resource/Antananarivo,Antananarivo,APP
65,Qual è la più popolosa della Malawi?,SELECT DISTINCT ?subjOfProp WHERE { ?subjOfProp <http://www.w3.org/1999/02/22-rdf-syntax-ns#type> <http://dbpedia.org/ontology/City> . ?subjOfProp <http://dbpedia.org/ontology/country> <http://dbpedia.org/resource/Malawi> . ?subjOfProp <http://dbpedia.org/ontology/populationTotal> ?num . } ORDER BY DESC(?num) LIMIT 1,http://dbpedia.org/resource/Lilongwe,Lilongwe,APP
66,Qual è la più popolosa della Maldive?,SELECT DISTINCT ?subjOfProp WHERE { ?subjOfProp <http://www.w3.org/1999/02/22-rdf-syntax-ns#type> <http://dbpedia.org/ontology/City> . ?subjOfProp <http://dbpedia.org/ontology/country> <http://dbpedia.org/resource/Maldives> . ?subjOfProp <http://dbpedia.org/ontology/populationTotal> ?num . } ORDER BY DESC(?num) LIMIT 1,http://dbpedia.org/resource/Addu_City,,APP
67,Qual è la più popolosa della Sudan francese?,SELECT DISTINCT ?subjOfProp WHERE { ?subjOfProp <http://www.w3.org/1999/02/22-rdf-syntax-ns#type> <http://dbpedia.org/ontology/City> . ?subjOfProp <http://dbpedia.org/ontology/country> <http://dbpedia.org/resource/Mali> . ?subjOfProp <http://dbpedia.org/ontology/populationTotal> ?num . } ORDER BY DESC(?num) LIMIT 1,http://dbpedia.org/resource/Bamako,Bamako,APP
68,Qual è la più popolosa della Isole Marshall?,SELECT DISTINCT ?subjOfProp WHERE { ?subjOfProp <http://www.w3.org/1999/02/22-rdf-syntax-ns#type> <http://dbpedia.org/ontology/City> . ?subjOfProp <http://dbpedia.org/ontology/country> <http://dbpedia.org/resource/Marshall_Islands> . ?subjOfProp <http://dbpedia.org/ontology/populationTotal> ?num . } ORDER BY DESC(?num) LIMIT 1,http://dbpedia.org/resource/Majuro,Majuro,APP
69,Qual è la più popolosa della Mauritius?,SELECT DISTINCT ?subjOfProp WHERE { ?subjOfProp <http://www.w3.org/1999/02/22-rdf-syntax-ns#type> <http://dbpedia.org/ontology/City> . ?subjOfProp <http://dbpedia.org/ontology/country> <http://dbpedia.org/resource/Mauritius> . ?subjOfProp <http://dbpedia.org/ontology/populationTotal> ?num . } ORDER BY DESC(?num) LIMIT 1,http://dbpedia.org/resource/Port_Louis,Port Louis,APP
70,Qual è la più popolosa della Principato di Monaco?,SELECT DISTINCT ?subjOfProp WHERE { ?subjOfProp <http://www.w3.org/1999/02/22-rdf-syntax-ns#type> <http://dbpedia.org/ontology/City> . ?subjOfProp <http://dbpedia.org/ontology/country> <http://dbpedia.org/resource/Monaco> . ?subjOfProp <http://dbpedia.org/ontology/populationTotal> ?num . } ORDER BY DESC(?num) LIMIT 1,http://dbpedia.org/resource/Monte_Carlo,Monte Carlo (San Marino),APP
71,Qual è la più popolosa della Moldavia?,SELECT DISTINCT ?subjOfProp WHERE { ?subjOfProp <http://www.w3.org/1999/02/22-rdf-syntax-ns#type> <http://dbpedia.org/ontology/City> . ?subjOfProp <http://dbpedia.org/ontology/country> <http://dbpedia.org/resource/Moldova> . ?subjOfProp <http://dbpedia.org/ontology/populationTotal> ?num . } ORDER BY DESC(?num) LIMIT 1,http://dbpedia.org/resource/Chișinău,Chișinău,APP
72,Qual è la più popolosa della Repubblica Popolare Mongola?,SELECT DISTINCT ?subjOfProp WHERE { ?subjOfProp <http://www.w3.org/1999/02/22-rdf-syntax-ns#type> <http://dbpedia.org/ontology/City> . ?subjOfProp <http://dbpedia.org/ontology/country> <http://dbpedia.org/resource/Mongolia> . ?subjOfProp <http://dbpedia.org/ontology/populationTotal> ?num . } ORDER BY DESC(?num) LIMIT 1,http://dbpedia.org/resource/Erdenet,Erdenet,APP
73,Qual è la più popolosa della Marocco?,SELECT DISTINCT ?subjOfProp WHERE { ?subjOfProp <http://www.w3.org/1999/02/22-rdf-syntax-ns#type> <http://dbpedia.org/ontology/City> . ?subjOfProp <http://dbpedia.org/ontology/country> <http://dbpedia.org/resource/Morocco> . ?subjOfProp <http://dbpedia.org/ontology/populationTotal> ?num . } ORDER BY DESC(?num) LIMIT 1,http://dbpedia.org/resource/Casablanca,Casablanca,APP
74,Qual è la più popolosa della Repubblica Popolare del Mozambico?,SELECT DISTINCT ?subjOfProp WHERE { ?subjOfProp <http://www.w3.org/1999/02/22-rdf-syntax-ns#type> <http://dbpedia.org/ontology/City> . ?subjOfProp <http://dbpedia.org/ontology/country> <http://dbpedia.org/resource/Mozambique> . ?subjOfProp <http://dbpedia.org/ontology/populationTotal> ?num . } ORDER BY DESC(?num) LIMIT 1,http://dbpedia.org/resource/Maputo,Maputo,APP
75,Qual è la più popolosa della Regno dei Paesi Bassi?,SELECT DISTINCT ?subjOfProp WHERE { ?subjOfProp <http://www.w3.org/1999/02/22-rdf-syntax-ns#type> <http://dbpedia.org/ontology/City> . ?subjOfProp <http://dbpedia.org/ontology/country> <http://dbpedia.org/resource/Netherlands> . ?subjOfProp <http://dbpedia.org/ontology/populationTotal> ?num . } ORDER BY DESC(?num) LIMIT 1,http://dbpedia.org/resource/Amsterdam,Amsterdam,APP
76,Qual è la più popolosa della Corea?,SELECT DISTINCT ?subjOfProp WHERE { ?subjOfProp <http://www.w3.org/1999/02/22-rdf-syntax-ns#type> <http://dbpedia.org/ontology/City> . ?subjOfProp <http://dbpedia.org/ontology/country> <http://dbpedia.org/resource/North_Korea> . ?subjOfProp <http://dbpedia.org/ontology/populationTotal> ?num . } ORDER BY DESC(?num) LIMIT 1,http://dbpedia.org/resource/Pyongyang,Pyongyang,APP
77,Qual è la più popolosa della Irlanda del Nord?,SELECT DISTINCT ?subjOfProp WHERE { ?subjOfProp <http://www.w3.org/1999/02/22-rdf-syntax-ns#type> <http://dbpedia.org/ontology/City> . ?subjOfProp <http://dbpedia.org/ontology/country> <http://dbpedia.org/resource/Northern_Ireland> . ?subjOfProp <http://dbpedia.org/ontology/populationTotal> ?num . } ORDER BY DESC(?num) LIMIT 1,http://dbpedia.org/resource/Lisburn,Lisburn,APP
78,Qual è la più popolosa della Namibia?,SELECT DISTINCT ?subjOfProp WHERE { ?subjOfProp <http://www.w3.org/1999/02/22-rdf-syntax-ns#type> <http://dbpedia.org/ontology/City> . ?subjOfProp <http://dbpedia.org/ontology/country> <http://dbpedia.org/resource/Namibia> . ?subjOfProp <http://dbpedia.org/ontology/populationTotal> ?num . } ORDER BY DESC(?num) LIMIT 1,http://dbpedia.org/resource/Walvis_Bay,,APP
79,Qual è la più popolosa della Nicaragua?,SELECT DISTINCT ?subjOfProp WHERE { ?subjOfProp <http://www.w3.org/1999/02/22-rdf-syntax-ns#type> <http://dbpedia.org/ontology/City> . ?subjOfProp <http://dbpedia.org/ontology/country> <http://dbpedia.org/resource/Nicaragua> . ?subjOfProp <http://dbpedia.org/ontology/populationTotal> ?num . } ORDER BY DESC(?num) LIMIT 1,http://dbpedia.org/resource/Managua,Managua,APP
80,Qual è la più popolosa della Niger?,SELECT DISTINCT ?subjOfProp WHERE { ?subjOfProp <http://www.w3.org/1999/02/22-rdf-syntax-ns#type> <http://dbpedia.org/ontology/City> . ?subjOfProp <http://dbpedia.org/ontology/country> <http://dbpedia.org/resource/Niger> . ?subjOfProp <http://dbpedia.org/ontology/populationTotal> ?num . } ORDER BY DESC(?num) LIMIT 1,"http://dbpedia.org/resource/Maradi,_Niger",Maradi,APP
81,Qual è la più popolosa della Nigeria?,SELECT DISTINCT ?subjOfProp WHERE { ?subjOfProp <http://www.w3.org/1999/02/22-rdf-syntax-ns#type> <http://dbpedia.org/ontology/City> . ?subjOfProp <http://dbpedia.org/ontology/country> <http://dbpedia.org/resource/Nigeria> . ?subjOfProp <http://dbpedia.org/ontology/populationTotal> ?num . } ORDER BY DESC(?num) LIMIT 1,http://dbpedia.org/resource/Lagos,Lagos,APP
82,Qual è la più popolosa della Oman?,SELECT DISTINCT ?subjOfProp WHERE { ?subjOfProp <http://www.w3.org/1999/02/22-rdf-syntax-ns#type> <http://dbpedia.org/ontology/City> . ?subjOfProp <http://dbpedia.org/ontology/country> <http://dbpedia.org/resource/Oman> . ?subjOfProp <http://dbpedia.org/ontology/populationTotal> ?num . } ORDER BY DESC(?num) LIMIT 1,http://dbpedia.org/resource/Seeb,Seeb,APP
83,Qual è la più popolosa della Papua Nuova Guinea?,SELECT DISTINCT ?subjOfProp WHERE { ?subjOfProp <http://www.w3.org/1999/02/22-rdf-syntax-ns#type> <http://dbpedia.org/ontology/City> . ?subjOfProp <http://dbpedia.org/ontology/country> <http://dbpedia.org/resource/Papua_New_Guinea> . ?subjOfProp <http://dbpedia.org/ontology/populationTotal> ?num . } ORDER BY DESC(?num) LIMIT 1,http://dbpedia.org/resource/Port_Moresby,Port Moresby,APP
84,Qual è la più popolosa della Repubblica Popolare di Polonia?,SELECT DISTINCT ?subjOfProp WHERE { ?subjOfProp <http://www.w3.org/1999/02/22-rdf-syntax-ns#type> <http://dbpedia.org/ontology/City> . ?subjOfProp <http://dbpedia.org/ontology/country> <http://dbpedia.org/resource/Poland> . ?subjOfProp <http://dbpedia.org/ontology/populationTotal> ?num . } ORDER BY DESC(?num) LIMIT 1,http://dbpedia.org/resource/Warsaw,Varsavia,APP
85,Qual è la più popolosa della Panama?,SELECT DISTINCT ?subjOfProp WHERE { ?subjOfProp <http://www.w3.org/1999/02/22-rdf-syntax-ns#type> <http://dbpedia.org/ontology/City> . ?subjOfProp <http://dbpedia.org/ontology/country> <http://dbpedia.org/resource/Panama> . ?subjOfProp <http://dbpedia.org/ontology/populationTotal> ?num . } ORDER BY DESC(?num) LIMIT 1,http://dbpedia.org/resource/Panama_City,Panama (città),APP
86,Qual è la più popolosa della Porto Rico?,SELECT DISTINCT ?subjOfProp WHERE { ?subjOfProp <http://www.w3.org/1999/02/22-rdf-syntax-ns#type> <http://dbpedia.org/ontology/City> . ?subjOfProp <http://dbpedia.org/ontology/country> <http://dbpedia.org/resource/Puerto_Rico> . ?subjOfProp <http://dbpedia.org/ontology/populationTotal> ?num . } ORDER BY DESC(?num) LIMIT 1,"http://dbpedia.org/resource/Ponce,_Puerto_Rico",Ponce (Porto Rico),APP
87,Qual è la più popolosa della Portogallo?,SELECT DISTINCT ?subjOfProp WHERE { ?subjOfProp <http://www.w3.org/1999/02/22-rdf-syntax-ns#type> <http://dbpedia.org/ontology/City> . ?subjOfProp <http://dbpedia.org/ontology/country> <http://dbpedia.org/resource/Portugal> . ?subjOfProp <http://dbpedia.org/ontology/populationTotal> ?num . } ORDER BY DESC(?num) LIMIT 1,http://dbpedia.org/resource/Setúbal_District,Distretto di Setúbal,APP
88,Qual è la più popolosa della Pakistan?,SELECT DISTINCT ?subjOfProp WHERE { ?subjOfProp <http://www.w3.org/1999/02/22-rdf-syntax-ns#type> <http://dbpedia.org/ontology/City> . ?subjOfProp <http://dbpedia.org/ontology/country> <http://dbpedia.org/resource/Pakistan> . ?subjOfProp <http://dbpedia.org/ontology/populationTotal> ?num . } ORDER BY DESC(?num) LIMIT 1,http://dbpedia.org/resource/Karachi,Karachi,APP
89,Qual è la più popolosa della Palau stato?,SELECT DISTINCT ?subjOfProp WHERE { ?subjOfProp <http://www.w3.org/1999/02/22-rdf-syntax-ns#type> <http://dbpedia.org/ontology/City> . ?subjOfProp <http://dbpedia.org/ontology/country> <http://dbpedia.org/resource/Palau> . ?subjOfProp <http://dbpedia.org/ontology/populationTotal> ?num . } ORDER BY DESC(?num) LIMIT 1,http://dbpedia.org/resource/Koror,Koror,APP
90,Qual è la più popolosa della Asuncion Davao del Norte?,SELECT DISTINCT ?subjOfProp WHERE { ?subjOfProp <http://www.w3.org/1999/02/22-rdf-syntax-ns#type> <http://dbpedia.org/ontology/City> . ?subjOfProp <http://dbpedia.org/ontology/country> <http://dbpedia.org/resource/Paraguay> . ?subjOfProp <http://dbpedia.org/ontology/populationTotal> ?num . } ORDER BY DESC(?num) LIMIT 1,http://dbpedia.org/resource/Asunción,Asuncion (Davao del Norte),APP
91,Qual è la più popolosa della Filippine?,SELECT DISTINCT ?subjOfProp WHERE { ?subjOfProp <http://www.w3.org/1999/02/22-rdf-syntax-ns#type> <http://dbpedia.org/ontology/City> . ?subjOfProp <http://dbpedia.org/ontology/country> <http://dbpedia.org/resource/Philippines> . ?subjOfProp <http://dbpedia.org/ontology/populationTotal> ?num . } ORDER BY DESC(?num) LIMIT 1,"http://dbpedia.org/resource/Sampaloc,_Manila",Sampaloc (Manila),APP
92,Qual è la più popolosa della Repubblica Socialista Federativa Sovietica Russa?,SELECT DISTINCT ?subjOfProp WHERE { ?subjOfProp <http://www.w3.org/1999/02/22-rdf-syntax-ns#type> <http://dbpedia.org/ontology/City> . ?subjOfProp <http://dbpedia.org/ontology/country> <http://dbpedia.org/resource/Russia> . ?subjOfProp <http://dbpedia.org/ontology/populationTotal> ?num . } ORDER BY DESC(?num) LIMIT 1,http://dbpedia.org/resource/Moscow,Mosca (Russia),APP
93,Qual è la più popolosa della Romania?,SELECT DISTINCT ?subjOfProp WHERE { ?subjOfProp <http://www.w3.org/1999/02/22-rdf-syntax-ns#type> <http://dbpedia.org/ontology/City> . ?subjOfProp <http://dbpedia.org/ontology/country> <http://dbpedia.org/resource/Romania> . ?subjOfProp <http://dbpedia.org/ontology/populationTotal> ?num . } ORDER BY DESC(?num) LIMIT 1,http://dbpedia.org/resource/Bucharest,Bucarest,APP
94,Qual è la più popolosa della Ruanda?,SELECT DISTINCT ?subjOfProp WHERE { ?subjOfProp <http://www.w3.org/1999/02/22-rdf-syntax-ns#type> <http://dbpedia.org/ontology/City> . ?subjOfProp <http://dbpedia.org/ontology/country> <http://dbpedia.org/resource/Rwanda> . ?subjOfProp <http://dbpedia.org/ontology/populationTotal> ?num . } ORDER BY DESC(?num) LIMIT 1,http://dbpedia.org/resource/Kigali,Kigali,APP
95,Qual è la più popolosa della Isola di Formosa?,SELECT DISTINCT ?subjOfProp WHERE { ?subjOfProp <http://www.w3.org/1999/02/22-rdf-syntax-ns#type> <http://dbpedia.org/ontology/City> . ?subjOfProp <http://dbpedia.org/ontology/country> <http://dbpedia.org/resource/Taiwan> . ?subjOfProp <http://dbpedia.org/ontology/populationTotal> ?num . } ORDER BY DESC(?num) LIMIT 1,http://dbpedia.org/resource/Keelung,Keelung,APP
96,Qual è la più popolosa della Spagna?,SELECT DISTINCT ?subjOfProp WHERE { ?subjOfProp <http://www.w3.org/1999/02/22-rdf-syntax-ns#type> <http://dbpedia.org/ontology/City> . ?subjOfProp <http://dbpedia.org/ontology/country> <http://dbpedia.org/resource/Spain> . ?subjOfProp <http://dbpedia.org/ontology/populationTotal> ?num . } ORDER BY DESC(?num) LIMIT 1,http://dbpedia.org/resource/Gijón,Gijón,APP
97,Qual è la più popolosa della Svizzera?,SELECT DISTINCT ?subjOfProp WHERE { ?subjOfProp <http://www.w3.org/1999/02/22-rdf-syntax-ns#type> <http://dbpedia.org/ontology/City> . ?subjOfProp <http://dbpedia.org/ontology/country> <http://dbpedia.org/resource/Switzerland> . ?subjOfProp <http://dbpedia.org/ontology/populationTotal> ?num . } ORDER BY DESC(?num) LIMIT 1,http://dbpedia.org/resource/Thun,Thun,APP
98,Qual è la più popolosa della Sri Lanka?,SELECT DISTINCT ?subjOfProp WHERE { ?subjOfProp <http://www.w3.org/1999/02/22-rdf-syntax-ns#type> <http://dbpedia.org/ontology/City> . ?subjOfProp <http://dbpedia.org/ontology/country> <http://dbpedia.org/resource/Sri_Lanka> . ?subjOfProp <http://dbpedia.org/ontology/populationTotal> ?num . } ORDER BY DESC(?num) LIMIT 1,http://dbpedia.org/resource/Colombo,Colombo (Sri Lanka),APP
99,Qual è la più popolosa della Suriname?,SELECT DISTINCT ?subjOfProp WHERE { ?subjOfProp <http://www.w3.org/1999/02/22-rdf-syntax-ns#type> <http://dbpedia.org/ontology/City> . ?subjOfProp <http://dbpedia.org/ontology/country> <http://dbpedia.org/resource/Suriname> . ?subjOfProp <http://dbpedia.org/ontology/populationTotal> ?num . } ORDER BY DESC(?num) LIMIT 1,http://dbpedia.org/resource/Paramaribo,Paramaribo,APP
100,Qual è la più popolosa della Repubblica Socialista Slovacca?,SELECT DISTINCT ?subjOfProp WHERE { ?subjOfProp <http://www.w3.org/1999/02/22-rdf-syntax-ns#type> <http://dbpedia.org/ontology/City> . ?subjOfProp <http://dbpedia.org/ontology/country> <http://dbpedia.org/resource/Slovakia> . ?subjOfProp <http://dbpedia.org/ontology/populationTotal> ?num . } ORDER BY DESC(?num) LIMIT 1,http://dbpedia.org/resource/Bratislava,Bratislava,APP
101,Qual è la più popolosa della Corea?,SELECT DISTINCT ?subjOfProp WHERE { ?subjOfProp <http://www.w3.org/1999/02/22-rdf-syntax-ns#type> <http://dbpedia.org/ontology/City> . ?subjOfProp <http://dbpedia.org/ontology/country> <http://dbpedia.org/resource/South_Korea> . ?subjOfProp <http://dbpedia.org/ontology/populationTotal> ?num . } ORDER BY DESC(?num) LIMIT 1,http://dbpedia.org/resource/Seoul,Seul,APP
102,Qual è la più popolosa della Saint Lucia?,SELECT DISTINCT ?subjOfProp WHERE { ?subjOfProp <http://www.w3.org/1999/02/22-rdf-syntax-ns#type> <http://dbpedia.org/ontology/City> . ?subjOfProp <http://dbpedia.org/ontology/country> <http://dbpedia.org/resource/Saint_Lucia> . ?subjOfProp <http://dbpedia.org/ontology/populationTotal> ?num . } ORDER BY DESC(?num) LIMIT 1,http://dbpedia.org/resource/Castries,Castries,APP
103,Qual è la più popolosa della Samoa?,SELECT DISTINCT ?subjOfProp WHERE { ?subjOfProp <http://www.w3.org/1999/02/22-rdf-syntax-ns#type> <http://dbpedia.org/ontology/City> . ?subjOfProp <http://dbpedia.org/ontology/country> <http://dbpedia.org/resource/Samoa> . ?subjOfProp <http://dbpedia.org/ontology/populationTotal> ?num . } ORDER BY DESC(?num) LIMIT 1,http://dbpedia.org/resource/Apia,Apia,APP
104,Qual è la più popolosa della San Marino?,SELECT DISTINCT ?subjOfProp WHERE { ?subjOfProp <http://www.w3.org/1999/02/22-rdf-syntax-ns#type> <http://dbpedia.org/ontology/City> . ?subjOfProp <http://dbpedia.org/ontology/country> <http://dbpedia.org/resource/San_Marino> . ?subjOfProp <http://dbpedia.org/ontology/populationTotal> ?num . } ORDER BY DESC(?num) LIMIT 1,http://dbpedia.org/resource/City_of_San_Marino,Città di San Marino,APP
105,Qual è la più popolosa della Senegal?,SELECT DISTINCT ?subjOfProp WHERE { ?subjOfProp <http://www.w3.org/1999/02/22-rdf-syntax-ns#type> <http://dbpedia.org/ontology/City> . ?subjOfProp <http://dbpedia.org/ontology/country> <http://dbpedia.org/resource/Senegal> . ?subjOfProp <http://dbpedia.org/ontology/populationTotal> ?num . } ORDER BY DESC(?num) LIMIT 1,http://dbpedia.org/resource/Pikine,Pikine,APP
106,Qual è la più popolosa della Seychelles?,SELECT DISTINCT ?subjOfProp WHERE { ?subjOfProp <http://www.w3.org/1999/02/22-rdf-syntax-ns#type> <http://dbpedia.org/ontology/City> . ?subjOfProp <http://dbpedia.org/ontology/country> <http://dbpedia.org/resource/Seychelles> . ?subjOfProp <http://dbpedia.org/ontology/populationTotal> ?num . } ORDER BY DESC(?num) LIMIT 1,"http://dbpedia.org/resource/Victoria,_Seychelles",Victoria (Seychelles),APP
107,Qual è la più popolosa della Sierra Leone?,SELECT DISTINCT ?subjOfProp WHERE { ?subjOfProp <http://www.w3.org/1999/02/22-rdf-syntax-ns#type> <http://dbpedia.org/ontology/City> . ?subjOfProp <http://dbpedia.org/ontology/country> <http://dbpedia.org/resource/Sierra_Leone> . ?subjOfProp <http://dbpedia.org/ontology/populationTotal> ?num . } ORDER BY DESC(?num) LIMIT 1,"http://dbpedia.org/resource/Bo,_Sierra_Leone",Bo (Sierra Leone),APP
108,Qual è la più popolosa della Singapore?,SELECT DISTINCT ?subjOfProp WHERE { ?subjOfProp <http://www.w3.org/1999/02/22-rdf-syntax-ns#type> <http://dbpedia.org/ontology/City> . ?subjOfProp <http://dbpedia.org/ontology/country> <http://dbpedia.org/resource/Singapore> . ?subjOfProp <http://dbpedia.org/ontology/populationTotal> ?num . } ORDER BY DESC(?num) LIMIT 1,"http://dbpedia.org/resource/Central_Area,_Singapore",,APP
109,Qual è la più popolosa della Repubblica Socialista di Slovenia?,SELECT DISTINCT ?subjOfProp WHERE { ?subjOfProp <http://www.w3.org/1999/02/22-rdf-syntax-ns#type> <http://dbpedia.org/ontology/City> . ?subjOfProp <http://dbpedia.org/ontology/country> <http://dbpedia.org/resource/Slovenia> . ?subjOfProp <http://dbpedia.org/ontology/populationTotal> ?num . } ORDER BY DESC(?num) LIMIT 1,http://dbpedia.org/resource/Ljubljana,Lubiana,APP
110,Qual è la più popolosa della Somalia?,SELECT DISTINCT ?subjOfProp WHERE { ?subjOfProp <http://www.w3.org/1999/02/22-rdf-syntax-ns#type> <http://dbpedia.org/ontology/City> . ?subjOfProp <http://dbpedia.org/ontology/country> <http://dbpedia.org/resource/Somalia> . ?subjOfProp <http://dbpedia.org/ontology/populationTotal> ?num . } ORDER BY DESC(?num) LIMIT 1,http://dbpedia.org/resource/Hobyo,Obbia,APP
111,Qual è la più popolosa della Sudan?,SELECT DISTINCT ?subjOfProp WHERE { ?subjOfProp <http://www.w3.org/1999/02/22-rdf-syntax-ns#type> <http://dbpedia.org/ontology/City> . ?subjOfProp <http://dbpedia.org/ontology/country> <http://dbpedia.org/resource/Sudan> . ?subjOfProp <http://dbpedia.org/ontology/populationTotal> ?num . } ORDER BY DESC(?num) LIMIT 1,http://dbpedia.org/resource/Omdurman,Omdurman,APP
112,Qual è la più popolosa della Repubblica Socialista di Serbia?,SELECT DISTINCT ?subjOfProp WHERE { ?subjOfProp <http://www.w3.org/1999/02/22-rdf-syntax-ns#type> <http://dbpedia.org/ontology/City> . ?subjOfProp <http://dbpedia.org/ontology/country> <http://dbpedia.org/resource/Serbia> . ?subjOfProp <http://dbpedia.org/ontology/populationTotal> ?num . } ORDER BY DESC(?num) LIMIT 1,http://dbpedia.org/resource/Belgrade,Belgrado,APP
113,Qual è la più popolosa della Tagikistan?,SELECT DISTINCT ?subjOfProp WHERE { ?subjOfProp <http://www.w3.org/1999/02/22-rdf-syntax-ns#type> <http://dbpedia.org/ontology/City> . ?subjOfProp <http://dbpedia.org/ontology/country> <http://dbpedia.org/resource/Tajikistan> . ?subjOfProp <http://dbpedia.org/ontology/populationTotal> ?num . } ORDER BY DESC(?num) LIMIT 1,http://dbpedia.org/resource/Vahdat,Vahdat,APP
114,Qual è la più popolosa della Tanzania?,SELECT DISTINCT ?subjOfProp WHERE { ?subjOfProp <http://www.w3.org/1999/02/22-rdf-syntax-ns#type> <http://dbpedia.org/ontology/City> . ?subjOfProp <http://dbpedia.org/ontology/country> <http://dbpedia.org/resource/Tanzania> . ?subjOfProp <http://dbpedia.org/ontology/populationTotal> ?num . } ORDER BY DESC(?num) LIMIT 1,http://dbpedia.org/resource/Dar_es_Salaam,Dar es Salaam,APP
115,Qual è la più popolosa della Thailandia?,SELECT DISTINCT ?subjOfProp WHERE { ?subjOfProp <http://www.w3.org/1999/02/22-rdf-syntax-ns#type> <http://dbpedia.org/ontology/City> . ?subjOfProp <http://dbpedia.org/ontology/country> <http://dbpedia.org/resource/Thailand> . ?subjOfProp <http://dbpedia.org/ontology/populationTotal> ?num . } ORDER BY DESC(?num) LIMIT 1,http://dbpedia.org/resource/Bangkok,Bangkok,APP
116,Qual è la più popolosa della Togo?,SELECT DISTINCT ?subjOfProp WHERE { ?subjOfProp <http://www.w3.org/1999/02/22-rdf-syntax-ns#type> <http://dbpedia.org/ontology/City> . ?subjOfProp <http://dbpedia.org/ontology/country> <http://dbpedia.org/resource/Togo> . ?subjOfProp <http://dbpedia.org/ontology/populationTotal> ?num . } ORDER BY DESC(?num) LIMIT 1,http://dbpedia.org/resource/Lomé,Lomé,APP
117,Qual è la più popolosa della Tonga?,SELECT DISTINCT ?subjOfProp WHERE { ?subjOfProp <http://www.w3.org/1999/02/22-rdf-syntax-ns#type> <http://dbpedia.org/ontology/City> . ?subjOfProp <http://dbpedia.org/ontology/country> <http://dbpedia.org/resource/Tonga> . ?subjOfProp <http://dbpedia.org/ontology/populationTotal> ?num . } ORDER BY DESC(?num) LIMIT 1,http://dbpedia.org/resource/Neiafu_(Vavaʻu),,APP
118,Qual è la più popolosa della Tunisia?,SELECT DISTINCT ?subjOfProp WHERE { ?subjOfProp <http://www.w3.org/1999/02/22-rdf-syntax-ns#type> <http://dbpedia.org/ontology/City> . ?subjOfProp <http://dbpedia.org/ontology/country> <http://dbpedia.org/resource/Tunisia> . ?subjOfProp <http://dbpedia.org/ontology/populationTotal> ?num . } ORDER BY DESC(?num) LIMIT 1,http://dbpedia.org/resource/Tunis,Tunisi,APP
119,Qual è la più popolosa della Gran Bretagna?,SELECT DISTINCT ?subjOfProp WHERE { ?subjOfProp <http://www.w3.org/1999/02/22-rdf-syntax-ns#type> <http://dbpedia.org/ontology/City> . ?subjOfProp <http://dbpedia.org/ontology/country> <http://dbpedia.org/resource/United_Kingdom> . ?subjOfProp <http://dbpedia.org/ontology/populationTotal> ?num . } ORDER BY DESC(?num) LIMIT 1,http://dbpedia.org/resource/London,Londinium,APP
120,Qual è la più popolosa della Ucraina?,SELECT DISTINCT ?subjOfProp WHERE { ?subjOfProp <http://www.w3.org/1999/02/22-rdf-syntax-ns#type> <http://dbpedia.org/ontology/City> . ?subjOfProp <http://dbpedia.org/ontology/country> <http://dbpedia.org/resource/Ukraine> . ?subjOfProp <http://dbpedia.org/ontology/populationTotal> ?num . } ORDER BY DESC(?num) LIMIT 1,http://dbpedia.org/resource/Kyiv,Kiev,APP
121,Qual è la più popolosa della Uruguay?,SELECT DISTINCT ?subjOfProp WHERE { ?subjOfProp <http://www.w3.org/1999/02/22-rdf-syntax-ns#type> <http://dbpedia.org/ontology/City> . ?subjOfProp <http://dbpedia.org/ontology/country> <http://dbpedia.org/resource/Uruguay> . ?subjOfProp <http://dbpedia.org/ontology/populationTotal> ?num . } ORDER BY DESC(?num) LIMIT 1,"http://dbpedia.org/resource/Salto,_Uruguay",Salto (Uruguay),APP
122,Qual è la più popolosa della Uzbekistan?,SELECT DISTINCT ?subjOfProp WHERE { ?subjOfProp <http://www.w3.org/1999/02/22-rdf-syntax-ns#type> <http://dbpedia.org/ontology/City> . ?subjOfProp <http://dbpedia.org/ontology/country> <http://dbpedia.org/resource/Uzbekistan> . ?subjOfProp <http://dbpedia.org/ontology/populationTotal> ?num . } ORDER BY DESC(?num) LIMIT 1,http://dbpedia.org/resource/Tashkent,Tashkent,APP
123,Qual è la più popolosa della Venezuela?,SELECT DISTINCT ?subjOfProp WHERE { ?subjOfProp <http://www.w3.org/1999/02/22-rdf-syntax-ns#type> <http://dbpedia.org/ontology/City> . ?subjOfProp <http://dbpedia.org/ontology/country> <http://dbpedia.org/resource/Venezuela> . ?subjOfProp <http://dbpedia.org/ontology/populationTotal> ?num . } ORDER BY DESC(?num) LIMIT 1,http://dbpedia.org/resource/Caracas,Caracas,APP
124,Qual è la più popolosa della Vanuatu?,SELECT DISTINCT ?subjOfProp WHERE { ?subjOfProp <http://www.w3.org/1999/02/22-rdf-syntax-ns#type> <http://dbpedia.org/ontology/City> . ?subjOfProp <http://dbpedia.org/ontology/country> <http://dbpedia.org/resource/Vanuatu> . ?subjOfProp <http://dbpedia.org/ontology/populationTotal> ?num . } ORDER BY DESC(?num) LIMIT 1,http://dbpedia.org/resource/Port_Vila,Port Vila,APP
125,Qual è la più popolosa della Zambia?,SELECT DISTINCT ?subjOfProp WHERE { ?subjOfProp <http://www.w3.org/1999/02/22-rdf-syntax-ns#type> <http://dbpedia.org/ontology/City> . ?subjOfProp <http://dbpedia.org/ontology/country> <http://dbpedia.org/resource/Zambia> . ?subjOfProp <http://dbpedia.org/ontology/populationTotal> ?num . } ORDER BY DESC(?num) LIMIT 1,http://dbpedia.org/resource/Kitwe,Kitwe,APP
126,Qual è la più popolosa della Repubblica Democratica di Georgia?,SELECT DISTINCT ?subjOfProp WHERE { ?subjOfProp <http://www.w3.org/1999/02/22-rdf-syntax-ns#type> <http://dbpedia.org/ontology/City> . ?subjOfProp <http://dbpedia.org/ontology/country> <http://dbpedia.org/resource/Georgia_(country)> . ?subjOfProp <http://dbpedia.org/ontology/populationTotal> ?num . } ORDER BY DESC(?num) LIMIT 1,http://dbpedia.org/resource/Tbilisi,Diocesi di Tiflis,APP
127,Qual è la più popolosa della Somaliland?,SELECT DISTINCT ?subjOfProp WHERE { ?subjOfProp <http://www.w3.org/1999/02/22-rdf-syntax-ns#type> <http://dbpedia.org/ontology/City> . ?subjOfProp <http://dbpedia.org/ontology/country> <http://dbpedia.org/resource/Somaliland> . ?subjOfProp <http://dbpedia.org/ontology/populationTotal> ?num . } ORDER BY DESC(?num) LIMIT 1,http://dbpedia.org/resource/Burao,Burao,APP
128,Qual è la più popolosa della Costa d'Avorio?,SELECT DISTINCT ?subjOfProp WHERE { ?subjOfProp <http://www.w3.org/1999/02/22-rdf-syntax-ns#type> <http://dbpedia.org/ontology/City> . ?subjOfProp <http://dbpedia.org/ontology/country> <http://dbpedia.org/resource/Ivory_Coast> . ?subjOfProp <http://dbpedia.org/ontology/populationTotal> ?num . } ORDER BY DESC(?num) LIMIT 1,http://dbpedia.org/resource/Abidjan,Abidjan,APP
129,Qual è la più popolosa della Gambia?,SELECT DISTINCT ?subjOfProp WHERE { ?subjOfProp <http://www.w3.org/1999/02/22-rdf-syntax-ns#type> <http://dbpedia.org/ontology/City> . ?subjOfProp <http://dbpedia.org/ontology/country> <http://dbpedia.org/resource/The_Gambia> . ?subjOfProp <http://dbpedia.org/ontology/populationTotal> ?num . } ORDER BY DESC(?num) LIMIT 1,http://dbpedia.org/resource/Serekunda,Serekunda,APP
130,Qual è la più popolosa della Emirati Arabi Uniti?,SELECT DISTINCT ?subjOfProp WHERE { ?subjOfProp <http://www.w3.org/1999/02/22-rdf-syntax-ns#type> <http://dbpedia.org/ontology/City> . ?subjOfProp <http://dbpedia.org/ontology/country> <http://dbpedia.org/resource/United_Arab_Emirates> . ?subjOfProp <http://dbpedia.org/ontology/populationTotal> ?num . } ORDER BY DESC(?num) LIMIT 1,http://dbpedia.org/resource/Abu_Dhabi,Emirato di Abu Dhabi,APP
131,Qual è la più popolosa della Galles?,SELECT DISTINCT ?subjOfProp WHERE { ?subjOfProp <http://www.w3.org/1999/02/22-rdf-syntax-ns#type> <http://dbpedia.org/ontology/City> . ?subjOfProp <http://dbpedia.org/ontology/country> <http://dbpedia.org/resource/Wales> . ?subjOfProp <http://dbpedia.org/ontology/populationTotal> ?num . } ORDER BY DESC(?num) LIMIT 1,"http://dbpedia.org/resource/Bangor,_Gwynedd",Bangor (Galles),APP
132,Qual è la più popolosa della Repubblica Democratica del Congo?,SELECT DISTINCT ?subjOfProp WHERE { ?subjOfProp <http://www.w3.org/1999/02/22-rdf-syntax-ns#type> <http://dbpedia.org/ontology/City> . ?subjOfProp <http://dbpedia.org/ontology/country> <http://dbpedia.org/resource/Democratic_Republic_of_the_Congo> . ?subjOfProp <http://dbpedia.org/ontology/populationTotal> ?num . } ORDER BY DESC(?num) LIMIT 1,http://dbpedia.org/resource/Kinshasa,Kinshasa,APP
133,Qual è la più popolosa della Danimarca?,SELECT DISTINCT ?subjOfProp WHERE { ?subjOfProp <http://www.w3.org/1999/02/22-rdf-syntax-ns#type> <http://dbpedia.org/ontology/City> . ?subjOfProp <http://dbpedia.org/ontology/country> <http://dbpedia.org/resource/Denmark> . ?subjOfProp <http://dbpedia.org/ontology/populationTotal> ?num . } ORDER BY DESC(?num) LIMIT 1,http://dbpedia.org/resource/Copenhagen,Copenaghen,APP
134,Qual è la più popolosa della Kirghizistan?,SELECT DISTINCT ?subjOfProp WHERE { ?subjOfProp <http://www.w3.org/1999/02/22-rdf-syntax-ns#type> <http://dbpedia.org/ontology/City> . ?subjOfProp <http://dbpedia.org/ontology/country> <http://dbpedia.org/resource/Kyrgyzstan> . ?subjOfProp <http://dbpedia.org/ontology/populationTotal> ?num . } ORDER BY DESC(?num) LIMIT 1,http://dbpedia.org/resource/Bishkek,Biškek,APP
135,Qual è la più popolosa della Perù?,SELECT DISTINCT ?subjOfProp WHERE { ?subjOfProp <http://www.w3.org/1999/02/22-rdf-syntax-ns#type> <http://dbpedia.org/ontology/City> . ?subjOfProp <http://dbpedia.org/ontology/country> <http://dbpedia.org/resource/Peru> . ?subjOfProp <http://dbpedia.org/ontology/populationTotal> ?num . } ORDER BY DESC(?num) LIMIT 1,http://dbpedia.org/resource/Callao,Callao,APP
136,Qual è la più popolosa della Regno del Nepal?,SELECT DISTINCT ?subjOfProp WHERE { ?subjOfProp <http://www.w3.org/1999/02/22-rdf-syntax-ns#type> <http://dbpedia.org/ontology/City> . ?subjOfProp <http://dbpedia.org/ontology/country> <http://dbpedia.org/resource/Nepal> . ?subjOfProp <http://dbpedia.org/ontology/populationTotal> ?num . } ORDER BY DESC(?num) LIMIT 1,http://dbpedia.org/resource/Kathmandu,Katmandu,APP
137,Qual è la più popolosa della Etiopia?,SELECT DISTINCT ?subjOfProp WHERE { ?subjOfProp <http://www.w3.org/1999/02/22-rdf-syntax-ns#type> <http://dbpedia.org/ontology/City> . ?subjOfProp <http://dbpedia.org/ontology/country> <http://dbpedia.org/resource/Ethiopia> . ?subjOfProp <http://dbpedia.org/ontology/populationTotal> ?num . } ORDER BY DESC(?num) LIMIT 1,http://dbpedia.org/resource/Addis_Ababa,Addis Abeba,APP
138,Qual è la più popolosa della Kenya?,SELECT DISTINCT ?subjOfProp WHERE { ?subjOfProp <http://www.w3.org/1999/02/22-rdf-syntax-ns#type> <http://dbpedia.org/ontology/City> . ?subjOfProp <http://dbpedia.org/ontology/country> <http://dbpedia.org/resource/Kenya> . ?subjOfProp <http://dbpedia.org/ontology/populationTotal> ?num . } ORDER BY DESC(?num) LIMIT 1,http://dbpedia.org/resource/Nairobi,Nairobi,APP
139,Qual è la più popolosa della Turkmenistan?,SELECT DISTINCT ?subjOfProp WHERE { ?subjOfProp <http://www.w3.org/1999/02/22-rdf-syntax-ns#type> <http://dbpedia.org/ontology/City> . ?subjOfProp <http://dbpedia.org/ontology/country> <http://dbpedia.org/resource/Turkmenistan> . ?subjOfProp <http://dbpedia.org/ontology/populationTotal> ?num . } ORDER BY DESC(?num) LIMIT 1,http://dbpedia.org/resource/Ashgabat,Aşgabat,APP
140,Qual è la più popolosa della Vietnam?,SELECT DISTINCT ?subjOfProp WHERE { ?subjOfProp <http://www.w3.org/1999/02/22-rdf-syntax-ns#type> <http://dbpedia.org/ontology/City> . ?subjOfProp <http://dbpedia.org/ontology/country> <http://dbpedia.org/resource/Vietnam> . ?subjOfProp <http://dbpedia.org/ontology/populationTotal> ?num . } ORDER BY DESC(?num) LIMIT 1,http://dbpedia.org/resource/Ho_Chi_Minh_City,Ho Chi Minh (città),APP
141,Qual è la più popolosa della Territori palestinesi?,SELECT DISTINCT ?subjOfProp WHERE { ?subjOfProp <http://www.w3.org/1999/02/22-rdf-syntax-ns#type> <http://dbpedia.org/ontology/City> . ?subjOfProp <http://dbpedia.org/ontology/country> <http://dbpedia.org/resource/State_of_Palestine> . ?subjOfProp <http://dbpedia.org/ontology/populationTotal> ?num . } ORDER BY DESC(?num) LIMIT 1,http://dbpedia.org/resource/Gaza_City,Gaza,APP
142,Qual è la più popolosa della Isole Salomone?,SELECT DISTINCT ?subjOfProp WHERE { ?subjOfProp <http://www.w3.org/1999/02/22-rdf-syntax-ns#type> <http://dbpedia.org/ontology/City> . ?subjOfProp <http://dbpedia.org/ontology/country> <http://dbpedia.org/resource/Solomon_Islands> . ?subjOfProp <http://dbpedia.org/ontology/populationTotal> ?num . } ORDER BY DESC(?num) LIMIT 1,http://dbpedia.org/resource/Honiara,Honiara,APP
143,Qual è la più popolosa della Cipro del Nord?,SELECT DISTINCT ?subjOfProp WHERE { ?subjOfProp <http://www.w3.org/1999/02/22-rdf-syntax-ns#type> <http://dbpedia.org/ontology/City> . ?subjOfProp <http://dbpedia.org/ontology/country> <http://dbpedia.org/resource/Northern_Cyprus> . ?subjOfProp <http://dbpedia.org/ontology/populationTotal> ?num . } ORDER BY DESC(?num) LIMIT 1,http://dbpedia.org/resource/North_Nicosia,Nicosia Nord,APP
144,Qual è la più popolosa della Cambogia?,SELECT DISTINCT ?subjOfProp WHERE { ?subjOfProp <http://www.w3.org/1999/02/22-rdf-syntax-ns#type> <http://dbpedia.org/ontology/City> . ?subjOfProp <http://dbpedia.org/ontology/country> <http://dbpedia.org/resource/Cambodia> . ?subjOfProp <http://dbpedia.org/ontology/populationTotal> ?num . } ORDER BY DESC(?num) LIMIT 1,http://dbpedia.org/resource/Phnom_Penh,Phnom Penh,APP
145,Qual è la più popolosa della Arabia Saudita?,SELECT DISTINCT ?subjOfProp WHERE { ?subjOfProp <http://www.w3.org/1999/02/22-rdf-syntax-ns#type> <http://dbpedia.org/ontology/City> . ?subjOfProp <http://dbpedia.org/ontology/country> <http://dbpedia.org/resource/Saudi_Arabia> . ?subjOfProp <http://dbpedia.org/ontology/populationTotal> ?num . } ORDER BY DESC(?num) LIMIT 1,http://dbpedia.org/resource/Riyadh,Riad,APP
146,Qual è la più popolosa della Yemen?,SELECT DISTINCT ?subjOfProp WHERE { ?subjOfProp <http://www.w3.org/1999/02/22-rdf-syntax-ns#type> <http://dbpedia.org/ontology/City> . ?subjOfProp <http://dbpedia.org/ontology/country> <http://dbpedia.org/resource/Yemen> . ?subjOfProp <http://dbpedia.org/ontology/populationTotal> ?num . } ORDER BY DESC(?num) LIMIT 1,http://dbpedia.org/resource/Sanaa,Sana'a,APP
147,Qual è la più popolosa della Stati Uniti d'America?,SELECT DISTINCT ?subjOfProp WHERE { ?subjOfProp <http://www.w3.org/1999/02/22-rdf-syntax-ns#type> <http://dbpedia.org/ontology/City> . ?subjOfProp <http://dbpedia.org/ontology/country> <http://dbpedia.org/resource/United_States> . ?subjOfProp <http://dbpedia.org/ontology/populationTotal> ?num . } ORDER BY DESC(?num) LIMIT 1,"http://dbpedia.org/resource/Durand,_Wisconsin",Durand (Wisconsin),APP
148,Qual è la più popolosa della Malaysia?,SELECT DISTINCT ?subjOfProp WHERE { ?subjOfProp <http://www.w3.org/1999/02/22-rdf-syntax-ns#type> <http://dbpedia.org/ontology/City> . ?subjOfProp <http://dbpedia.org/ontology/country> <http://dbpedia.org/resource/Malaysia> . ?subjOfProp <http://dbpedia.org/ontology/populationTotal> ?num . } ORDER BY DESC(?num) LIMIT 1,http://dbpedia.org/resource/Kuala_Lumpur,Kuala Lumpur,APP
149,Qual è la più popolosa della Messico?,SELECT DISTINCT ?subjOfProp WHERE { ?subjOfProp <http://www.w3.org/1999/02/22-rdf-syntax-ns#type> <http://dbpedia.org/ontology/City> . ?subjOfProp <http://dbpedia.org/ontology/country> <http://dbpedia.org/resource/Mexico> . ?subjOfProp <http://dbpedia.org/ontology/populationTotal> ?num . } ORDER BY DESC(?num) LIMIT 1,http://dbpedia.org/resource/Mexico_City,Messico,APP
150,Qual è la più popolosa della Australia?,SELECT DISTINCT ?subjOfProp WHERE { ?subjOfProp <http://www.w3.org/1999/02/22-rdf-syntax-ns#type> <http://dbpedia.org/ontology/City> . ?subjOfProp <http://dbpedia.org/ontology/country> <http://dbpedia.org/resource/Australia> . ?subjOfProp <http://dbpedia.org/ontology/populationTotal> ?num . } ORDER BY DESC(?num) LIMIT 1,http://dbpedia.org/resource/Sydney,Sydney,APP
151,Qual è la più popolosa della Nuova Zelanda?,SELECT DISTINCT ?subjOfProp WHERE { ?subjOfProp <http://www.w3.org/1999/02/22-rdf-syntax-ns#type> <http://dbpedia.org/ontology/City> . ?subjOfProp <http://dbpedia.org/ontology/country> <http://dbpedia.org/resource/New_Zealand> . ?subjOfProp <http://dbpedia.org/ontology/populationTotal> ?num . } ORDER BY DESC(?num) LIMIT 1,http://dbpedia.org/resource/Alofi,Alofi (città),APP
152,Qual è la più popolosa della Cuba?,SELECT DISTINCT ?subjOfProp WHERE { ?subjOfProp <http://www.w3.org/1999/02/22-rdf-syntax-ns#type> <http://dbpedia.org/ontology/City> . ?subjOfProp <http://dbpedia.org/ontology/country> <http://dbpedia.org/resource/Cuba> . ?subjOfProp <http://dbpedia.org/ontology/populationTotal> ?num . } ORDER BY DESC(?num) LIMIT 1,http://dbpedia.org/resource/Pinar_del_Río,Pinar del Río,APP
153,Qual è la più popolosa della Canada?,SELECT DISTINCT ?subjOfProp WHERE { ?subjOfProp <http://www.w3.org/1999/02/22-rdf-syntax-ns#type> <http://dbpedia.org/ontology/City> . ?subjOfProp <http://dbpedia.org/ontology/country> <http://dbpedia.org/resource/Canada> . ?subjOfProp <http://dbpedia.org/ontology/populationTotal> ?num . } ORDER BY DESC(?num) LIMIT 1,http://dbpedia.org/resource/Montreal,Montréal,APP
154,Qual è la più popolosa della Riksdag?,SELECT DISTINCT ?subjOfProp WHERE { ?subjOfProp <http://www.w3.org/1999/02/22-rdf-syntax-ns#type> <http://dbpedia.org/ontology/City> . ?subjOfProp <http://dbpedia.org/ontology/country> <http://dbpedia.org/resource/Sweden> . ?subjOfProp <http://dbpedia.org/ontology/populationTotal> ?num . } ORDER BY DESC(?num) LIMIT 1,http://dbpedia.org/resource/Stockholm,Stoccolma,APP
155,Qual è la più popolosa della Franca San Paolo?,SELECT DISTINCT ?subjOfProp WHERE { ?subjOfProp <http://www.w3.org/1999/02/22-rdf-syntax-ns#type> <http://dbpedia.org/ontology/City> . ?subjOfProp <http://dbpedia.org/ontology/country> <http://dbpedia.org/resource/France> . ?subjOfProp <http://dbpedia.org/ontology/populationTotal> ?num . } ORDER BY DESC(?num) LIMIT 1,http://dbpedia.org/resource/Nouméa,Numea,APP
156,Qual è la più popolosa della Kuwait?,SELECT DISTINCT ?subjOfProp WHERE { ?subjOfProp <http://www.w3.org/1999/02/22-rdf-syntax-ns#type> <http://dbpedia.org/ontology/City> . ?subjOfProp <http://dbpedia.org/ontology/country> <http://dbpedia.org/resource/Kuwait> . ?subjOfProp <http://dbpedia.org/ontology/populationTotal> ?num . } ORDER BY DESC(?num) LIMIT 1,http://dbpedia.org/resource/Salmiya,,APP
157,Qual è la più popolosa della Siria?,SELECT DISTINCT ?subjOfProp WHERE { ?subjOfProp <http://www.w3.org/1999/02/22-rdf-syntax-ns#type> <http://dbpedia.org/ontology/City> . ?subjOfProp <http://dbpedia.org/ontology/country> <http://dbpedia.org/resource/Syria> . ?subjOfProp <http://dbpedia.org/ontology/populationTotal> ?num . } ORDER BY DESC(?num) LIMIT 1,http://dbpedia.org/resource/Aleppo,Aleppo,APP
158,Qual è la più popolosa della Jordânia?,SELECT DISTINCT ?subjOfProp WHERE { ?subjOfProp <http://www.w3.org/1999/02/22-rdf-syntax-ns#type> <http://dbpedia.org/ontology/City> . ?subjOfProp <http://dbpedia.org/ontology/country> <http://dbpedia.org/resource/Jordan> . ?subjOfProp <http://dbpedia.org/ontology/populationTotal> ?num . } ORDER BY DESC(?num) LIMIT 1,http://dbpedia.org/resource/Amman,Amman,APP
159,Qual è la più popolosa della Iraq?,SELECT DISTINCT ?subjOfProp WHERE { ?subjOfProp <http://www.w3.org/1999/02/22-rdf-syntax-ns#type> <http://dbpedia.org/ontology/City> . ?subjOfProp <http://dbpedia.org/ontology/country> <http://dbpedia.org/resource/Iraq> . ?subjOfProp <http://dbpedia.org/ontology/populationTotal> ?num . } ORDER BY DESC(?num) LIMIT 1,http://dbpedia.org/resource/Mosul,Mosul,APP
160,Qual è la più popolosa della Egitto?,SELECT DISTINCT ?subjOfProp WHERE { ?subjOfProp <http://www.w3.org/1999/02/22-rdf-syntax-ns#type> <http://dbpedia.org/ontology/City> . ?subjOfProp <http://dbpedia.org/ontology/country> <http://dbpedia.org/resource/Egypt> . ?subjOfProp <http://dbpedia.org/ontology/populationTotal> ?num . } ORDER BY DESC(?num) LIMIT 1,http://dbpedia.org/resource/Cairo,Il Cairo,APP
161,Qual è la più popolosa della Qatar?,SELECT DISTINCT ?subjOfProp WHERE { ?subjOfProp <http://www.w3.org/1999/02/22-rdf-syntax-ns#type> <http://dbpedia.org/ontology/City> . ?subjOfProp <http://dbpedia.org/ontology/country> <http://dbpedia.org/resource/Qatar> . ?subjOfProp <http://dbpedia.org/ontology/populationTotal> ?num . } ORDER BY DESC(?num) LIMIT 1,http://dbpedia.org/resource/Doha,Doha,APP
162,Qual è la più popolosa della Israele?,SELECT DISTINCT ?subjOfProp WHERE { ?subjOfProp <http://www.w3.org/1999/02/22-rdf-syntax-ns#type> <http://dbpedia.org/ontology/City> . ?subjOfProp <http://dbpedia.org/ontology/country> <http://dbpedia.org/resource/Israel> . ?subjOfProp <http://dbpedia.org/ontology/populationTotal> ?num . } ORDER BY DESC(?num) LIMIT 1,http://dbpedia.org/resource/Ramat_Gan,Ramat Gan,APP
163,Qual è la più popolosa della Armenia?,SELECT DISTINCT ?subjOfProp WHERE { ?subjOfProp <http://www.w3.org/1999/02/22-rdf-syntax-ns#type> <http://dbpedia.org/ontology/City> . ?subjOfProp <http://dbpedia.org/ontology/country> <http://dbpedia.org/resource/Armenia> . ?subjOfProp <http://dbpedia.org/ontology/populationTotal> ?num . } ORDER BY DESC(?num) LIMIT 1,http://dbpedia.org/resource/Yerevan,Erevan,APP
164,Qual è la più popolosa della Turchia?,SELECT DISTINCT ?subjOfProp WHERE { ?subjOfProp <http://www.w3.org/1999/02/22-rdf-syntax-ns#type> <http://dbpedia.org/ontology/City> . ?subjOfProp <http://dbpedia.org/ontology/country> <http://dbpedia.org/resource/Turkey> . ?subjOfProp <http://dbpedia.org/ontology/populationTotal> ?num . } ORDER BY DESC(?num) LIMIT 1,http://dbpedia.org/resource/Istanbul,Provincia di Istanbul,APP
165,Qual è la più popolosa della Dominica?,SELECT DISTINCT ?subjOfProp WHERE { ?subjOfProp <http://www.w3.org/1999/02/22-rdf-syntax-ns#type> <http://dbpedia.org/ontology/City> . ?subjOfProp <http://dbpedia.org/ontology/country> <http://dbpedia.org/resource/Dominica> . ?subjOfProp <http://dbpedia.org/ontology/populationTotal> ?num . } ORDER BY DESC(?num) LIMIT 1,http://dbpedia.org/resource/Roseau,Roseau,APP
166,Qual è la più popolosa della Gibuti?,SELECT DISTINCT ?subjOfProp WHERE { ?subjOfProp <http://www.w3.org/1999/02/22-rdf-syntax-ns#type> <http://dbpedia.org/ontology/City> . ?subjOfProp <http://dbpedia.org/ontology/country> <http://dbpedia.org/resource/Djibouti> . ?subjOfProp <http://dbpedia.org/ontology/populationTotal> ?num . } ORDER BY DESC(?num) LIMIT 1,http://dbpedia.org/resource/Ali_Sabieh,Ali Sabieh,APP
167,Qual è la più popolosa della Guatemala?,SELECT DISTINCT ?subjOfProp WHERE { ?subjOfProp <http://www.w3.org/1999/02/22-rdf-syntax-ns#type> <http://dbpedia.org/ontology/City> . ?subjOfProp <http://dbpedia.org/ontology/country> <http://dbpedia.org/resource/Guatemala> . ?subjOfProp <http://dbpedia.org/ontology/populationTotal> ?num . } ORDER BY DESC(?num) LIMIT 1,http://dbpedia.org/resource/Quetzaltenango,Quetzaltenango,APP
168,Qual è la più popolosa della Grenada?,SELECT DISTINCT ?subjOfProp WHERE { ?subjOfProp <http://www.w3.org/1999/02/22-rdf-syntax-ns#type> <http://dbpedia.org/ontology/City> . ?subjOfProp <http://dbpedia.org/ontology/country> <http://dbpedia.org/resource/Grenada> . ?subjOfProp <http://dbpedia.org/ontology/populationTotal> ?num . } ORDER BY DESC(?num) LIMIT 1,"http://dbpedia.org/resource/St._George's,_Grenada",Saint George's,APP
169,Qual è la più popolosa della Eritrea?,SELECT DISTINCT ?subjOfProp WHERE { ?subjOfProp <http://www.w3.org/1999/02/22-rdf-syntax-ns#type> <http://dbpedia.org/ontology/City> . ?subjOfProp <http://dbpedia.org/ontology/country> <http://dbpedia.org/resource/Eritrea> . ?subjOfProp <http://dbpedia.org/ontology/populationTotal> ?num . } ORDER BY DESC(?num) LIMIT 1,http://dbpedia.org/resource/Asmara,Asmara,APP
170,Qual è la più popolosa della Guyana?,SELECT DISTINCT ?subjOfProp WHERE { ?subjOfProp <http://www.w3.org/1999/02/22-rdf-syntax-ns#type> <http://dbpedia.org/ontology/City> . ?subjOfProp <http://dbpedia.org/ontology/country> <http://dbpedia.org/resource/Guyana> . ?subjOfProp <http://dbpedia.org/ontology/populationTotal> ?num . } ORDER BY DESC(?num) LIMIT 1,"http://dbpedia.org/resource/Georgetown,_Guyana",Georgetown (Guyana),APP
171,Qual è la più popolosa della Sudafrica?,SELECT DISTINCT ?subjOfProp WHERE { ?subjOfProp <http://www.w3.org/1999/02/22-rdf-syntax-ns#type> <http://dbpedia.org/ontology/City> . ?subjOfProp <http://dbpedia.org/ontology/country> <http://dbpedia.org/resource/South_Africa> . ?subjOfProp <http://dbpedia.org/ontology/populationTotal> ?num . } ORDER BY DESC(?num) LIMIT 1,http://dbpedia.org/resource/Johannesburg,Johannesburg,APP
172,Qual è la più popolosa della Mauritania?,SELECT DISTINCT ?subjOfProp WHERE { ?subjOfProp <http://www.w3.org/1999/02/22-rdf-syntax-ns#type> <http://dbpedia.org/ontology/City> . ?subjOfProp <http://dbpedia.org/ontology/country> <http://dbpedia.org/resource/Mauritania> . ?subjOfProp <http://dbpedia.org/ontology/populationTotal> ?num . } ORDER BY DESC(?num) LIMIT 1,http://dbpedia.org/resource/Nouadhibou,Nouadhibou,APP
173,Qual è la più popolosa della Bahrein?,SELECT DISTINCT ?subjOfProp WHERE { ?subjOfProp <http://www.w3.org/1999/02/22-rdf-syntax-ns#type> <http://dbpedia.org/ontology/City> . ?subjOfProp <http://dbpedia.org/ontology/country> <http://dbpedia.org/resource/Bahrain> . ?subjOfProp <http://dbpedia.org/ontology/populationTotal> ?num . } ORDER BY DESC(?num) LIMIT 1,http://dbpedia.org/resource/Riffa,Riffa (Bahrein),APP
174,Qual è la più popolosa della Regno dei Paesi Bassi?,SELECT DISTINCT ?subjOfProp WHERE { ?subjOfProp <http://www.w3.org/1999/02/22-rdf-syntax-ns#type> <http://dbpedia.org/ontology/City> . ?subjOfProp <http://dbpedia.org/ontology/country> <http://dbpedia.org/resource/Kingdom_of_the_Netherlands> . ?subjOfProp <http://dbpedia.org/ontology/populationTotal> ?num . } ORDER BY DESC(?num) LIMIT 1,http://dbpedia.org/resource/Willemstad,Willemstad,APP
175,Qual è la più popolosa della Argentina?,SELECT DISTINCT ?subjOfProp WHERE { ?subjOfProp <http://www.w3.org/1999/02/22-rdf-syntax-ns#type> <http://dbpedia.org/ontology/City> . ?subjOfProp <http://dbpedia.org/ontology/country> <http://dbpedia.org/resource/Argentina> . ?subjOfProp <http://dbpedia.org/ontology/populationTotal> ?num . } ORDER BY DESC(?num) LIMIT 1,http://dbpedia.org/resource/Avellaneda,Avellaneda (Argentina),APP
176,Qual è la più popolosa della Timor Est?,SELECT DISTINCT ?subjOfProp WHERE { ?subjOfProp <http://www.w3.org/1999/02/22-rdf-syntax-ns#type> <http://dbpedia.org/ontology/City> . ?subjOfProp <http://dbpedia.org/ontology/country> <http://dbpedia.org/resource/East_Timor> . ?subjOfProp <http://dbpedia.org/ontology/populationTotal> ?num . } ORDER BY DESC(?num) LIMIT 1,http://dbpedia.org/resource/Lospalos,Lospalos,APP
177,Qual è la più popolosa della Repubblica del Congo?,SELECT DISTINCT ?subjOfProp WHERE { ?subjOfProp <http://www.w3.org/1999/02/22-rdf-syntax-ns#type> <http://dbpedia.org/ontology/City> . ?subjOfProp <http://dbpedia.org/ontology/country> <http://dbpedia.org/resource/Republic_of_the_Congo> . ?subjOfProp <http://dbpedia.org/ontology/populationTotal> ?num . } ORDER BY DESC(?num) LIMIT 1,http://dbpedia.org/resource/Pointe-Noire,Pointe-Noire,APP
178,Qual è la più popolosa della Burundi?,SELECT DISTINCT ?subjOfProp WHERE { ?subjOfProp <http://www.w3.org/1999/02/22-rdf-syntax-ns#type> <http://dbpedia.org/ontology/City> . ?subjOfProp <http://dbpedia.org/ontology/country> <http://dbpedia.org/resource/Burundi> . ?subjOfProp <http://dbpedia.org/ontology/populationTotal> ?num . } ORDER BY DESC(?num) LIMIT 1,http://dbpedia.org/resource/Gitega,Gitega,APP
179,Qual è la più popolosa della Austria?,SELECT DISTINCT ?subjOfProp WHERE { ?subjOfProp <http://www.w3.org/1999/02/22-rdf-syntax-ns#type> <http://dbpedia.org/ontology/City> . ?subjOfProp <http://dbpedia.org/ontology/country> <http://dbpedia.org/resource/Austria> . ?subjOfProp <http://dbpedia.org/ontology/populationTotal> ?num . } ORDER BY DESC(?num) LIMIT 1,http://dbpedia.org/resource/Salzburg,Salisburgo,APP
180,Qual è la più popolosa della Estonia?,SELECT DISTINCT ?subjOfProp WHERE { ?subjOfProp <http://www.w3.org/1999/02/22-rdf-syntax-ns#type> <http://dbpedia.org/ontology/City> . ?subjOfProp <http://dbpedia.org/ontology/country> <http://dbpedia.org/resource/Estonia> . ?subjOfProp <http://dbpedia.org/ontology/populationTotal> ?num . } ORDER BY DESC(?num) LIMIT 1,http://dbpedia.org/resource/Tallinn,Tallinn,APP
181,Qual è la più popolosa della Sudan del Sud?,SELECT DISTINCT ?subjOfProp WHERE { ?subjOfProp <http://www.w3.org/1999/02/22-rdf-syntax-ns#type> <http://dbpedia.org/ontology/City> . ?subjOfProp <http://dbpedia.org/ontology/country> <http://dbpedia.org/resource/South_Sudan> . ?subjOfProp <http://dbpedia.org/ontology/populationTotal> ?num . } ORDER BY DESC(?num) LIMIT 1,"http://dbpedia.org/resource/Bor,_South_Sudan",Bor (Sudan del Sud),APP
182,Qual è la più popolosa della Andorra?,SELECT DISTINCT ?subjOfProp WHERE { ?subjOfProp <http://www.w3.org/1999/02/22-rdf-syntax-ns#type> <http://dbpedia.org/ontology/City> . ?subjOfProp <http://dbpedia.org/ontology/country> <http://dbpedia.org/resource/Andorra> . ?subjOfProp <http://dbpedia.org/ontology/populationTotal> ?num . } ORDER BY DESC(?num) LIMIT 1,http://dbpedia.org/resource/Andorra_la_Vella,Andorra la Vella,APP
183,Qual è la più popolosa della Angola?,SELECT DISTINCT ?subjOfProp WHERE { ?subjOfProp <http://www.w3.org/1999/02/22-rdf-syntax-ns#type> <http://dbpedia.org/ontology/City> . ?subjOfProp <http://dbpedia.org/ontology/country> <http://dbpedia.org/resource/Angola> . ?subjOfProp <http://dbpedia.org/ontology/populationTotal> ?num . } ORDER BY DESC(?num) LIMIT 1,http://dbpedia.org/resource/Luanda,Luanda,APP
184,Qual è la più popolosa della Afghanistan?,SELECT DISTINCT ?subjOfProp WHERE { ?subjOfProp <http://www.w3.org/1999/02/22-rdf-syntax-ns#type> <http://dbpedia.org/ontology/City> . ?subjOfProp <http://dbpedia.org/ontology/country> <http://dbpedia.org/resource/Afghanistan> . ?subjOfProp <http://dbpedia.org/ontology/populationTotal> ?num . } ORDER BY DESC(?num) LIMIT 1,http://dbpedia.org/resource/Kabul,Kabul,APP
185,Qual è la più popolosa della Azerbaigian?,SELECT DISTINCT ?subjOfProp WHERE { ?subjOfProp <http://www.w3.org/1999/02/22-rdf-syntax-ns#type> <http://dbpedia.org/ontology/City> . ?subjOfProp <http://dbpedia.org/ontology/country> <http://dbpedia.org/resource/Azerbaijan> . ?subjOfProp <http://dbpedia.org/ontology/populationTotal> ?num . } ORDER BY DESC(?num) LIMIT 1,http://dbpedia.org/resource/Baku,Baku,APP
186,Qual è la più popolosa della Antigua e Barbuda?,SELECT DISTINCT ?subjOfProp WHERE { ?subjOfProp <http://www.w3.org/1999/02/22-rdf-syntax-ns#type> <http://dbpedia.org/ontology/City> . ?subjOfProp <http://dbpedia.org/ontology/country> <http://dbpedia.org/resource/Antigua_and_Barbuda> . ?subjOfProp <http://dbpedia.org/ontology/populationTotal> ?num . } ORDER BY DESC(?num) LIMIT 1,http://dbpedia.org/resource/Bolands,,APP
187,Qual è la più popolosa della Belgio?,SELECT DISTINCT ?subjOfProp WHERE { ?subjOfProp <http://www.w3.org/1999/02/22-rdf-syntax-ns#type> <http://dbpedia.org/ontology/City> . ?subjOfProp <http://dbpedia.org/ontology/country> <http://dbpedia.org/resource/Belgium> . ?subjOfProp <http://dbpedia.org/ontology/populationTotal> ?num . } ORDER BY DESC(?num) LIMIT 1,http://dbpedia.org/resource/Louvain-la-Neuve,,APP
