"QALD id"	"match status"	"QALD question"	"QueGG question"	"QALD SPARQL query"	"QueGG SPARQL query"	"QueGG lexical entry"	"TP"	"FP"	"FN"	"Precision"	"Recall"	"F-Measure"
"0"	"false"	"When was the Battle of Gettysburg?"		"PREFIX dbo: <http://dbpedia.org/ontology/>
PREFIX res: <http://dbpedia.org/resource/>
SELECT DISTINCT ?date 
WHERE { 
       res:Battle_of_Gettysburg dbo:date ?date .
}"	""	"0.0"	"0.0"	"0.0"	"0.0"	"0.0"	"0.0"
"1"	"false"	"List all the musicals with music by Elton John."		"PREFIX dbo: <http://dbpedia.org/ontology/>
PREFIX res: <http://dbpedia.org/resource/>
PREFIX rdf: <http://www.w3.org/1999/02/22-rdf-syntax-ns#> 
SELECT DISTINCT ?uri
WHERE { 
        ?uri rdf:type dbo:Musical .
        ?uri dbo:musicBy res:Elton_John .
}"	""	"0.0"	"0.0"	"4.0"	"0.0"	"0.0"	"0.0"
"2"	"true"	"What is the height of Colombo Lighthouse?"	"^what is the height of ([\w\s\d-,.']+)\?$"	"SELECT DISTINCT ?num WHERE {  <http://dbpedia.org/resource/Colombo_Lighthouse> <http://dbpedia.org/ontology/height> ?num . } "	"select  ?o
    {
    <http://dbpedia.org/resource/Colombo_Lighthouse> <http://dbpedia.org/ontology/height>  ?o
    }"	"1.0"	"0.0"	"0.0"	"1.0"	"1.0"	"1.0"
"3"	"false"	"Who was the wife of Abraham Lincoln?"		"PREFIX dbo: <http://dbpedia.org/ontology/>
PREFIX res: <http://dbpedia.org/resource/>
SELECT DISTINCT ?uri 
WHERE {
	res:Abraham_Lincoln dbo:spouse ?uri.
}"	""	"0.0"	"0.0"	"1.0"	"0.0"	"0.0"	"0.0"
"4"	"false"	"Who is the host of BBC Wildlife Specials?"		"SELECT DISTINCT ?uri WHERE { <http://dbpedia.org/resource/BBC_Wildlife_Specials> <http://dbpedia.org/ontology/presenter> ?uri . }"	""	"0.0"	"0.0"	"1.0"	"0.0"	"0.0"	"0.0"
"5"	"false"	"What were the costs of Pulp Fiction?"		"SELECT DISTINCT ?n WHERE {  <http://dbpedia.org/resource/Pulp_Fiction> <http://dbpedia.org/ontology/budget> ?n . } "	""	"0.0"	"0.0"	"1.0"	"0.0"	"0.0"	"0.0"
"6"	"true"	"What is the location of the manufacturer of Heineken?"	"^what is the location of ([\w\s\d-,.']+)\?$"	"SELECT DISTINCT ?uri WHERE { <http://dbpedia.org/resource/Heineken> <http://dbpedia.org/ontology/manufacturer> ?x . ?x <http://dbpedia.org/ontology/locationCity> ?uri . }"	"select  ?o
    {
    <http://dbpedia.org/resource/Heineken> <http://dbpedia.org/ontology/location>  ?o
    }"	"0.0"	"0.0"	"0.0"	"0.0"	"0.0"	"0.0"
"7"	"false"	"When did Operation Overlord commence?"		"SELECT DISTINCT ?d WHERE { <http://dbpedia.org/resource/Operation_Overlord> <http://dbpedia.org/ontology/date> ?d . } "	""	"0.0"	"0.0"	"1.0"	"0.0"	"0.0"	"0.0"
"8"	"false"	"In which city does the Chile Route 68 end?"		"SELECT DISTINCT ?uri WHERE {  <http://dbpedia.org/resource/Chile_Route_68> <http://dbpedia.org/ontology/routeEnd> ?uri . } "	""	"0.0"	"0.0"	"1.0"	"0.0"	"0.0"	"0.0"
"9"	"false"	"Who developed Slack?"		"SELECT DISTINCT ?uri WHERE { ?uri <http://dbpedia.org/ontology/product> <http://dbpedia.org/resource/Slack_(software)> . }"	""	"0.0"	"0.0"	"1.0"	"0.0"	"0.0"	"0.0"
"10"	"false"	"Who was married to Jacques Chirac?"		"PREFIX dbo: <http://dbpedia.org/ontology/> 
PREFIX res: <http://dbpedia.org/resource/> 
SELECT DISTINCT ?uri
WHERE { 
         res:Jacques_Chirac dbo:spouse ?uri .
}"	""	"0.0"	"0.0"	"1.0"	"0.0"	"0.0"	"0.0"
"11"	"true"	"What was the cause of death of Bruce Carver?"	"^what was the cause of death of  ([\w\s\d-,.']+)\?$"	"PREFIX res: <http://dbpedia.org/resource/>
PREFIX dbo: <http://dbpedia.org/ontology/>
SELECT DISTINCT ?uri
WHERE {
        res:Bruce_Carver dbo:deathCause ?uri .     
}"	"select  ?o
    {
    <http://dbpedia.org/resource/Bruce_Carver> <http://dbpedia.org/ontology/deathCause>  ?o
    }"	"0.0"	"0.0"	"0.0"	"0.0"	"0.0"	"0.0"
"12"	"false"	"Who painted The Storm on the Sea of Galilee?"		"PREFIX dbp: <http://dbpedia.org/property/>
PREFIX res: <http://dbpedia.org/resource/>
SELECT DISTINCT ?uri 
WHERE {
	res:The_Storm_on_the_Sea_of_Galilee dbp:artist ?uri .
}"	""	"0.0"	"0.0"	"1.0"	"0.0"	"0.0"	"0.0"
"13"	"false"	"Which cities does Weser flow through?"		"SELECT DISTINCT ?uri WHERE {  <http://dbpedia.org/resource/Weser> <http://dbpedia.org/ontology/city> ?uri . } "	""	"0.0"	"0.0"	"0.0"	"0.0"	"0.0"	"0.0"
"14"	"true"	"What is the seating capacity of the home stadium of FC Porto?"	"^what is the seating capacity of ([\w\s\d-,.']+)\?$"	"SELECT DISTINCT ?n WHERE { <http://dbpedia.org/resource/FC_Porto> <http://dbpedia.org/ontology/ground> ?x . ?x <http://dbpedia.org/ontology/seatingCapacity> ?n . } "	"select  ?o
    {
    <http://dbpedia.org/resource/FC_Porto> <http://dbpedia.org/ontology/seatingCapacity>  ?o
    }"	"0.0"	"0.0"	"1.0"	"0.0"	"0.0"	"0.0"
"15"	"false"	"Who is married to the child of Robert F. Kennedy?"		"SELECT DISTINCT ?uri WHERE {  <http://dbpedia.org/resource/Robert_F._Kennedy> <http://dbpedia.org/ontology/child> ?child .  ?child <http://dbpedia.org/ontology/spouse> ?uri . } "	""	"0.0"	"0.0"	"4.0"	"0.0"	"0.0"	"0.0"
"16"	"false"	"Which books by Kerouac were published by Viking Press?"		"SELECT DISTINCT ?uri WHERE {  ?uri <http://www.w3.org/1999/02/22-rdf-syntax-ns#type> <http://dbpedia.org/ontology/Book> .  ?uri <http://dbpedia.org/ontology/publisher> <http://dbpedia.org/resource/Viking_Press> .  ?uri <http://dbpedia.org/ontology/author> <http://dbpedia.org/resource/Jack_Kerouac> . } "	""	"0.0"	"0.0"	"3.0"	"0.0"	"0.0"	"0.0"
"17"	"true"	"What is the height of Amazon Eve?"	"^what is the height of ([\w\s\d-,.']+)\?$"	"SELECT DISTINCT ?height WHERE {  <http://dbpedia.org/resource/Amazon_Eve> <http://dbpedia.org/ontology/height> ?height . } "	"select  ?o
    {
    <http://dbpedia.org/resource/Amazon_Eve> <http://dbpedia.org/ontology/height>  ?o
    }"	"0.0"	"0.0"	"0.0"	"0.0"	"0.0"	"0.0"
"18"	"false"	"Which museum exhibits The Scream?"		"PREFIX dbo: <http://dbpedia.org/ontology/>
PREFIX res: <http://dbpedia.org/resource/>
SELECT DISTINCT ?uri
WHERE {
       res:The_Scream dbo:museum ?uri .
}"	""	"0.0"	"0.0"	"2.0"	"0.0"	"0.0"	"0.0"
"19"	"false"	"Who wrote Les Piliers de la terre?"		"PREFIX dbo: <http://dbpedia.org/ontology/>
PREFIX res: <http://dbpedia.org/resource/>
SELECT DISTINCT ?uri 
WHERE {
	res:The_Pillars_of_the_Earth dbo:author ?uri .
}"	""	"0.0"	"0.0"	"1.0"	"0.0"	"0.0"	"0.0"
"20"	"false"	"Is James Bond married?"		"PREFIX dbo: <http://dbpedia.org/ontology/>
PREFIX res: <http://dbpedia.org/resource/>
ASK 
WHERE {
        res:James_Bond dbo:spouse ?uri . 
}"	""	"0.0"	"0.0"	"1.0"	"0.0"	"0.0"	"0.0"
"21"	"false"	"Who discovered Ceres?"		"SELECT DISTINCT ?uri WHERE { <http://dbpedia.org/resource/Ceres_(dwarf_planet)> <http://dbpedia.org/ontology/discoverer> ?uri . }"	""	"0.0"	"0.0"	"1.0"	"0.0"	"0.0"	"0.0"
"22"	"false"	"Which river is crossed by Brooklyn Bridge?"		"PREFIX dbo: <http://dbpedia.org/ontology/>
PREFIX res: <http://dbpedia.org/resource/>
SELECT DISTINCT ?uri
WHERE {       
        res:Brooklyn_Bridge dbo:crosses ?uri . 
}"	""	"0.0"	"0.0"	"1.0"	"0.0"	"0.0"	"0.0"
"23"	"false"	"Who was called Frank The Tank?"		"PREFIX dbp: <http://dbpedia.org/property/> 
SELECT DISTINCT ?uri 
WHERE { 
        ?uri dbp:nickname 'Frank The Tank'@en . 
}"	""	"0.0"	"0.0"	"0.0"	"0.0"	"0.0"	"0.0"
"24"	"false"	"What is the largest country in the world?"		"SELECT DISTINCT ?uri WHERE { ?uri a <http://dbpedia.org/ontology/Country> . ?uri <http://dbpedia.org/ontology/areaTotal> ?n . } ORDER BY DESC(?n) OFFSET 0 LIMIT 1"	""	"0.0"	"0.0"	"1.0"	"0.0"	"0.0"	"0.0"
"25"	"false"	"Who is the mayor of Paris?"		"SELECT DISTINCT ?uri WHERE { <http://dbpedia.org/resource/Paris> <http://dbpedia.org/ontology/mayor> ?uri . }"	""	"0.0"	"0.0"	"1.0"	"0.0"	"0.0"	"0.0"
"26"	"false"	"Who is the coach of Ankara's ice hockey team?"		"SELECT DISTINCT ?uri WHERE { ?x <http://dbpedia.org/ontology/city> <http://dbpedia.org/resource/Ankara> . ?x <http://dbpedia.org/ontology/league> <http://dbpedia.org/resource/Turkish_Ice_Hockey_First_League> . ?x <http://dbpedia.org/ontology/coach> ?uri . }"	""	"0.0"	"0.0"	"1.0"	"0.0"	"0.0"	"0.0"
"27"	"true"	"Who is the mayor of the capital of French Polynesia?"	"^which person is the mayor of the capital of ([\w\s\d-,.']+)\?$"	"PREFIX dbo: <http://dbpedia.org/ontology/>
PREFIX res: <http://dbpedia.org/resource/>
SELECT DISTINCT ?uri 
WHERE { 
        res:French_Polynesia dbo:capital ?x .
        ?x dbo:mayor ?uri .
}"	"select  ?o
    {
    <http://dbpedia.org/resource/French_Polynesia> <http://dbpedia.org/ontology/mayor>  ?o
    }"	"0.0"	"0.0"	"0.0"	"0.0"	"0.0"	"0.0"
"28"	"false"	"Which awards were won by Douglas Hofstadter?"		"PREFIX res: <http://dbpedia.org/resource/>
PREFIX dbo: <http://dbpedia.org/ontology/>
SELECT DISTINCT ?uri
WHERE {
        res:Douglas_Hofstadter dbo:award ?uri .
}"	""	"0.0"	"0.0"	"4.0"	"0.0"	"0.0"	"0.0"
"29"	"false"	"What were the costs of the Lego Movie?"		"SELECT DISTINCT ?n WHERE { <http://dbpedia.org/resource/The_Lego_Movie> <http://dbpedia.org/ontology/budget> ?n . } "	""	"0.0"	"0.0"	"1.0"	"0.0"	"0.0"	"0.0"
"30"	"false"	"Where does Piccadilly start?"		"SELECT DISTINCT ?uri WHERE { ?uri <http://dbpedia.org/ontology/routeStart> <http://dbpedia.org/resource/Piccadilly>. } "	""	"0.0"	"0.0"	"1.0"	"0.0"	"0.0"	"0.0"
"31"	"false"	"Do Prince Harry and Prince William have the same parents?"		"PREFIX dbo: <http://dbpedia.org/ontology/> 
ASK
WHERE { 
        <http://dbpedia.org/resource/Prince_William,_Duke_of_Cambridge> dbo:parent ?x . 
        <http://dbpedia.org/resource/Prince_Harry> dbo:parent ?x .
}"	""	"0.0"	"0.0"	"1.0"	"0.0"	"0.0"	"0.0"
"32"	"false"	"Who played Agent Smith?"		"PREFIX dbp: <http://dbpedia.org/property/>
PREFIX res: <http://dbpedia.org/resource/>
SELECT DISTINCT ?uri
WHERE { 
        res:Agent_Smith dbp:portrayer ?uri . 
}"	""	"0.0"	"0.0"	"3.0"	"0.0"	"0.0"	"0.0"
"33"	"false"	"How many languages are spoken in Turkmenistan?"		"SELECT (COUNT(DISTINCT ?x) as ?c) WHERE {  <http://dbpedia.org/resource/Turkmenistan> <http://dbpedia.org/ontology/language> ?x . } "	""	"0.0"	"0.0"	"1.0"	"0.0"	"0.0"	"0.0"
"34"	"false"	"In which films did Julia Roberts as well as Richard Gere play?"		"SELECT DISTINCT ?uri WHERE {  ?uri <http://www.w3.org/1999/02/22-rdf-syntax-ns#type> <http://dbpedia.org/ontology/Film> .  ?uri <http://dbpedia.org/ontology/starring> <http://dbpedia.org/resource/Julia_Roberts> .  ?uri <http://dbpedia.org/ontology/starring> <http://dbpedia.org/resource/Richard_Gere> . } "	""	"0.0"	"0.0"	"2.0"	"0.0"	"0.0"	"0.0"
"35"	"false"	"In which country does the Ganges start?"		"PREFIX dbo: <http://dbpedia.org/ontology/> 
PREFIX res: <http://dbpedia.org/resource/> 
SELECT DISTINCT ?uri 
WHERE { 
        res:Ganges dbo:sourceCountry ?uri .
}"	""	"0.0"	"0.0"	"0.0"	"0.0"	"0.0"	"0.0"
"36"	"true"	"What is the birth year of Rachel Stevens?"	"^what is the birth year of ([\w\s\d-,.']+)\?$"	"SELECT DISTINCT ?uri WHERE {  <http://dbpedia.org/resource/Rachel_Stevens> <http://dbpedia.org/ontology/birthYear> ?uri . } "	"select  ?o
    {
    <http://dbpedia.org/resource/Rachel_Stevens> <http://dbpedia.org/ontology/birthYear>  ?o
    }"	"0.0"	"0.0"	"0.0"	"0.0"	"0.0"	"0.0"
"37"	"false"	"Is Barack Obama a democrat?"		"PREFIX dbo: <http://dbpedia.org/ontology/>
PREFIX res: <http://dbpedia.org/resource/>
ASK
WHERE { 
        res:Barack_Obama dbo:party <http://dbpedia.org/resource/Democratic_Party_(United_States)> . 
}"	""	"0.0"	"0.0"	"1.0"	"0.0"	"0.0"	"0.0"
"38"	"true"	"What is the birth place of Johann Sebastian Bach?"	"^what is the birth place of ([\w\s\d-,.']+)\?$"	"PREFIX dbo: <http://dbpedia.org/ontology/>
PREFIX res: <http://dbpedia.org/resource/>
SELECT DISTINCT ?uri 
WHERE {
        res:Johann_Sebastian_Bach dbo:birthPlace ?uri .
}"	"select  ?o
    {
    <http://dbpedia.org/resource/Johann_Sebastian_Bach> <http://dbpedia.org/ontology/birthPlace>  ?o
    }"	"1.0"	"0.0"	"0.0"	"1.0"	"1.0"	"1.0"
"39"	"false"	"How often did Jane Fonda marry?"		"SELECT (COUNT(DISTINCT ?uri) as ?c) WHERE {  <http://dbpedia.org/resource/Jane_Fonda> <http://dbpedia.org/ontology/spouse> ?uri . } "	""	"0.0"	"0.0"	"1.0"	"0.0"	"0.0"	"0.0"
"40"	"false"	"Who was the first to climb Mount Everest?"		"PREFIX res: <http://dbpedia.org/resource/>
PREFIX dbo: <http://dbpedia.org/ontology/>
SELECT DISTINCT ?uri
WHERE {
          res:Mount_Everest dbo:firstAscentPerson ?uri . 
}"	""	"0.0"	"0.0"	"2.0"	"0.0"	"0.0"	"0.0"
"41"	"true"	"What is the population of Poland?"	"^what is the total population of ([\w\s\d-,.']+)\?$"	"SELECT DISTINCT ?uri WHERE { <http://dbpedia.org/resource/Poland> <http://dbpedia.org/ontology/populationTotal> ?uri . }  "	"select  ?o
    {
    <http://dbpedia.org/resource/Poland> <http://dbpedia.org/ontology/populationTotal>  ?o
    }"	"1.0"	"0.0"	"0.0"	"1.0"	"1.0"	"1.0"
"42"	"true"	"What is the location of Palace of Westminster?"	"^what is the location of ([\w\s\d-,.']+)\?$"	"SELECT ?uri WHERE {  <http://dbpedia.org/resource/Palace_of_Westminster> <http://dbpedia.org/ontology/location> ?uri . } "	"select  ?o
    {
    <http://dbpedia.org/resource/Palace_of_Westminster> <http://dbpedia.org/ontology/location>  ?o
    }"	"3.0"	"0.0"	"0.0"	"1.0"	"1.0"	"1.0"
"43"	"false"	"Is Christian Bale starring in Batman Begins?"		"PREFIX dbo: <http://dbpedia.org/ontology/>
PREFIX res: <http://dbpedia.org/resource/>
ASK 
WHERE {
	res:Batman_Begins dbo:starring res:Christian_Bale .
}"	""	"0.0"	"0.0"	"1.0"	"0.0"	"0.0"	"0.0"
"44"	"false"	"Where is Limerick Lake located?"		"PREFIX dbo: <http://dbpedia.org/ontology/>
PREFIX res: <http://dbpedia.org/resource/>
SELECT DISTINCT ?uri 
WHERE { 
	res:Limerick_Lake dbo:country ?uri .
}"	""	"0.0"	"0.0"	"1.0"	"0.0"	"0.0"	"0.0"
"45"	"false"	"What was the last movie with Alec Guinness?"		"SELECT DISTINCT ?uri WHERE {  ?uri <http://www.w3.org/1999/02/22-rdf-syntax-ns#type> <http://dbpedia.org/ontology/Film> .  ?uri <http://dbpedia.org/ontology/starring> <http://dbpedia.org/resource/Alec_Guinness> .  ?uri <http://dbpedia.org/ontology/releaseDate> ?date . } ORDER BY DESC(?date) LIMIT 1 "	""	"0.0"	"0.0"	"1.0"	"0.0"	"0.0"	"0.0"
"46"	"false"	"What is the highest mountain in Australia?"		"PREFIX dbo: <http://dbpedia.org/ontology/>
PREFIX res: <http://dbpedia.org/resource/>
PREFIX rdf: <http://www.w3.org/1999/02/22-rdf-syntax-ns#>
SELECT DISTINCT ?uri 
WHERE {
	?uri rdf:type dbo:Mountain .
        ?uri dbo:locatedInArea res:Australia .
        ?uri dbo:elevation ?elevation .
} 
ORDER BY DESC(?elevation) LIMIT 1"	""	"0.0"	"0.0"	"1.0"	"0.0"	"0.0"	"0.0"
"47"	"false"	"Is Frank Herbert still alive?"		"PREFIX dbo: <http://dbpedia.org/ontology/>
PREFIX res: <http://dbpedia.org/resource/>
ASK 
WHERE {
	OPTIONAL { res:Frank_Herbert dbo:deathDate ?date . }
        FILTER (!BOUND(?date))
}"	""	"0.0"	"0.0"	"1.0"	"0.0"	"0.0"	"0.0"
"48"	"false"	"Who created Family Guy?"		"SELECT DISTINCT ?uri WHERE { <http://dbpedia.org/resource/Family_Guy> <http://dbpedia.org/ontology/creator> ?uri . }  "	""	"0.0"	"0.0"	"1.0"	"0.0"	"0.0"	"0.0"
"49"	"false"	"What is the official language of Suriname?"		"PREFIX dbo: <http://dbpedia.org/ontology/>
PREFIX res: <http://dbpedia.org/resource/>
SELECT DISTINCT ?uri
WHERE { 
        res:Suriname dbo:officialLanguage ?uri .
}"	""	"0.0"	"0.0"	"1.0"	"0.0"	"0.0"	"0.0"
"50"	"false"	"Who wrote Hotel California?"		"SELECT DISTINCT ?uri WHERE { <http://dbpedia.org/resource/Hotel_California> <http://dbpedia.org/ontology/writer> ?uri . }"	""	"0.0"	"0.0"	"3.0"	"0.0"	"0.0"	"0.0"
"51"	"false"	"Which actors starred in movies directed by William Shatner?"		"SELECT DISTINCT ?uri WHERE {  ?x <http://dbpedia.org/ontology/director> <http://dbpedia.org/resource/William_Shatner> .  ?x <http://dbpedia.org/ontology/starring> ?uri . } "	""	"0.0"	"0.0"	"7.0"	"0.0"	"0.0"	"0.0"
"52"	"false"	"What are the ingredients of chocolate chip cookie?"		"SELECT DISTINCT ?uri WHERE { <http://dbpedia.org/resource/Chocolate_chip_cookie> <http://dbpedia.org/ontology/ingredient> ?uri . }"	""	"0.0"	"0.0"	"10.0"	"0.0"	"0.0"	"0.0"
"53"	"false"	"Give me all professional skateboarders from Sweden."		"PREFIX dbo: <http://dbpedia.org/ontology/>
PREFIX dbp: <http://dbpedia.org/property/>
PREFIX res: <http://dbpedia.org/resource/>
SELECT DISTINCT ?uri 
WHERE {
	?uri dbo:occupation res:Skateboarding . 
        { ?uri dbo:birthPlace res:Sweden . }
        UNION
        { ?uri dbo:birthPlace ?place . 
          ?place dbo:country res:Sweden . }
}"	""	"0.0"	"0.0"	"0.0"	"0.0"	"0.0"	"0.0"
"54"	"false"	"What are the ingredients of carrot cake?"		"SELECT DISTINCT ?uri WHERE {  <http://dbpedia.org/resource/Carrot_cake> <http://dbpedia.org/ontology/ingredient> ?uri . } "	""	"0.0"	"0.0"	"5.0"	"0.0"	"0.0"	"0.0"
"55"	"false"	"Does Neymar play for Real Madrid?"		"ASK WHERE { <http://dbpedia.org/resource/Neymar> <http://dbpedia.org/ontology/team> <http://dbpedia.org/resource/Real_Madrid_C.F.> . }"	""	"0.0"	"0.0"	"1.0"	"0.0"	"0.0"	"0.0"
"56"	"false"	"Which computer scientist won an oscar?"		"SELECT DISTINCT ?uri WHERE { { ?uri <http://dbpedia.org/ontology/field> <http://dbpedia.org/resource/Computer_science> . } UNION { ?uri <http://purl.org/dc/elements/1.1/description> ?s . FILTER regex(?s,'computer scientist','i') } ?uri <http://dbpedia.org/ontology/award> <http://dbpedia.org/resource/Academy_Awards> . } "	""	"0.0"	"0.0"	"0.0"	"0.0"	"0.0"	"0.0"
"57"	"false"	"How many companies were founded in the same year as Google?"		"SELECT (COUNT(DISTINCT ?uri) as ?c) WHERE {  ?uri <http://www.w3.org/1999/02/22-rdf-syntax-ns#type> <http://dbpedia.org/ontology/Company> .  ?uri <http://dbpedia.org/ontology/foundingYear> ?year .  <http://dbpedia.org/resource/Google> <http://dbpedia.org/ontology/foundingYear> ?year . } "	""	"0.0"	"0.0"	"1.0"	"0.0"	"0.0"	"0.0"
"58"	"true"	"What is the location of the headquarters of Secret Intelligence Service?"	"^what is the location of ([\w\s\d-,.']+)\?$"	"PREFIX res: <http://dbpedia.org/resource/> 
PREFIX dbo: <http://dbpedia.org/ontology/> 
PREFIX rdf: <http://www.w3.org/1999/02/22-rdf-syntax-ns#>
SELECT DISTINCT ?uri 
WHERE { 
        res:Secret_Intelligence_Service dbo:headquarter ?uri . 
        ?uri dbo:country res:United_Kingdom . 
}"	"select  ?o
    {
    <http://dbpedia.org/resource/United_Kingdom> <http://dbpedia.org/ontology/location>  ?o
    }"	"0.0"	"0.0"	"2.0"	"0.0"	"0.0"	"0.0"
"59"	"false"	"Was the Cuban Missile Crisis earlier than the Bay of Pigs Invasion?"		"PREFIX dbo: <http://dbpedia.org/ontology/>
PREFIX res: <http://dbpedia.org/resource/>
ASK 
WHERE {
        res:Cuban_Missile_Crisis dbo:date ?x .
	res:Bay_of_Pigs_Invasion dbo:date ?y .
	FILTER (?x < ?y)
}"	""	"0.0"	"0.0"	"1.0"	"0.0"	"0.0"	"0.0"
"60"	"false"	"What does IYCM stand for?"		"PREFIX dbo: <http://dbpedia.org/ontology/>
PREFIX res: <http://dbpedia.org/resource/>
SELECT DISTINCT ?uri
WHERE {
        ?uri dbo:abbreviation 'IYCM' .
}"	""	"0.0"	"0.0"	"1.0"	"0.0"	"0.0"	"0.0"
"61"	"true"	"What is the dissolution date of Ming dynasty?"	"^what is the dissolution date of ([\w\s\d-,.']+)\?$"	"PREFIX res: <http://dbpedia.org/resource/>
PREFIX dbo: <http://dbpedia.org/ontology/> 
SELECT DISTINCT ?date
WHERE {  
        res:Ming_dynasty dbo:dissolutionDate ?date .
}"	"select  ?o
    {
    <http://dbpedia.org/resource/Ming_dynasty> <http://dbpedia.org/ontology/dissolutionDate>  ?o
    }"	"0.0"	"0.0"	"0.0"	"0.0"	"0.0"	"0.0"
"62"	"false"	"List all episodes of the first season of the HBO television series The Sopranos!"		"PREFIX dbo: <http://dbpedia.org/ontology/>
PREFIX res: <http://dbpedia.org/resource/>
SELECT DISTINCT ?uri 
WHERE {
	?uri dbo:series res:The_Sopranos  .
        ?uri dbo:seasonNumber 1 .
}"	""	"0.0"	"0.0"	"0.0"	"0.0"	"0.0"	"0.0"
"63"	"false"	"What is the population of Melbourne, Florida?"		"PREFIX dbo: <http://dbpedia.org/ontology/> 
SELECT ?uri 
WHERE { 
        <http://dbpedia.org/resource/Melbourne,_Florida> dbo:populationTotal ?uri .
}"	""	"0.0"	"0.0"	"1.0"	"0.0"	"0.0"	"0.0"
"64"	"false"	"Did Arnold Schwarzenegger attend a university?"		"PREFIX dbo: <http://dbpedia.org/ontology/>
PREFIX res: <http://dbpedia.org/resource/> 
PREFIX rdf: <http://www.w3.org/1999/02/22-rdf-syntax-ns#>
ASK
WHERE {
        res:Arnold_Schwarzenegger dbo:almaMater ?x .
        ?x rdf:type dbo:University .
}"	""	"0.0"	"0.0"	"1.0"	"0.0"	"0.0"	"0.0"
"65"	"true"	"What is the location of Mount Everest?"	"^what is the location of ([\w\s\d-,.']+)\?$"	"PREFIX dbo: <http://dbpedia.org/ontology/>
PREFIX res: <http://dbpedia.org/resource/>
PREFIX rdf: <http://www.w3.org/1999/02/22-rdf-syntax-ns#> 
SELECT DISTINCT ?uri
WHERE { 
        res:Mount_Everest dbo:locatedInArea ?uri . 
        ?uri rdf:type dbo:Country .
}"	"select  ?o
    {
    <http://dbpedia.org/ontology/Country> <http://dbpedia.org/ontology/location>  ?o
    }"	"0.0"	"0.0"	"2.0"	"0.0"	"0.0"	"0.0"
"66"	"false"	"What is the largest city in Australia?"		"PREFIX dbo: <http://dbpedia.org/ontology/>
PREFIX res: <http://dbpedia.org/resource/>
SELECT DISTINCT ?uri 
WHERE {
	res:Australia dbo:largestCity ?uri .
}"	""	"0.0"	"0.0"	"1.0"	"0.0"	"0.0"	"0.0"
"67"	"false"	"Which launch pads are operated by NASA?"		"PREFIX dbo: <http://dbpedia.org/ontology/> 
PREFIX res: <http://dbpedia.org/resource/> 
PREFIX rdf: <http://www.w3.org/1999/02/22-rdf-syntax-ns#> 
SELECT DISTINCT ?uri 
WHERE { 
        ?uri rdf:type dbo:LaunchPad .  
        ?uri dbo:operator res:NASA . 
}"	""	"0.0"	"0.0"	"13.0"	"0.0"	"0.0"	"0.0"
"68"	"false"	"Who is the mayor of Tel Aviv?"		"PREFIX dbo: <http://dbpedia.org/ontology/>
PREFIX res: <http://dbpedia.org/resource/>
SELECT DISTINCT ?uri
WHERE { 
        res:Tel_Aviv dbo:leaderName ?uri .
}"	""	"0.0"	"0.0"	"0.0"	"0.0"	"0.0"	"0.0"
"69"	"false"	"List all episodes of the first season of the HBO television series The Sopranos."		"PREFIX dbo: <http://dbpedia.org/ontology/>
PREFIX res: <http://dbpedia.org/resource/>
SELECT DISTINCT ?uri 
WHERE {
        ?uri dbo:series res:The_Sopranos  .
        ?uri dbo:seasonNumber 1 .
}"	""	"0.0"	"0.0"	"0.0"	"0.0"	"0.0"	"0.0"
"70"	"false"	"Who created Batman?"		"SELECT DISTINCT ?uri WHERE {  <http://dbpedia.org/resource/Batman> <http://dbpedia.org/ontology/creator> ?uri . } "	""	"0.0"	"0.0"	"2.0"	"0.0"	"0.0"	"0.0"
"71"	"false"	"Who played Gus Fring?"		"SELECT DISTINCT ?uri WHERE { <http://dbpedia.org/resource/Gus_Fring> <http://dbpedia.org/ontology/portrayer> ?uri . }"	""	"0.0"	"0.0"	"1.0"	"0.0"	"0.0"	"0.0"
"72"	"false"	"What is the programming language of GIMP?"		"PREFIX dbo: <http://dbpedia.org/ontology/>
PREFIX res: <http://dbpedia.org/resource/>
SELECT DISTINCT ?uri 
WHERE { 
	res:GIMP dbo:programmingLanguage ?uri .
}"	""	"0.0"	"0.0"	"2.0"	"0.0"	"0.0"	"0.0"
"73"	"false"	"In which ancient empire could you pay with cocoa beans?"		"SELECT DISTINCT ?uri WHERE { ?uri <http://dbpedia.org/ontology/currency> <http://dbpedia.org/resource/Cocoa_bean> . }"	""	"0.0"	"0.0"	"1.0"	"0.0"	"0.0"	"0.0"
"74"	"false"	"Who is the editor of Forbes?"		"PREFIX res: <http://dbpedia.org/resource/>
PREFIX dbo: <http://dbpedia.org/ontology/>
SELECT DISTINCT ?uri 
WHERE {
        res:Forbes dbo:editor ?uri .
}"	""	"0.0"	"0.0"	"1.0"	"0.0"	"0.0"	"0.0"
"75"	"true"	"What is the population of the capital of Australia?"	"^what is the capital of ([\w\s\d-,.']+)\?$"	"PREFIX dbo: <http://dbpedia.org/ontology/>
PREFIX res: <http://dbpedia.org/resource/>
SELECT DISTINCT ?num 
WHERE {
        res:Australia dbo:capital ?x .
        ?x dbo:populationTotal ?num .
}"	"select  ?o
    {
    <http://dbpedia.org/resource/Australia> <http://dbpedia.org/ontology/capital>  ?o
    }"	"0.0"	"1.0"	"1.0"	"0.0"	"0.0"	"0.0"
"76"	"false"	"Which professional surfers were born in Australia?"		"PREFIX dbo: <http://dbpedia.org/ontology/> 
PREFIX res: <http://dbpedia.org/resource/> 
SELECT DISTINCT ?uri 
WHERE { 
        ?uri dbo:occupation res:Surfing .  
        ?uri dbo:birthPlace res:Australia . 
}"	""	"0.0"	"0.0"	"0.0"	"0.0"	"0.0"	"0.0"
"77"	"false"	"Which electronics companies were founded in Beijing?"		"SELECT DISTINCT ?uri WHERE { ?uri a <http://dbpedia.org/ontology/Company> . ?uri <http://dbpedia.org/ontology/industry> <http://dbpedia.org/resource/Electronics> . ?uri <http://dbpedia.org/ontology/foundationPlace> <http://dbpedia.org/resource/Beijing> . }"	""	"0.0"	"0.0"	"0.0"	"0.0"	"0.0"	"0.0"
"78"	"false"	"Which video games were published by Mean Hamster Software?"		"PREFIX dbo: <http://dbpedia.org/ontology/>
PREFIX res: <http://dbpedia.org/resource/>
PREFIX rdf: <http://www.w3.org/1999/02/22-rdf-syntax-ns#>
SELECT DISTINCT ?uri 
WHERE {
      ?uri rdf:type dbo:VideoGame .
      ?uri dbo:publisher res:Mean_Hamster_Software . 
}"	""	"0.0"	"0.0"	"1.0"	"0.0"	"0.0"	"0.0"
"79"	"true"	"What is the number of locations of Aldi?"	"^what is the number of pages of ([\w\s\d-,.']+)\?$"	"SELECT DISTINCT ?number WHERE {  <http://dbpedia.org/resource/Aldi> <http://dbpedia.org/ontology/numberOfLocations> ?number . } "	"select  ?o
    {
    <http://dbpedia.org/resource/Aldi> <http://dbpedia.org/ontology/numberOfPages>  ?o
    }"	"0.0"	"0.0"	"1.0"	"0.0"	"0.0"	"0.0"
"80"	"true"	"What is the capital of Cameroon?"	"^what is the capital of ([\w\s\d-,.']+)\?$"	"SELECT DISTINCT ?uri WHERE { <http://dbpedia.org/resource/Cameroon> <http://dbpedia.org/ontology/capital> ?uri. } "	"select  ?o
    {
    <http://dbpedia.org/resource/Cameroon> <http://dbpedia.org/ontology/capital>  ?o
    }"	"1.0"	"0.0"	"0.0"	"1.0"	"1.0"	"1.0"
"81"	"false"	"Is there a video game called Battle Chess?"		"PREFIX dbo: <http://dbpedia.org/ontology/>
PREFIX rdf: <http://www.w3.org/1999/02/22-rdf-syntax-ns#>
PREFIX rdfs: <http://www.w3.org/2000/01/rdf-schema#>
ASK 
WHERE {
	?uri rdf:type dbo:VideoGame .
        ?uri rdfs:label 'Battle Chess'@en .
}"	""	"0.0"	"0.0"	"1.0"	"0.0"	"0.0"	"0.0"
"82"	"false"	"Was the wife of president Lincoln called Mary?"		"PREFIX dbo: <http://dbpedia.org/ontology/>
PREFIX res: <http://dbpedia.org/resource/>
PREFIX rdfs: <http://www.w3.org/2000/01/rdf-schema#>
ASK 
WHERE {
        res:Abraham_Lincoln dbo:spouse ?spouse .
        ?spouse rdfs:label ?name .
        FILTER(regex(?name,'Mary')) 
}"	""	"0.0"	"0.0"	"1.0"	"0.0"	"0.0"	"0.0"
"83"	"false"	"Which movies were directed by Francis Ford Coppola?"		"SELECT DISTINCT ?uri WHERE {  ?uri <http://www.w3.org/1999/02/22-rdf-syntax-ns#type> <http://dbpedia.org/ontology/Film> .  ?uri <http://dbpedia.org/ontology/director> <http://dbpedia.org/resource/Francis_Ford_Coppola> . } "	""	"0.0"	"0.0"	"32.0"	"0.0"	"0.0"	"0.0"
"84"	"false"	"Which of Tim Burton's films had the highest budget?"		"PREFIX dbo: <http://dbpedia.org/ontology/>
PREFIX res: <http://dbpedia.org/resource/>
SELECT DISTINCT ?uri 
WHERE { 
        ?uri dbo:director res:Tim_Burton .
        ?uri dbo:budget ?b .
}
ORDER BY ?b
OFFSET 0 LIMIT 1"	""	"0.0"	"0.0"	"1.0"	"0.0"	"0.0"	"0.0"
"85"	"false"	"Does Breaking Bad have more episodes than Game of Thrones?"		"PREFIX dbo: <http://dbpedia.org/ontology/> 
PREFIX res: <http://dbpedia.org/resource/> 
ASK 
WHERE { 
        res:Breaking_Bad dbo:numberOfEpisodes ?x . 
        res:Game_of_Thrones dbo:numberOfEpisodes ?y . 
        FILTER (?y > ?x) 
}"	""	"0.0"	"0.0"	"1.0"	"0.0"	"0.0"	"0.0"
"86"	"false"	"Who was called Rodzilla?"		"PREFIX dbp: <http://dbpedia.org/property/> 
SELECT DISTINCT ?uri 
WHERE { 
         ?uri dbp:nickname ""Rodzilla""@en .
}"	""	"0.0"	"0.0"	"0.0"	"0.0"	"0.0"	"0.0"
"87"	"false"	"Was Natalie Portman born in the United States?"		"PREFIX dbo: <http://dbpedia.org/ontology/>
PREFIX res: <http://dbpedia.org/resource/>
ASK 
WHERE { 
	res:Natalie_Portman dbo:birthPlace ?city .
      	?city dbo:country res:United_States .
}"	""	"0.0"	"0.0"	"1.0"	"0.0"	"0.0"	"0.0"
"88"	"false"	"Who are the children of the children of Elvis Presley?"		"SELECT DISTINCT ?uri WHERE { <http://dbpedia.org/resource/Elvis_Presley> <http://dbpedia.org/ontology/child> ?child . ?child <http://dbpedia.org/ontology/child> ?uri . }"	""	"0.0"	"0.0"	"1.0"	"0.0"	"0.0"	"0.0"
"89"	"false"	"Which movies starring Mickey Rourke were directed by Guy Ritchie?"		"SELECT DISTINCT ?uri WHERE { ?uri <http://www.w3.org/1999/02/22-rdf-syntax-ns#type> <http://dbpedia.org/ontology/Film> . ?uri <http://dbpedia.org/ontology/starring> <http://dbpedia.org/resource/Mickey_Rourke> . ?uri <http://dbpedia.org/ontology/director> <http://dbpedia.org/resource/Guy_Ritchie> . } "	""	"0.0"	"0.0"	"1.0"	"0.0"	"0.0"	"0.0"
"90"	"true"	"What is the death date of the creator of Count Dracula?"	"^what is the death date of ([\w\s\d-,.']+)\?$"	"SELECT DISTINCT ?date WHERE {  <http://dbpedia.org/resource/Count_Dracula> <http://dbpedia.org/ontology/creator> ?x .  ?x <http://dbpedia.org/ontology/deathDate> ?date . } "	"select  ?o
    {
    <http://dbpedia.org/resource/Count_Dracula> <http://dbpedia.org/ontology/deathDate>  ?o
    }"	"0.0"	"0.0"	"1.0"	"0.0"	"0.0"	"0.0"
"91"	"true"	"What is the nationality of the creator of Miffy?"	"^what is the nationality of ([\w\s\d-,.']+)\?$"	"PREFIX dbo: <http://dbpedia.org/ontology/>
PREFIX res: <http://dbpedia.org/resource/>
SELECT DISTINCT ?uri 
WHERE {
	res:Miffy dbo:creator ?x .
	?x dbo:nationality ?uri .
}"	"select  ?o
    {
    <http://dbpedia.org/resource/Miffy> <http://dbpedia.org/ontology/nationality>  ?o
    }"	"0.0"	"0.0"	"0.0"	"0.0"	"0.0"	"0.0"
"92"	"false"	"Who is the alter ego of Batman?"		"SELECT DISTINCT ?s WHERE { <http://dbpedia.org/resource/Batman> <http://dbpedia.org/property/alterEgo> ?s . }"	""	"0.0"	"0.0"	"1.0"	"0.0"	"0.0"	"0.0"
"93"	"true"	"What is the form of government of Russia?"	"^what was the form of government of ([\w\s\d-,.']+)\?$"	"SELECT DISTINCT ?uri WHERE { <http://dbpedia.org/resource/Russia> <http://dbpedia.org/ontology/governmentType> ?uri . } "	"select  ?o
    {
    <http://dbpedia.org/resource/Russia> <http://dbpedia.org/ontology/governmentType>  ?o
    }"	"1.0"	"0.0"	"0.0"	"1.0"	"1.0"	"1.0"
"94"	"false"	"How many companies were founded by the founder of Facebook?"		"SELECT (COUNT(DISTINCT ?uri) as ?c) WHERE {  <http://dbpedia.org/resource/Facebook> <http://dbpedia.org/ontology/foundedBy> ?uri .  ?uri <http://dbpedia.org/ontology/foundedBy> ?uri . } "	""	"0.0"	"0.0"	"1.0"	"0.0"	"0.0"	"0.0"
"95"	"false"	"Give me all Canadian Grunge record labels."		"PREFIX dbo: <http://dbpedia.org/ontology/>
PREFIX res: <http://dbpedia.org/resource/>
PREFIX rdf: <http://www.w3.org/1999/02/22-rdf-syntax-ns#>
SELECT DISTINCT ?uri 
WHERE {
	?uri rdf:type dbo:RecordLabel .
        ?uri dbo:genre res:Grunge .
        ?uri dbo:country res:Canada .
}"	""	"0.0"	"0.0"	"1.0"	"0.0"	"0.0"	"0.0"
"96"	"false"	"How many children did Benjamin Franklin have?"		"SELECT (COUNT(DISTINCT ?uri) as ?c) WHERE {  <http://dbpedia.org/resource/Benjamin_Franklin> <http://dbpedia.org/ontology/child> ?uri . } "	""	"0.0"	"0.0"	"1.0"	"0.0"	"0.0"	"0.0"
"97"	"false"	"Who are the children of Margaret Thatcher?"		"PREFIX res: <http://dbpedia.org/resource/>
PREFIX dbo: <http://dbpedia.org/ontology/>
SELECT DISTINCT ?uri 
WHERE {
	res:Margaret_Thatcher dbo:child ?uri .
}"	""	"0.0"	"0.0"	"2.0"	"0.0"	"0.0"	"0.0"
"98"	"false"	"What is the wine region of Melon de Bourgogne?"		"PREFIX res: <http://dbpedia.org/resource/>
PREFIX dbo: <http://dbpedia.org/ontology/> 
SELECT DISTINCT ?uri
WHERE {
        res:Melon_de_Bourgogne dbo:wineRegion ?uri .
}"	""	"0.0"	"0.0"	"4.0"	"0.0"	"0.0"	"0.0"
"99"	"false"	"Who is the oldest child of Meryl Streep?"		"PREFIX dbo: <http://dbpedia.org/ontology/>
PREFIX res: <http://dbpedia.org/resource/>
SELECT DISTINCT ?uri
WHERE { 
        res:Meryl_Streep dbo:child ?uri . 
        ?uri dbo:birthDate ?d .
}
ORDER BY ASC(?d)
OFFSET 0 LIMIT 1"	""	"0.0"	"0.0"	"1.0"	"0.0"	"0.0"	"0.0"
"100"	"false"	"Are tree frogs a type of amphibian?"		"PREFIX dbo: <http://dbpedia.org/ontology/> 
PREFIX res: <http://dbpedia.org/resource/> 
ASK 
WHERE { 
        res:Hylidae dbo:class res:Amphibian . 
}"	""	"0.0"	"0.0"	"1.0"	"0.0"	"0.0"	"0.0"
"101"	"false"	"Is Christian Bale starring in Velvet Goldmine?"		"PREFIX dbo: <http://dbpedia.org/ontology/>
PREFIX res: <http://dbpedia.org/resource/>
ASK
WHERE {
        res:Velvet_Goldmine dbo:starring res:Christian_Bale .
}"	""	"0.0"	"0.0"	"1.0"	"0.0"	"0.0"	"0.0"
"102"	"false"	"What was published by GMT?"		"PREFIX dbo: <http://dbpedia.org/ontology/>
PREFIX res: <http://dbpedia.org/resource/>
SELECT DISTINCT ?uri 
WHERE {	
        ?uri dbo:publisher res:GMT_Games .
}"	""	"0.0"	"0.0"	"8.0"	"0.0"	"0.0"	"0.0"
"103"	"false"	"Does the Isar flow into a lake?"		"PREFIX dbo: <http://dbpedia.org/ontology/>
PREFIX res: <http://dbpedia.org/resource/>
PREFIX rdf: <http://www.w3.org/1999/02/22-rdf-syntax-ns#>
ASK
WHERE {
        ?x dbo:inflow res:Isar .
        ?x rdf:type dbo:Lake . 
}"	""	"0.0"	"0.0"	"1.0"	"0.0"	"0.0"	"0.0"
"104"	"false"	"Which airports are served by Yeti Airlines?"		"SELECT DISTINCT ?uri WHERE {  <http://dbpedia.org/resource/Yeti_Airlines> <http://dbpedia.org/ontology/targetAirport> ?uri . }"	""	"0.0"	"0.0"	"4.0"	"0.0"	"0.0"	"0.0"
"105"	"false"	"Which Indian company has the most employees?"		"SELECT DISTINCT ?uri WHERE { ?uri a <http://dbpedia.org/ontology/Company> . ?uri <http://dbpedia.org/ontology/location> <http://dbpedia.org/resource/India> . ?uri <http://dbpedia.org/ontology/numberOfEmployees> ?n . } ORDER BY DESC(?n) OFFSET 0 LIMIT 1"	""	"0.0"	"0.0"	"1.0"	"0.0"	"0.0"	"0.0"
"106"	"false"	"What color expresses loyalty?"		"SELECT DISTINCT ?uri WHERE { ?uri <http://dbpedia.org/ontology/connotation> <http://dbpedia.org/resource/Loyalty> . }"	""	"0.0"	"0.0"	"0.0"	"0.0"	"0.0"	"0.0"
"107"	"false"	"Which city has the most inhabitants?"		"PREFIX dbo: <http://dbpedia.org/ontology/> 
PREFIX res: <http://dbpedia.org/resource/> 
PREFIX rdf: <http://www.w3.org/1999/02/22-rdf-syntax-ns#> 
SELECT DISTINCT ?uri
WHERE { 
         ?uri rdf:type dbo:City . 
         ?uri dbo:populationTotal ?pop . 
}
ORDER BY DESC(?pop)
OFFSET 0 LIMIT 1"	""	"0.0"	"0.0"	"1.0"	"0.0"	"0.0"	"0.0"
"108"	"false"	"Who created Wikipedia?"		"PREFIX dbo: <http://dbpedia.org/ontology/>
PREFIX res: <http://dbpedia.org/resource/>
SELECT DISTINCT ?uri
WHERE {
	res:Wikipedia dbo:author ?uri .
}"	""	"0.0"	"0.0"	"0.0"	"0.0"	"0.0"	"0.0"
"109"	"false"	"Is Rita Wilson the wife of Tom Hanks?"		"PREFIX dbo: <http://dbpedia.org/ontology/> 
PREFIX res: <http://dbpedia.org/resource/> 
ASK 
WHERE { 
        res:Tom_Hanks dbo:spouse res:Rita_Wilson . 
}"	""	"0.0"	"0.0"	"1.0"	"0.0"	"0.0"	"0.0"
"110"	"false"	"Is the wife of president Obama called Michelle?"		"PREFIX dbo: <http://dbpedia.org/ontology/>
PREFIX res: <http://dbpedia.org/resource/>
PREFIX rdfs: <http://www.w3.org/2000/01/rdf-schema#>
ASK 
WHERE {
        res:Barack_Obama dbo:spouse ?spouse .
        ?spouse rdfs:label ?name .
        FILTER(regex(?name,'Michelle')) 
}"	""	"0.0"	"0.0"	"1.0"	"0.0"	"0.0"	"0.0"
"111"	"false"	"How many ethnic groups live in Slovenia?"		"SELECT (COUNT(DISTINCT ?uri) as ?c) WHERE {  <http://dbpedia.org/resource/Slovenia> <http://dbpedia.org/ontology/ethnicGroup> ?uri . } "	""	"0.0"	"0.0"	"1.0"	"0.0"	"0.0"	"0.0"
"112"	"false"	"Who is the leader of Eritrea?"		"SELECT DISTINCT ?uri WHERE { <http://dbpedia.org/resource/Eritrea> <http://dbpedia.org/ontology/leader> ?uri . <http://dbpedia.org/resource/Eritrea> <http://dbpedia.org/ontology/leaderTitle> 'President'@en . }  "	""	"0.0"	"0.0"	"0.0"	"0.0"	"0.0"	"0.0"
"113"	"false"	"Which movies were directed by Stanley Kubrick?"		"SELECT DISTINCT ?uri WHERE { ?uri <http://dbpedia.org/ontology/director> <http://dbpedia.org/resource/Stanley_Kubrick> . }"	""	"0.0"	"0.0"	"16.0"	"0.0"	"0.0"	"0.0"
"114"	"true"	"What is the completion date of RMS Titanic?"	"^what is the completion date of ([\w\s\d-,.']+)\?$"	"PREFIX dbo: <http://dbpedia.org/ontology/>
PREFIX res: <http://dbpedia.org/resource/>
SELECT DISTINCT ?date
WHERE { 
        res:RMS_Titanic dbo:completionDate ?date . 
}"	"select  ?o
    {
    <http://dbpedia.org/resource/RMS_Titanic> <http://dbpedia.org/ontology/completionDate>  ?o
    }"	"0.0"	"0.0"	"0.0"	"0.0"	"0.0"	"0.0"
"115"	"true"	"What is the number of pages of War and Peace?"	"^what is the number of pages of ([\w\s\d-,.']+)\?$"	"PREFIX dbo: <http://dbpedia.org/ontology/>
PREFIX res: <http://dbpedia.org/resource/>
SELECT DISTINCT ?n
WHERE {
        res:War_and_Peace dbo:numberOfPages ?n .
}"	"select  ?o
    {
    <http://dbpedia.org/resource/War_and_Peace> <http://dbpedia.org/ontology/numberOfPages>  ?o
    }"	"1.0"	"0.0"	"0.0"	"1.0"	"1.0"	"1.0"
"116"	"false"	"Who is the youngest player in the Premier League?"		"PREFIX dbo: <http://dbpedia.org/ontology/> 
PREFIX res: <http://dbpedia.org/resource/> 
SELECT DISTINCT ?uri 
WHERE { 
        ?uri dbo:team ?x . 
        ?x dbo:league res:Premier_League . 
        ?uri dbo:birthDate ?y . 
} 
ORDER BY DESC(?y) 
OFFSET 0 LIMIT 1"	""	"0.0"	"0.0"	"0.0"	"0.0"	"0.0"	"0.0"
"117"	"false"	"What is the highest mountain in Italy?"		"PREFIX dbo: <http://dbpedia.org/ontology/>
PREFIX res: <http://dbpedia.org/resource/>
PREFIX rdf: <http://www.w3.org/1999/02/22-rdf-syntax-ns#>
SELECT DISTINCT ?uri
WHERE {
        ?uri rdf:type dbo:Mountain .
        ?uri dbo:locatedInArea res:Italy .
        ?uri dbo:elevation ?num .
}
ORDER BY DESC(?num)
OFFSET 0 LIMIT 1"	""	"0.0"	"0.0"	"1.0"	"0.0"	"0.0"	"0.0"
"118"	"true"	"What is the height of Claudia Schiffer?"	"^what is the height of ([\w\s\d-,.']+)\?$"	"PREFIX res: <http://dbpedia.org/resource/>
PREFIX dbo: <http://dbpedia.org/ontology/>
SELECT DISTINCT ?height 
WHERE {       
        res:Claudia_Schiffer dbo:height ?height .      
}"	"select  ?o
    {
    <http://dbpedia.org/resource/Claudia_Schiffer> <http://dbpedia.org/ontology/height>  ?o
    }"	"1.0"	"0.0"	"0.0"	"1.0"	"1.0"	"1.0"
"119"	"false"	"Who was the vice president of John F. Kennedy?"		"PREFIX dbo: <http://dbpedia.org/ontology/> 
PREFIX res: <http://dbpedia.org/resource/> 
SELECT DISTINCT ?uri 
WHERE { res:John_F._Kennedy dbo:vicePresident ?uri . 
}"	""	"0.0"	"0.0"	"0.0"	"0.0"	"0.0"	"0.0"
"120"	"false"	"Which subsidiary of Lufthansa serves both Dortmund and Berlin Tegel?"		"PREFIX res: <http://dbpedia.org/resource/>
PREFIX dbo: <http://dbpedia.org/ontology/> 
SELECT DISTINCT ?uri 
WHERE {
        res:Lufthansa dbo:subsidiary ?uri .
        ?uri dbo:targetAirport res:Dortmund_Airport .
        ?uri dbo:targetAirport res:Berlin_Tegel_Airport .
}"	""	"0.0"	"0.0"	"0.0"	"0.0"	"0.0"	"0.0"
"121"	"false"	"Who was the successor of John F. Kennedy?"		"PREFIX dbo: <http://dbpedia.org/ontology/>
PREFIX res: <http://dbpedia.org/resource/>
SELECT DISTINCT ?uri 
WHERE {
	res:John_F._Kennedy dbo:successor ?uri .
}"	""	"0.0"	"0.0"	"0.0"	"0.0"	"0.0"	"0.0"
"122"	"false"	"Who was the music composer for Titanic?"		"SELECT DISTINCT ?uri WHERE { <http://dbpedia.org/resource/Titanic_(1997_film)> <http://dbpedia.org/ontology/musicComposer> ?uri . } "	""	"0.0"	"0.0"	"1.0"	"0.0"	"0.0"	"0.0"
"123"	"false"	"Which movies were directed by Akira Kurosawa?"		"PREFIX dbo: <http://dbpedia.org/ontology/>
PREFIX res: <http://dbpedia.org/resource/>
PREFIX rdf: <http://www.w3.org/1999/02/22-rdf-syntax-ns#>
SELECT DISTINCT ?uri
WHERE {
        ?uri rdf:type dbo:Film .
        ?uri dbo:director res:Akira_Kurosawa .
}"	""	"0.0"	"0.0"	"32.0"	"0.0"	"0.0"	"0.0"
"124"	"false"	"For which label did Elvis record his first album?"		"PREFIX dbo: <http://dbpedia.org/ontology/>
PREFIX res: <http://dbpedia.org/resource/>
PREFIX rdf: <http://www.w3.org/1999/02/22-rdf-syntax-ns#>
SELECT DISTINCT ?uri 
WHERE {
        ?x rdf:type dbo:Album .
        ?x dbo:artist res:Elvis_Presley .
        ?x dbo:releaseDate ?y .
        ?x dbo:recordLabel ?uri .
}
ORDER BY ASC(?y) 
OFFSET 0 LIMIT 1"	""	"0.0"	"0.0"	"1.0"	"0.0"	"0.0"	"0.0"
"125"	"true"	"What is the time zone of Rome?"	"^what is the time zone of ([\w\s\d-,.']+)\?$"	"SELECT DISTINCT ?uri WHERE { <http://dbpedia.org/resource/Rome> <http://dbpedia.org/ontology/timeZone> ?uri . } "	"select  ?o
    {
    <http://dbpedia.org/resource/Rome> <http://dbpedia.org/ontology/timezone>  ?o
    }"	"0.0"	"0.0"	"1.0"	"0.0"	"0.0"	"0.0"
"126"	"true"	"What is the currency of China?"	"^what is the currency of ([\w\s\d-,.']+)\?$"	"PREFIX res: <http://dbpedia.org/resource/>
PREFIX dbo: <http://dbpedia.org/ontology/> 
SELECT DISTINCT ?uri
WHERE {  
   res:China dbo:currency ?uri . 
}"	"select  ?o
    {
    <http://dbpedia.org/resource/China> <http://dbpedia.org/ontology/currency>  ?o
    }"	"1.0"	"0.0"	"0.0"	"1.0"	"1.0"	"1.0"
"127"	"false"	"Who are the developers of DBpedia?"		"SELECT DISTINCT ?uri WHERE { <http://dbpedia.org/resource/DBpedia> <http://dbpedia.org/ontology/developer> ?uri . }"	""	"0.0"	"0.0"	"3.0"	"0.0"	"0.0"	"0.0"
"128"	"false"	"Does Abraham Lincoln's death place have a website?"		"PREFIX dbo: <http://dbpedia.org/ontology/>
PREFIX res: <http://dbpedia.org/resource/>
ASK 
WHERE {
        res:Abraham_Lincoln dbo:deathPlace ?p .
        ?p dbo:website ?w . 
}"	""	"0.0"	"0.0"	"1.0"	"0.0"	"0.0"	"0.0"
"129"	"false"	"Who is the leader of Netherlands?"		"SELECT DISTINCT ?uri WHERE { <http://dbpedia.org/resource/Netherlands> <http://dbpedia.org/ontology/leader> ?uri . ?uri a <http://dbpedia.org/ontology/Royalty> . } "	""	"0.0"	"0.0"	"0.0"	"0.0"	"0.0"	"0.0"
"130"	"true"	"What was the death place of Nikos Kazantzakis?"	"^what was the death place of ([\w\s\d-,.']+)\?$"	"SELECT DISTINCT ?uri WHERE { <http://dbpedia.org/resource/Nikos_Kazantzakis> <http://dbpedia.org/ontology/deathPlace> ?uri . ?uri a <http://dbpedia.org/ontology/Town> . }"	"select  ?o
    {
    <http://dbpedia.org/ontology/Town> <http://dbpedia.org/ontology/deathPlace>  ?o
    }"	"0.0"	"0.0"	"1.0"	"0.0"	"0.0"	"0.0"
"131"	"false"	"Who was the father of Elizabeth II?"		"PREFIX res: <http://dbpedia.org/resource/>
PREFIX dbp: <http://dbpedia.org/property/>
SELECT DISTINCT ?uri
WHERE { 
        res:Elizabeth_II dbp:father ?uri .
}"	""	"0.0"	"0.0"	"1.0"	"0.0"	"0.0"	"0.0"
"132"	"false"	"Give me a list of all critically endangered birds."		"SELECT DISTINCT ?uri ?p WHERE { ?uri a <http://dbpedia.org/ontology/Bird> . { ?uri <http://dbpedia.org/ontology/conservationStatus> 'CR'^^<http://www.w3.org/2001/XMLSchema#string> . } UNION { ?uri <http://purl.org/dc/terms/subject> <http://dbpedia.org/resource/Category:Critically_endangered_animals> . } }"	""	"0.0"	"0.0"	"27.0"	"0.0"	"0.0"	"0.0"
"133"	"true"	"What is the population of the largest city of Canada?"	"^what is the largest city of ([\w\s\d-,.']+)\?$"	"PREFIX dbo: <http://dbpedia.org/ontology/>
PREFIX res: <http://dbpedia.org/resource/>
SELECT DISTINCT ?num
WHERE {
        res:Canada dbo:largestCity ?city . 
        ?city dbo:populationTotal ?num .
}"	"select  ?o
    {
    <http://dbpedia.org/resource/Canada> <http://dbpedia.org/ontology/largestCity>  ?o
    }"	"0.0"	"1.0"	"1.0"	"0.0"	"0.0"	"0.0"
"134"	"false"	"In which military conflicts did Lawrence of Arabia participate?"		"PREFIX dbo: <http://dbpedia.org/ontology/> 
PREFIX res: <http://dbpedia.org/resource/> 
SELECT DISTINCT ?uri 
WHERE { 
        res:T._E._Lawrence dbo:battle ?uri . 
}"	""	"0.0"	"0.0"	"6.0"	"0.0"	"0.0"	"0.0"
"135"	"false"	"Which book has the most pages?"		"PREFIX dbo: <http://dbpedia.org/ontology/>
PREFIX rdf: <http://www.w3.org/1999/02/22-rdf-syntax-ns#> 
SELECT DISTINCT ?uri
WHERE { 
        ?uri rdf:type dbo:Book . 
        ?uri dbo:numberOfPages ?n .
}
ORDER BY DESC(?n)
OFFSET 0 LIMIT 1"	""	"0.0"	"0.0"	"1.0"	"0.0"	"0.0"	"0.0"
"136"	"false"	"In which country does the Nile start?"		"PREFIX dbo: <http://dbpedia.org/ontology/>
PREFIX res: <http://dbpedia.org/resource/>
SELECT DISTINCT ?uri
WHERE {       
        res:Nile dbo:sourceCountry ?uri .
}"	""	"0.0"	"0.0"	"0.0"	"0.0"	"0.0"	"0.0"
"137"	"false"	"Who is the Formula 1 race driver with the most races?"		"SELECT DISTINCT ?uri WHERE {  ?uri <http://www.w3.org/1999/02/22-rdf-syntax-ns#type> <http://dbpedia.org/ontology/FormulaOneRacer> .  ?uri <http://dbpedia.org/ontology/races> ?x . } ORDER BY DESC(?x) OFFSET 0 LIMIT 1 "	""	"0.0"	"0.0"	"1.0"	"0.0"	"0.0"	"0.0"
"138"	"false"	"Which organisations are the producers of Hovercraft?"		"SELECT DISTINCT ?uri WHERE { ?uri a <http://dbpedia.org/ontology/Company> . ?uri <http://dbpedia.org/ontology/product> <http://dbpedia.org/resource/Hovercraft> . }"	""	"0.0"	"0.0"	"6.0"	"0.0"	"0.0"	"0.0"
"139"	"false"	"Did Elvis Presley have children?"		"ASK WHERE { <http://dbpedia.org/resource/Elvis_Presley> <http://dbpedia.org/ontology/child> ?uri . } "	""	"0.0"	"0.0"	"1.0"	"0.0"	"0.0"	"0.0"
"140"	"true"	"What is the birth place of the leader of Montenegro?"	"^what is the birth place of ([\w\s\d-,.']+)\?$"	"SELECT DISTINCT ?uri WHERE { ?x <http://dbpedia.org/property/office> <http://dbpedia.org/resource/President_of_Montenegro> . ?x <http://dbpedia.org/ontology/birthPlace> ?uri . ?uri a <http://dbpedia.org/ontology/City> . } "	"select  ?o
    {
    <http://dbpedia.org/ontology/City> <http://dbpedia.org/ontology/birthPlace>  ?o
    }"	"0.0"	"0.0"	"0.0"	"0.0"	"0.0"	"0.0"
"141"	"true"	"What is the birth place of Bill Gates?"	"^what is the birth place of ([\w\s\d-,.']+)\?$"	"SELECT DISTINCT ?uri WHERE { <http://dbpedia.org/resource/Bill_Gates> <http://dbpedia.org/ontology/birthPlace> ?x . ?x <http://dbpedia.org/ontology/country> ?uri . }"	"select  ?o
    {
    <http://dbpedia.org/resource/Bill_Gates> <http://dbpedia.org/ontology/birthPlace>  ?o
    }"	"0.0"	"2.0"	"1.0"	"0.0"	"0.0"	"0.0"
"142"	"false"	"In which countries do people speak Japanese?"		"SELECT DISTINCT ?uri WHERE { ?uri a <http://dbpedia.org/ontology/Country> . ?uri <http://dbpedia.org/ontology/language> <http://dbpedia.org/resource/Japanese_language> . } "	""	"0.0"	"0.0"	"11.0"	"0.0"	"0.0"	"0.0"
"143"	"false"	"Which book was written by Muhammad Ali?"		"PREFIX dbo: <http://dbpedia.org/ontology/> 
PREFIX res: <http://dbpedia.org/resource/> 
PREFIX rdf: <http://www.w3.org/1999/02/22-rdf-syntax-ns#> 
SELECT DISTINCT ?uri 
WHERE { 
         ?uri rdf:type dbo:Book . 
         ?uri dbo:author res:Muhammad_Ali . 
}"	""	"0.0"	"0.0"	"2.0"	"0.0"	"0.0"	"0.0"
"144"	"false"	"Is Michelle Obama the wife of Barack Obama?"		"PREFIX dbo: <http://dbpedia.org/ontology/>
PREFIX res: <http://dbpedia.org/resource/>
ASK 
WHERE {
	res:Barack_Obama dbo:spouse res:Michelle_Obama .
}"	""	"0.0"	"0.0"	"1.0"	"0.0"	"0.0"	"0.0"
"145"	"true"	"What is the area code of Berlin?"	"^what is the area code of ([\w\s\d-,.']+)\?$"	"PREFIX dbo: <http://dbpedia.org/ontology/>
PREFIX res: <http://dbpedia.org/resource/>
SELECT DISTINCT ?string 
WHERE {
	res:Berlin dbo:areaCode ?string .
}"	"select  ?o
    {
    <http://dbpedia.org/resource/Berlin> <http://dbpedia.org/ontology/areaCode>  ?o
    }"	"1.0"	"0.0"	"0.0"	"1.0"	"1.0"	"1.0"
"146"	"false"	"Which actors starred in Last Action Hero?"		"PREFIX dbo: <http://dbpedia.org/ontology/>
PREFIX res: <http://dbpedia.org/resource/>
SELECT DISTINCT ?uri
WHERE {
        res:Last_Action_Hero dbo:starring ?uri . 
}"	""	"0.0"	"0.0"	"10.0"	"0.0"	"0.0"	"0.0"
"147"	"false"	"What are the nicknames of San Francisco?"		"SELECT DISTINCT ?string WHERE {  <http://dbpedia.org/resource/San_Francisco> <http://dbpedia.org/property/nickname> ?string . } "	""	"0.0"	"0.0"	"1.0"	"0.0"	"0.0"	"0.0"
"148"	"false"	"What was the first Queen album?"		"SELECT DISTINCT ?uri WHERE { ?uri a <http://dbpedia.org/ontology/Album> . ?uri <http://dbpedia.org/ontology/artist> <http://dbpedia.org/resource/Queen_(band)> . ?uri <http://dbpedia.org/ontology/releaseDate> ?d . } ORDER BY ASC(?d) OFFSET 0 LIMIT 1"	""	"0.0"	"0.0"	"1.0"	"0.0"	"0.0"	"0.0"
"149"	"false"	"Which countries does Yenisei river flow through?"		"PREFIX res: <http://dbpedia.org/resource/>
PREFIX dbp: <http://dbpedia.org/property/>
SELECT DISTINCT ?uri 
WHERE {
        res:Yenisei_River dbp:country ?uri .
}"	""	"0.0"	"0.0"	"0.0"	"0.0"	"0.0"	"0.0"
"150"	"false"	"Which television shows were created by Walt Disney?"		"PREFIX dbo: <http://dbpedia.org/ontology/>
PREFIX res: <http://dbpedia.org/resource/>
PREFIX rdf: <http://www.w3.org/1999/02/22-rdf-syntax-ns#>
SELECT DISTINCT ?uri
WHERE {
	?uri rdf:type dbo:TelevisionShow .
        ?uri dbo:creator res:Walt_Disney .
}"	""	"0.0"	"0.0"	"6.0"	"0.0"	"0.0"	"0.0"
"151"	"false"	"What is the bridge with the longest span?"		"PREFIX dbo: <http://dbpedia.org/ontology/>
PREFIX res: <http://dbpedia.org/resource/>
PREFIX rdf: <http://www.w3.org/1999/02/22-rdf-syntax-ns#>
SELECT DISTINCT ?uri 
WHERE {
        ?uri rdf:type dbo:Bridge .
        ?uri dbo:mainspan ?s . 
} 
ORDER BY DESC(?s) 
OFFSET 0 LIMIT 1"	""	"0.0"	"0.0"	"1.0"	"0.0"	"0.0"	"0.0"
"152"	"true"	"What is the foundation place of Sitecore?"	"^what is the foundation place of ([\w\s\d-,.']+)\?$"	"SELECT DISTINCT ?uri WHERE { <http://dbpedia.org/resource/Sitecore> <http://dbpedia.org/ontology/foundationPlace> ?uri . }"	"select  ?o
    {
    <http://dbpedia.org/resource/Sitecore> <http://dbpedia.org/ontology/foundationPlace>  ?o
    }"	"0.0"	"0.0"	"0.0"	"0.0"	"0.0"	"0.0"
"153"	"false"	"Who married Lance Bass?"		"SELECT DISTINCT ?uri WHERE { ?uri <http://dbpedia.org/ontology/spouse> <http://dbpedia.org/resource/Lance_Bass> . } "	""	"0.0"	"0.0"	"0.0"	"0.0"	"0.0"	"0.0"
"154"	"true"	"What is the capital of Canada?"	"^what is the capital of ([\w\s\d-,.']+)\?$"	"PREFIX dbo:  <http://dbpedia.org/ontology/>
PREFIX res:  <http://dbpedia.org/resource/>
SELECT DISTINCT ?uri 
WHERE {
        res:Canada dbo:capital ?uri .
}"	"select  ?o
    {
    <http://dbpedia.org/resource/Canada> <http://dbpedia.org/ontology/capital>  ?o
    }"	"1.0"	"0.0"	"0.0"	"1.0"	"1.0"	"1.0"
"155"	"false"	"Who was the influencer of Vincent van Gogh?"		"SELECT DISTINCT ?uri WHERE { ?uri <http://dbpedia.org/ontology/influenced> <http://dbpedia.org/resource/Vincent_van_Gogh> . }"	""	"0.0"	"0.0"	"0.0"	"0.0"	"0.0"	"0.0"
"156"	"true"	"What is the death place of John F. Kennedy?"	"^what is the death place of ([\w\s\d-,.']+)\?$"	"PREFIX dbo: <http://dbpedia.org/ontology/>
PREFIX res: <http://dbpedia.org/resource/>
PREFIX rdf: <http://www.w3.org/1999/02/22-rdf-syntax-ns#>
SELECT DISTINCT ?uri
WHERE { 
        res:John_F._Kennedy dbo:deathPlace ?uri .
        ?uri rdf:type dbo:City .
}"	"select  ?o
    {
    <http://dbpedia.org/ontology/City> <http://dbpedia.org/ontology/deathPlace>  ?o
    }"	"0.0"	"0.0"	"1.0"	"0.0"	"0.0"	"0.0"
"157"	"false"	"Was U.S. president Jackson involved in a war?"		"PREFIX dbo: <http://dbpedia.org/ontology/>
PREFIX res: <http://dbpedia.org/resource/>
ASK 
WHERE {
	res:Andrew_Jackson dbo:battle ?battle .    
}"	""	"0.0"	"0.0"	"1.0"	"0.0"	"0.0"	"0.0"
"158"	"false"	"Who was the music composer for Game of Thrones?"		"SELECT DISTINCT ?uri WHERE { <http://dbpedia.org/resource/Game_of_Thrones> <http://dbpedia.org/ontology/composer> ?uri. }"	""	"0.0"	"0.0"	"1.0"	"0.0"	"0.0"	"0.0"
"159"	"false"	"Who designed Brooklyn Bridge?"		"PREFIX res: <http://dbpedia.org/resource/>
PREFIX dbo: <http://dbpedia.org/ontology/>
SELECT DISTINCT ?uri 
WHERE {
        res:Brooklyn_Bridge dbo:architect ?uri .
}"	""	"0.0"	"0.0"	"1.0"	"0.0"	"0.0"	"0.0"
"160"	"false"	"When did Boris Becker end his active career?"		"SELECT DISTINCT ?d WHERE { <http://dbpedia.org/resource/Boris_Becker> <http://dbpedia.org/ontology/activeYearsEndDate> ?d . } "	""	"0.0"	"0.0"	"1.0"	"0.0"	"0.0"	"0.0"
"161"	"false"	"Which grapes grow in Oregon?"		"SELECT DISTINCT ?uri WHERE { <http://dbpedia.org/resource/Oregon_wine> <http://dbpedia.org/ontology/growingGrape> ?uri . } "	""	"0.0"	"0.0"	"84.0"	"0.0"	"0.0"	"0.0"
"162"	"true"	"What is the height of Michael Jordan?"	"^what is the height of ([\w\s\d-,.']+)\?$"	"PREFIX dbo: <http://dbpedia.org/ontology/>
PREFIX res: <http://dbpedia.org/resource/>
SELECT DISTINCT ?num 
WHERE {
        res:Michael_Jordan dbo:height ?num .
}"	"select  ?o
    {
    <http://dbpedia.org/resource/Michael_Jordan> <http://dbpedia.org/ontology/height>  ?o
    }"	"1.0"	"0.0"	"0.0"	"1.0"	"1.0"	"1.0"
"163"	"true"	"What is the party of the mayor of Paris?"	"^what is the mayor of ([\w\s\d-,.']+)\?$"	"SELECT DISTINCT ?uri WHERE { <http://dbpedia.org/resource/Paris> <http://dbpedia.org/ontology/mayor> ?x . ?x <http://dbpedia.org/ontology/party> ?uri . }"	"select  ?o
    {
    <http://dbpedia.org/resource/Paris> <http://dbpedia.org/ontology/mayor>  ?o
    }"	"0.0"	"1.0"	"1.0"	"0.0"	"0.0"	"0.0"
"164"	"false"	"Who wrote The Pillars of the Earth?"		"PREFIX dbo: <http://dbpedia.org/ontology/>
PREFIX res: <http://dbpedia.org/resource/>
SELECT DISTINCT ?uri 
WHERE {
        res:The_Pillars_of_the_Earth dbo:author ?uri .
}"	""	"0.0"	"0.0"	"1.0"	"0.0"	"0.0"	"0.0"
"165"	"false"	"Who was the 16th president of the United States?"		"PREFIX dbo: <http://dbpedia.org/ontology/>
PREFIX rdf: <http://www.w3.org/1999/02/22-rdf-syntax-ns#>
SELECT DISTINCT ?uri
WHERE {
         ?uri dbo:office 'President of the United States' .
         ?uri dbo:orderInOffice '16th' .
}"	""	"0.0"	"0.0"	"0.0"	"0.0"	"0.0"	"0.0"
"166"	"true"	"What is the elevation of Mount Everest?"	"^what is the elevation of ([\w\s\d-,.']+)\?$"	"PREFIX dbo: <http://dbpedia.org/ontology/>
PREFIX res: <http://dbpedia.org/resource/>
SELECT DISTINCT ?num 
WHERE {
	res:Mount_Everest dbo:elevation ?num.
}"	"select  ?o
    {
    <http://dbpedia.org/resource/Mount_Everest> <http://dbpedia.org/ontology/areaUrban>  ?o
    }"	"0.0"	"0.0"	"0.0"	"0.0"	"0.0"	"0.0"
"167"	"false"	"Who was the doctoral supervisor of Albert Einstein?"		"SELECT DISTINCT ?uri WHERE { <http://dbpedia.org/resource/Albert_Einstein> <http://dbpedia.org/ontology/doctoralAdvisor> ?uri . }"	""	"0.0"	"0.0"	"1.0"	"0.0"	"0.0"	"0.0"
"168"	"true"	"What is the residence of Sylvester Stallone?"	"^what is the residence of ([\w\s\d-,.']+)\?$"	"SELECT DISTINCT ?uri WHERE { ?uri a <http://dbpedia.org/ontology/City> . <http://dbpedia.org/resource/Sylvester_Stallone> <http://dbpedia.org/ontology/residence> ?uri . }"	"select  ?o
    {
    <http://dbpedia.org/resource/Sylvester_Stallone> <http://dbpedia.org/ontology/residence>  ?o
    }"	"0.0"	"0.0"	"0.0"	"0.0"	"0.0"	"0.0"
"169"	"true"	"What is the currency of Czech Republic?"	"^what is the currency of ([\w\s\d-,.']+)\?$"	"PREFIX dbo: <http://dbpedia.org/ontology/>
PREFIX res: <http://dbpedia.org/resource/>
SELECT DISTINCT ?uri
WHERE {
	res:Czech_Republic dbo:currency ?uri .
}"	"select  ?o
    {
    <http://dbpedia.org/resource/Czech_Republic> <http://dbpedia.org/ontology/currency>  ?o
    }"	"1.0"	"0.0"	"0.0"	"1.0"	"1.0"	"1.0"
"170"	"false"	"Did Socrates influence Aristotle?"		"PREFIX dbo: <http://dbpedia.org/ontology/>
PREFIX res: <http://dbpedia.org/resource/>
ASK 
WHERE {
	res:Aristotle dbo:influencedBy res:Socrates .
}"	""	"0.0"	"0.0"	"1.0"	"0.0"	"0.0"	"0.0"
"171"	"true"	"What is the time zone of Salt Lake City?"	"^what is the time zone of ([\w\s\d-,.']+)\?$"	"PREFIX res: <http://dbpedia.org/resource/>
PREFIX dbp: <http://dbpedia.org/property/>
SELECT DISTINCT ?uri 
WHERE {
	res:Salt_Lake_City dbp:timezone ?uri . 
}"	"select  ?o
    {
    <http://dbpedia.org/resource/Salt_Lake_City> <http://dbpedia.org/ontology/timezone>  ?o
    }"	"0.0"	"0.0"	"1.0"	"0.0"	"0.0"	"0.0"
"172"	"false"	"Who is the son of Sonny and Cher?"		"SELECT DISTINCT ?uri WHERE { ?uri <http://dbpedia.org/ontology/parent> <http://dbpedia.org/resource/Cher> . ?uri <http://dbpedia.org/ontology/parent> <http://dbpedia.org/resource/Sonny_Bono> . }"	""	"0.0"	"0.0"	"1.0"	"0.0"	"0.0"	"0.0"
"173"	"true"	"What is the location of the headquarters of United Nations?"	"^what is the location of ([\w\s\d-,.']+)\?$"	"SELECT DISTINCT ?uri WHERE { <http://dbpedia.org/resource/Headquarters_of_the_United_Nations> <http://dbpedia.org/ontology/location> ?uri . ?uri a <http://dbpedia.org/ontology/City> . } "	"select  ?o
    {
    <http://dbpedia.org/ontology/City> <http://dbpedia.org/ontology/location>  ?o
    }"	"0.0"	"0.0"	"1.0"	"0.0"	"0.0"	"0.0"
"174"	"false"	"Who is the founder of Penguin Books?"		"PREFIX dbo: <http://dbpedia.org/ontology/>
PREFIX res: <http://dbpedia.org/resource/>
PREFIX rdf: <http://www.w3.org/1999/02/22-rdf-syntax-ns#> 
SELECT DISTINCT ?uri
WHERE { 
        res:Penguin_Books dbo:founder ?uri .
}"	""	"0.0"	"0.0"	"1.0"	"0.0"	"0.0"	"0.0"
"175"	"true"	"What is the founding year of Jack Wolfskin?"	"^what is the founding year of ([\w\s\d-,.']+)\?$"	"SELECT DISTINCT ?year WHERE {  <http://dbpedia.org/resource/Jack_Wolfskin> <http://dbpedia.org/ontology/foundingYear> ?year . } "	"select  ?o
    {
    <http://dbpedia.org/resource/Jack_Wolfskin> <http://dbpedia.org/ontology/foundingYear>  ?o
    }"	"1.0"	"0.0"	"0.0"	"1.0"	"1.0"	"1.0"
"176"	"false"	"Who is the mayor of Rotterdam?"		"PREFIX dbo: <http://dbpedia.org/ontology/>
PREFIX res: <http://dbpedia.org/resource/>
SELECT DISTINCT ?uri
WHERE {
        res:Rotterdam dbo:leaderName ?uri .
}"	""	"0.0"	"0.0"	"0.0"	"0.0"	"0.0"	"0.0"
"177"	"false"	"Who are Swedish oceanographers?"		"PREFIX dbo: <http://dbpedia.org/ontology/>
PREFIX res: <http://dbpedia.org/resource/>
SELECT DISTINCT ?uri
WHERE {
        ?uri dbo:field res:Oceanography . 
        ?uri dbo:birthPlace res:Sweden .        
}"	""	"0.0"	"0.0"	"0.0"	"0.0"	"0.0"	"0.0"
"178"	"false"	"Show me Hemingway's autobiography."		"SELECT DISTINCT ?uri WHERE { ?uri <http://dbpedia.org/ontology/author> <http://dbpedia.org/resource/Ernest_Hemingway> . ?uri <http://dbpedia.org/ontology/literaryGenre> <http://dbpedia.org/resource/Autobiography> . }"	""	"0.0"	"0.0"	"1.0"	"0.0"	"0.0"	"0.0"
"179"	"false"	"Who are the parents of the wife of Juan Carlos I of Spain?"		"PREFIX dbo: <http://dbpedia.org/ontology/> 
PREFIX res: <http://dbpedia.org/resource/> 
SELECT DISTINCT ?uri 
WHERE { 
        res:Juan_Carlos_I_of_Spain dbo:spouse ?x . 
        ?x dbo:parent ?uri . 
}"	""	"0.0"	"0.0"	"0.0"	"0.0"	"0.0"	"0.0"
"180"	"false"	"Did Tesla win a nobel prize in physics?"		"PREFIX dbo: <http://dbpedia.org/ontology/>
PREFIX res: <http://dbpedia.org/resource/>
ASK 
WHERE {
        res:Nikola_Tesla dbo:award res:Nobel_Prize_in_Physics .
}"	""	"0.0"	"0.0"	"1.0"	"0.0"	"0.0"	"0.0"
"181"	"false"	"Who is the tallest basketball player?"		"SELECT DISTINCT ?uri WHERE {  ?uri <http://www.w3.org/1999/02/22-rdf-syntax-ns#type> <http://dbpedia.org/ontology/BasketballPlayer> .  ?uri <http://dbpedia.org/ontology/height> ?num . } ORDER BY DESC(?num) OFFSET 0 LIMIT 1 "	""	"0.0"	"0.0"	"1.0"	"0.0"	"0.0"	"0.0"
"182"	"false"	"Which city has the least inhabitants?"		"SELECT DISTINCT ?uri WHERE {  ?uri <http://www.w3.org/1999/02/22-rdf-syntax-ns#type> <http://dbpedia.org/ontology/City> .  ?uri <http://dbpedia.org/ontology/populationTotal> ?pop . } ORDER BY ASC(?pop) OFFSET 0 LIMIT 1 "	""	"0.0"	"0.0"	"1.0"	"0.0"	"0.0"	"0.0"
"183"	"false"	"Is proinsulin a protein?"		"PREFIX dbo: <http://dbpedia.org/ontology/>
PREFIX res: <http://dbpedia.org/resource/>
PREFIX rdf: <http://www.w3.org/1999/02/22-rdf-syntax-ns#>
ASK 
WHERE {
	res:Proinsulin rdf:type dbo:Protein .
}"	""	"0.0"	"0.0"	"1.0"	"0.0"	"0.0"	"0.0"
"184"	"false"	"Who were the parents of Queen Victoria?"		"PREFIX dbo: <http://dbpedia.org/ontology/>
PREFIX res: <http://dbpedia.org/resource/>
SELECT DISTINCT ?uri
WHERE {
         res:Queen_Victoria dbo:parent ?uri .
}"	""	"0.0"	"0.0"	"2.0"	"0.0"	"0.0"	"0.0"
"185"	"false"	"Did Che Guevara have children?"		"PREFIX dbo: <http://dbpedia.org/ontology/>
PREFIX res: <http://dbpedia.org/resource/>
ASK
WHERE { 
        res:Che_Guevara dbo:child ?uri . 
}"	""	"0.0"	"0.0"	"1.0"	"0.0"	"0.0"	"0.0"
"186"	"false"	"Is Lake Baikal bigger than the Great Bear Lake?"		"PREFIX res: <http://dbpedia.org/resource/>
PREFIX dbo: <http://dbpedia.org/ontology/> 
ASK
WHERE {  
        res:Lake_Baikal dbo:areaTotal ?a1 . 
        res:Great_Bear_Lake dbo:areaTotal ?a2 .
        FILTER (?a1 > ?a2)
}"	""	"0.0"	"0.0"	"1.0"	"0.0"	"0.0"	"0.0"
"187"	"false"	"Did Kaurismki ever win the Grand Prix at Cannes?"		"ASK WHERE { <http://dbpedia.org/resource/Aki_Kaurismki> <http://dbpedia.org/ontology/award> <http://dbpedia.org/resource/Grand_Prix_(Cannes_Film_Festival)> . }"	""	"0.0"	"0.0"	"1.0"	"0.0"	"0.0"	"0.0"
"188"	"false"	"Give me all books by William Goldman with more than 300 pages."		"PREFIX dbo: <http://dbpedia.org/ontology/>
PREFIX res: <http://dbpedia.org/resource/>
PREFIX rdf: <http://www.w3.org/1999/02/22-rdf-syntax-ns#>
SELECT DISTINCT ?uri 
WHERE {
        ?uri rdf:type dbo:Book .
        ?uri dbo:author res:William_Goldman .
        ?uri dbo:numberOfPages ?x .
        FILTER (?x > 300)
}"	""	"0.0"	"0.0"	"10.0"	"0.0"	"0.0"	"0.0"
"189"	"false"	"Where is Fort Knox located?"		"SELECT DISTINCT ?uri WHERE {  <http://dbpedia.org/resource/Fort_Knox> <http://dbpedia.org/property/location> ?uri . }"	""	"0.0"	"0.0"	"1.0"	"0.0"	"0.0"	"0.0"
"190"	"false"	"Where is Fort Knox located?"		"PREFIX dbo: <http://dbpedia.org/ontology/>
PREFIX dbp: <http://dbpedia.org/property/>
PREFIX res: <http://dbpedia.org/resource/>
SELECT DISTINCT ?uri
WHERE {
	res:Fort_Knox dbp:location ?uri .
        ?uri dbo:country res:United_States .
}"	""	"0.0"	"0.0"	"1.0"	"0.0"	"0.0"	"0.0"
"191"	"true"	"What is the resting place of Syngman Rhee?"	"^what is the resting place of ([\w\s\d-,.']+)\?$"	"SELECT DISTINCT ?uri WHERE { <http://dbpedia.org/resource/Syngman_Rhee> <http://dbpedia.org/ontology/restingPlace> ?uri . } "	"select  ?o
    {
    <http://dbpedia.org/resource/Syngman_Rhee> <http://dbpedia.org/ontology/restingPlace>  ?o
    }"	"3.0"	"0.0"	"0.0"	"1.0"	"1.0"	"1.0"
"192"	"false"	"What is the time zone of San Pedro de Atacama?"		"SELECT DISTINCT ?uri WHERE {  <http://dbpedia.org/resource/San_Pedro_de_Atacama> <http://dbpedia.org/ontology/timeZone> ?uri . } "	""	"0.0"	"0.0"	"1.0"	"0.0"	"0.0"	"0.0"
"193"	"true"	"What was the artistic movement of the author of The Three Dancers?"	"^what was the artistic movement of ([\w\s\d-,.']+)\?$"	"SELECT DISTINCT ?uri WHERE {  <http://dbpedia.org/resource/The_Three_Dancers> <http://dbpedia.org/ontology/author> ?person .  ?person <http://dbpedia.org/ontology/movement> ?uri . } "	"select  ?o
    {
    <http://dbpedia.org/resource/The_Three_Dancers> <http://dbpedia.org/ontology/movement>  ?o
    }"	"0.0"	"0.0"	"2.0"	"0.0"	"0.0"	"0.0"
"194"	"false"	"Which scientist is known for the Manhattan Project and the Nobel Peace Prize?"		"PREFIX res: <http://dbpedia.org/resource/>
PREFIX dbo: <http://dbpedia.org/ontology/> 
PREFIX rdf: <http://www.w3.org/1999/02/22-rdf-syntax-ns#>
SELECT DISTINCT ?uri
WHERE {
        ?uri dbo:knownFor res:Manhattan_Project .
        ?uri rdf:type dbo:Scientist .
        ?uri dbo:knownFor res:Nobel_Peace_Prize .
}"	""	"0.0"	"0.0"	"0.0"	"0.0"	"0.0"	"0.0"
"195"	"false"	"Show me all books in Asimov's Foundation series."		"SELECT DISTINCT ?uri WHERE { ?uri <http://dbpedia.org/ontology/series> <http://dbpedia.org/resource/Foundation_series> . } "	""	"0.0"	"0.0"	"4.0"	"0.0"	"0.0"	"0.0"
"196"	"false"	"Give me all cities in New Jersey with more than 100000 inhabitants."		"PREFIX dbo: <http://dbpedia.org/ontology/>
PREFIX dbp: <http://dbpedia.org/property/>
PREFIX res: <http://dbpedia.org/resource/>
PREFIX rdf: <http://www.w3.org/1999/02/22-rdf-syntax-ns#>
SELECT DISTINCT ?uri 
WHERE {
	?uri rdf:type dbo:City .
        ?uri dbo:isPartOf res:New_Jersey .
        ?uri dbp:populationTotal ?inhabitants .
        FILTER (?inhabitants > 100000) .
}"	""	"0.0"	"0.0"	"0.0"	"0.0"	"0.0"	"0.0"
"197"	"false"	"Which museum in New York has the most visitors?"		"SELECT DISTINCT ?uri WHERE {  ?uri <http://www.w3.org/1999/02/22-rdf-syntax-ns#type> <http://dbpedia.org/ontology/Museum> .  ?uri <http://dbpedia.org/ontology/location> <http://dbpedia.org/resource/New_York_City> .  ?uri <http://dbpedia.org/ontology/numberOfVisitors> ?num . } ORDER BY DESC(?num) OFFSET 0 LIMIT 1 "	""	"0.0"	"0.0"	"1.0"	"0.0"	"0.0"	"0.0"
"198"	"false"	"What is the height of Yokohama Marine Tower?"		"PREFIX dbo: <http://dbpedia.org/ontology/>
PREFIX res: <http://dbpedia.org/resource/>
SELECT DISTINCT ?num
WHERE {
        res:Yokohama_Marine_Tower dbo:height ?num .
}"	""	"0.0"	"0.0"	"1.0"	"0.0"	"0.0"	"0.0"
"199"	"false"	"Does the new Battlestar Galactica series have more episodes than the old one?"		"PREFIX dbo: <http://dbpedia.org/ontology/>
PREFIX res: <http://dbpedia.org/resource/>
ASK 
WHERE {
	<http://dbpedia.org/resource/Battlestar_Galactica_%281978_TV_series%29> dbo:numberOfEpisodes ?x .
	<http://dbpedia.org/resource/Battlestar_Galactica_%282004_TV_series%29> dbo:numberOfEpisodes ?y .
	FILTER (?y > ?x)
}"	""	"0.0"	"0.0"	"1.0"	"0.0"	"0.0"	"0.0"
"200"	"false"	"Who is the youngest Darts player?"		"PREFIX dbo: <http://dbpedia.org/ontology/>
PREFIX rdf: <http://www.w3.org/1999/02/22-rdf-syntax-ns#>
SELECT DISTINCT ?uri
WHERE {
        ?uri rdf:type dbo:DartsPlayer .
        ?uri dbo:birthDate ?date .
}
ORDER BY DESC(?date)
OFFSET 0 LIMIT 1"	""	"0.0"	"0.0"	"1.0"	"0.0"	"0.0"	"0.0"
"201"	"false"	"Who developed World of Warcraft?"		"PREFIX dbo: <http://dbpedia.org/ontology/>
PREFIX res: <http://dbpedia.org/resource/>
SELECT DISTINCT ?uri 
WHERE {
	res:World_of_Warcraft dbo:developer ?uri . 
}"	""	"0.0"	"0.0"	"1.0"	"0.0"	"0.0"	"0.0"
"202"	"false"	"Who was the founder of Vatican Television Center?"		"PREFIX dbo: <http://dbpedia.org/ontology/> 
PREFIX res: <http://dbpedia.org/resource/> 
PREFIX rdf: <http://www.w3.org/1999/02/22-rdf-syntax-ns#> 
SELECT ?uri 
WHERE { 
         ?uri rdf:type dbo:Pope . 
         res:Vatican_Television_Center dbo:foundedBy ?uri .
}"	""	"0.0"	"0.0"	"0.0"	"0.0"	"0.0"	"0.0"
"203"	"false"	"Who was the music composer for Harold and Maude?"		"PREFIX res: <http://dbpedia.org/resource/>
PREFIX dbo: <http://dbpedia.org/ontology/>
SELECT DISTINCT ?uri 
WHERE {
	res:Harold_and_Maude dbo:musicComposer ?uri .
}"	""	"0.0"	"0.0"	"0.0"	"0.0"	"0.0"	"0.0"
"204"	"false"	"Who are the members of The Prodigy?"		"SELECT DISTINCT ?uri WHERE {  <http://dbpedia.org/resource/The_Prodigy> <http://dbpedia.org/ontology/bandMember> ?uri . } "	""	"0.0"	"0.0"	"2.0"	"0.0"	"0.0"	"0.0"
"205"	"false"	"Who stars in Spanish movies produced by Benicio del Toro?"		"SELECT DISTINCT ?uri WHERE { ?film <http://www.w3.org/1999/02/22-rdf-syntax-ns#type> <http://dbpedia.org/ontology/Film> . ?film <http://dbpedia.org/ontology/country> <http://dbpedia.org/resource/Spain> . ?film <http://dbpedia.org/ontology/producer> <http://dbpedia.org/resource/Benicio_del_Toro> . ?film <http://dbpedia.org/ontology/starring> ?uri . ?uri <http://www.w3.org/1999/02/22-rdf-syntax-ns#type> <http://dbpedia.org/ontology/Person> . } "	""	"0.0"	"0.0"	"1.0"	"0.0"	"0.0"	"0.0"
"206"	"false"	"Which subsidiary of TUI Travel serves both Glasgow and Dublin?"		"SELECT DISTINCT ?uri WHERE { <http://dbpedia.org/resource/TUI_Travel> <http://dbpedia.org/ontology/subsidiary> ?uri .  ?uri <http://dbpedia.org/ontology/targetAirport> <http://dbpedia.org/resource/Glasgow_Airport> . ?uri <http://dbpedia.org/ontology/targetAirport> <http://dbpedia.org/resource/Dublin_Airport> . } "	""	"0.0"	"0.0"	"0.0"	"0.0"	"0.0"	"0.0"
"207"	"true"	"Where is Mecca located?"	"^where is ([\w\s\d-,.']+) located\?$"	"PREFIX res: <http://dbpedia.org/resource/>
PREFIX dbo: <http://dbpedia.org/ontology/> 
SELECT DISTINCT ?uri 
WHERE {  
        res:Mecca dbo:country ?uri .
}"	"select  ?o
    {
    <http://dbpedia.org/resource/Mecca> <http://dbpedia.org/ontology/country>  ?o
    }"	"1.0"	"0.0"	"0.0"	"1.0"	"1.0"	"1.0"
"208"	"false"	"How many languages are spoken in Colombia?"		"SELECT (COUNT(DISTINCT ?uri) as ?c) WHERE {  ?uri <http://www.w3.org/1999/02/22-rdf-syntax-ns#type> <http://dbpedia.org/ontology/Language> .  <http://dbpedia.org/resource/Colombia> <http://dbpedia.org/ontology/language> ?uri . } "	""	"0.0"	"0.0"	"1.0"	"0.0"	"0.0"	"0.0"
"209"	"false"	"What is the biggest stadium in Spain?"		"SELECT DISTINCT ?uri WHERE { ?uri a <http://dbpedia.org/ontology/Stadium> . ?uri <http://dbpedia.org/ontology/location> <http://dbpedia.org/resource/Spain> . ?uri <http://dbpedia.org/ontology/seatingCapacity> ?n . } ORDER BY DESC(?n) OFFSET 0 LIMIT 1"	""	"0.0"	"0.0"	"1.0"	"0.0"	"0.0"	"0.0"
"210"	"false"	"Which professional surfers were born on the Philippines?"		"PREFIX dbo: <http://dbpedia.org/ontology/>
PREFIX res: <http://dbpedia.org/resource/>
SELECT DISTINCT ?uri
WHERE {
	?uri dbo:occupation res:Surfing .
	?uri dbo:birthPlace res:Philippines .
}"	""	"0.0"	"0.0"	"0.0"	"0.0"	"0.0"	"0.0"
"211"	"false"	"What are the five boroughs of New York?"		"SELECT DISTINCT ?uri WHERE { ?uri <http://dbpedia.org/ontology/governmentType> <http://dbpedia.org/resource/Borough_(New_York_City)> . }"	""	"0.0"	"0.0"	"1.0"	"0.0"	"0.0"	"0.0"
"212"	"false"	"Is Cola a beverage?"		"PREFIX dbo: <http://dbpedia.org/ontology/>
PREFIX res: <http://dbpedia.org/resource/>
PREFIX rdf: <http://www.w3.org/1999/02/22-rdf-syntax-ns#>
ASK 
WHERE {
        res:Cola rdf:type dbo:Beverage .
}"	""	"0.0"	"0.0"	"1.0"	"0.0"	"0.0"	"0.0"
"213"	"true"	"What is the death date of Diana, Princess of Wales?"	"^what is the death date of ([\w\s\d-,.']+)\?$"	"SELECT DISTINCT ?d WHERE { <http://dbpedia.org/resource/Diana,_Princess_of_Wales> <http://dbpedia.org/ontology/deathDate> ?d . }"	"select  ?o
    {
    <http://dbpedia.org/resource/Diana,_Princess_of_Wales> <http://dbpedia.org/ontology/deathDate>  ?o
    }"	"0.0"	"0.0"	"0.0"	"0.0"	"0.0"	"0.0"
"214"	"false"	"What is the location of the wine production of Sparkling wine?"		"PREFIX res: <http://dbpedia.org/resource/>
PREFIX dbo: <http://dbpedia.org/ontology/> 
SELECT DISTINCT ?uri
WHERE {
        ?uri dbo:wineProduced res:Sparkling_wine .
        ?uri dbo:location res:France .
}"	""	"0.0"	"0.0"	"1.0"	"0.0"	"0.0"	"0.0"
""	""	""	""	""	"20.0"	"5.0"	"457.0"	"0.8"	"0.04192872"	"0.07968127"
