"QALD id"	"QALD original question"	"QALD original SPARQL query"	"QueGG original question"	"QueGG SPARQL query"	"TP"	"FP"	"FN"	"Precision"	"Recall"	"F-Measure"
"0"	"Quando ha avuto luogo la battaglia di Gettysburg?"	"PREFIX dbo: <http://dbpedia.org/ontology/>
PREFIX res: <http://dbpedia.org/resource/>
SELECT DISTINCT ?date 
WHERE { 
       res:Battle_of_Gettysburg dbo:date ?date .
}"	"Quando ha avuto luogo la battaglia di Gettysburg?"	""	"0.0"	"0.0"	"0.0"	"0.0"	"0.0"	"0.0"
"1"	"Elenca tutti i musicals con musiche di Elton John."	"PREFIX dbo: <http://dbpedia.org/ontology/>
PREFIX res: <http://dbpedia.org/resource/>
PREFIX rdf: <http://www.w3.org/1999/02/22-rdf-syntax-ns#> 
SELECT DISTINCT ?uri
WHERE { 
        ?uri rdf:type dbo:Musical .
        ?uri dbo:musicBy res:Elton_John .
}"	"Elenca tutti i musicals con musiche di Elton John."	""	"0.0"	"0.0"	"4.0"	"0.0"	"0.0"	"0.0"
"2"	"Quanto è alto il faro di Colombo?"	"SELECT DISTINCT ?num WHERE {  <http://dbpedia.org/resource/Colombo_Lighthouse> <http://dbpedia.org/ontology/height> ?num . } "	"Quanto è alto il faro di Colombo?"	""	"0.0"	"0.0"	"1.0"	"0.0"	"0.0"	"0.0"
"3"	"Chi era la moglie del Abraham Lincoln?"	"PREFIX dbo: <http://dbpedia.org/ontology/>
PREFIX res: <http://dbpedia.org/resource/>
SELECT DISTINCT ?uri 
WHERE {
	res:Abraham_Lincoln dbo:spouse ?uri.
}"	"Chi era la moglie del Abraham Lincoln?"	""	"0.0"	"0.0"	"1.0"	"0.0"	"0.0"	"0.0"
"4"	"Chi è il presentatore degli speciali della BBC Wildlife?"	"SELECT DISTINCT ?uri WHERE { <http://dbpedia.org/resource/BBC_Wildlife_Specials> <http://dbpedia.org/ontology/presenter> ?uri . }"	"Chi è il presentatore degli speciali della BBC Wildlife?"	""	"0.0"	"0.0"	"1.0"	"0.0"	"0.0"	"0.0"
"5"	"Quanto è costato Pulp Fiction?"	"SELECT DISTINCT ?n WHERE {  <http://dbpedia.org/resource/Pulp_Fiction> <http://dbpedia.org/ontology/budget> ?n . } "	"Quanto è costato Pulp Fiction?"	""	"0.0"	"0.0"	"1.0"	"0.0"	"0.0"	"0.0"
"6"	"In quale città si trova il birrificio della Heiniken?"	"SELECT DISTINCT ?uri WHERE { <http://dbpedia.org/resource/Heineken> <http://dbpedia.org/ontology/manufacturer> ?x . ?x <http://dbpedia.org/ontology/locationCity> ?uri . }"	"In quale città si trova il birrificio della Heiniken?"	""	"0.0"	"0.0"	"0.0"	"0.0"	"0.0"	"0.0"
"7"	"Quando è iniziata l'operatione Overlord?"	"SELECT DISTINCT ?d WHERE { <http://dbpedia.org/resource/Operation_Overlord> <http://dbpedia.org/ontology/date> ?d . } "	"Quando è iniziata l'operatione Overlord?"	""	"0.0"	"0.0"	"1.0"	"0.0"	"0.0"	"0.0"
"8"	"In quale città termina la Route 68 in Cile?"	"SELECT DISTINCT ?uri WHERE {  <http://dbpedia.org/resource/Chile_Route_68> <http://dbpedia.org/ontology/routeEnd> ?uri . } "	"In quale città termina la Route 68 in Cile?"	""	"0.0"	"0.0"	"1.0"	"0.0"	"0.0"	"0.0"
"9"	"Chi ha sviluppato Slack?"	"SELECT DISTINCT ?uri WHERE { ?uri <http://dbpedia.org/ontology/product> <http://dbpedia.org/resource/Slack_(software)> . }"	"Chi ha sviluppato Slack?"	""	"0.0"	"0.0"	"1.0"	"0.0"	"0.0"	"0.0"
"10"	"Chi è stato sposato con il presidente Chirac?"	"PREFIX dbo: <http://dbpedia.org/ontology/> 
PREFIX res: <http://dbpedia.org/resource/> 
SELECT DISTINCT ?uri
WHERE { 
         res:Jacques_Chirac dbo:spouse ?uri .
}"	"Chi è stato sposato con il presidente Chirac?"	""	"0.0"	"0.0"	"1.0"	"0.0"	"0.0"	"0.0"
"11"	"Di cosa è morto Bruce Carver?"	"PREFIX res: <http://dbpedia.org/resource/>
PREFIX dbo: <http://dbpedia.org/ontology/>
SELECT DISTINCT ?uri
WHERE {
        res:Bruce_Carver dbo:deathCause ?uri .     
}"	"Di cosa è morto Bruce Carver?"	""	"0.0"	"0.0"	"0.0"	"0.0"	"0.0"	"0.0"
"12"	"Chi dipinse il Cristo nella tempesta sul mare di Galilea?"	"PREFIX dbp: <http://dbpedia.org/property/>
PREFIX res: <http://dbpedia.org/resource/>
SELECT DISTINCT ?uri 
WHERE {
	res:The_Storm_on_the_Sea_of_Galilee dbp:artist ?uri .
}"	"Chi dipinse il Cristo nella tempesta sul mare di Galilea?"	""	"0.0"	"0.0"	"1.0"	"0.0"	"0.0"	"0.0"
"13"	"Attraverso quali città scorre il fiume Weser?"	"SELECT DISTINCT ?uri WHERE {  <http://dbpedia.org/resource/Weser> <http://dbpedia.org/ontology/city> ?uri . } "	"Attraverso quali città scorre il fiume Weser?"	""	"0.0"	"0.0"	"0.0"	"0.0"	"0.0"	"0.0"
"14"	"Quanti posti a sedere ha lo stadio del FC Porto"	"SELECT DISTINCT ?n WHERE { <http://dbpedia.org/resource/FC_Porto> <http://dbpedia.org/ontology/ground> ?x . ?x <http://dbpedia.org/ontology/seatingCapacity> ?n . } "	"Quanti posti a sedere ha lo stadio del FC Porto"	""	"0.0"	"0.0"	"1.0"	"0.0"	"0.0"	"0.0"
"15"	"Con chi è sposata la figlia di Robert Kennedy?"	"SELECT DISTINCT ?uri WHERE {  <http://dbpedia.org/resource/Robert_F._Kennedy> <http://dbpedia.org/ontology/child> ?child .  ?child <http://dbpedia.org/ontology/spouse> ?uri . } "	"Con chi è sposata la figlia di Robert Kennedy?"	""	"0.0"	"0.0"	"4.0"	"0.0"	"0.0"	"0.0"
"16"	"Quali libri di Kerouac furono pubblicati da Viking Press?"	"SELECT DISTINCT ?uri WHERE {  ?uri <http://www.w3.org/1999/02/22-rdf-syntax-ns#type> <http://dbpedia.org/ontology/Book> .  ?uri <http://dbpedia.org/ontology/publisher> <http://dbpedia.org/resource/Viking_Press> .  ?uri <http://dbpedia.org/ontology/author> <http://dbpedia.org/resource/Jack_Kerouac> . } "	"Quali libri di Kerouac furono pubblicati da Viking Press?"	""	"0.0"	"0.0"	"3.0"	"0.0"	"0.0"	"0.0"
"17"	"Quanto è alta Amazon Eve?"	"SELECT DISTINCT ?height WHERE {  <http://dbpedia.org/resource/Amazon_Eve> <http://dbpedia.org/ontology/height> ?height . } "	"Quanto è alta Amazon Eve?"	""	"0.0"	"0.0"	"0.0"	"0.0"	"0.0"	"0.0"
"18"	"In quale museo è esposto l'Urlo di Munch?"	"PREFIX dbo: <http://dbpedia.org/ontology/>
PREFIX res: <http://dbpedia.org/resource/>
SELECT DISTINCT ?uri
WHERE {
       res:The_Scream dbo:museum ?uri .
}"	"In quale museo è esposto l'Urlo di Munch?"	""	"0.0"	"0.0"	"2.0"	"0.0"	"0.0"	"0.0"
"19"	"Chi ha scritto il libro I pilastri della Terra?"	"PREFIX dbo: <http://dbpedia.org/ontology/>
PREFIX res: <http://dbpedia.org/resource/>
SELECT DISTINCT ?uri 
WHERE {
	res:The_Pillars_of_the_Earth dbo:author ?uri .
}"	"Chi ha scritto il libro I pilastri della Terra?"	""	"0.0"	"0.0"	"1.0"	"0.0"	"0.0"	"0.0"
"20"	"James è Bond sposato?"	"PREFIX dbo: <http://dbpedia.org/ontology/>
PREFIX res: <http://dbpedia.org/resource/>
ASK 
WHERE {
        res:James_Bond dbo:spouse ?uri . 
}"	"James è Bond sposato?"	""	"0.0"	"0.0"	"1.0"	"0.0"	"0.0"	"0.0"
"21"	"Chi ha scoperto Cerere?"	"SELECT DISTINCT ?uri WHERE { <http://dbpedia.org/resource/Ceres_(dwarf_planet)> <http://dbpedia.org/ontology/discoverer> ?uri . }"	"Chi ha scoperto Cerere?"	""	"0.0"	"0.0"	"1.0"	"0.0"	"0.0"	"0.0"
"22"	"Quale fiume attraversa il ponte di Brooklyn?"	"PREFIX dbo: <http://dbpedia.org/ontology/>
PREFIX res: <http://dbpedia.org/resource/>
SELECT DISTINCT ?uri
WHERE {       
        res:Brooklyn_Bridge dbo:crosses ?uri . 
}"	"Quale fiume attraversa il ponte di Brooklyn?"	""	"0.0"	"0.0"	"1.0"	"0.0"	"0.0"	"0.0"
"23"	"Chi venne chiamato Frank The Tank?"	"PREFIX dbp: <http://dbpedia.org/property/> 
SELECT DISTINCT ?uri 
WHERE { 
        ?uri dbp:nickname 'Frank The Tank'@en . 
}"	"Chi venne chiamato Frank The Tank?"	""	"0.0"	"0.0"	"0.0"	"0.0"	"0.0"	"0.0"
"24"	"Qual è la nazione più grande al mondo?"	"SELECT DISTINCT ?uri WHERE { ?uri a <http://dbpedia.org/ontology/Country> . ?uri <http://dbpedia.org/ontology/areaTotal> ?n . } ORDER BY DESC(?n) OFFSET 0 LIMIT 1"	"Qual è la nazione più grande al mondo?"	""	"0.0"	"0.0"	"1.0"	"0.0"	"0.0"	"0.0"
"25"	"Chi è il sindaco di Parigi?"	"SELECT DISTINCT ?uri WHERE { <http://dbpedia.org/resource/Paris> <http://dbpedia.org/ontology/mayor> ?uri . }"	"Chi è il sindaco di Parigi?"	"select  ?o
    {
    <http://dbpedia.org/resource/Paris> <http://dbpedia.org/ontology/mayor>  ?o
    }"	"1.0"	"0.0"	"0.0"	"1.0"	"1.0"	"1.0"
"26"	"Chi è l'allenatore della squadra di hockey di Ankara?"	"SELECT DISTINCT ?uri WHERE { ?x <http://dbpedia.org/ontology/city> <http://dbpedia.org/resource/Ankara> . ?x <http://dbpedia.org/ontology/league> <http://dbpedia.org/resource/Turkish_Ice_Hockey_First_League> . ?x <http://dbpedia.org/ontology/coach> ?uri . }"	"Chi è l'allenatore della squadra di hockey di Ankara?"	""	"0.0"	"0.0"	"1.0"	"0.0"	"0.0"	"0.0"
"27"	"Chi è il sindaco della capitale della Polinesia Francese?"	"PREFIX dbo: <http://dbpedia.org/ontology/>
PREFIX res: <http://dbpedia.org/resource/>
SELECT DISTINCT ?uri 
WHERE { 
        res:French_Polynesia dbo:capital ?x .
        ?x dbo:mayor ?uri .
}"	"Chi è il sindaco della capitale della Polinesia Francese?"	""	"0.0"	"0.0"	"0.0"	"0.0"	"0.0"	"0.0"
"28"	"Quali premi ha vinto Douglas Hofstadter?"	"PREFIX res: <http://dbpedia.org/resource/>
PREFIX dbo: <http://dbpedia.org/ontology/>
SELECT DISTINCT ?uri
WHERE {
        res:Douglas_Hofstadter dbo:award ?uri .
}"	"Quali premi ha vinto Douglas Hofstadter?"	""	"0.0"	"0.0"	"4.0"	"0.0"	"0.0"	"0.0"
"29"	"Quanto è costato il Lego Movie?"	"SELECT DISTINCT ?n WHERE { <http://dbpedia.org/resource/The_Lego_Movie> <http://dbpedia.org/ontology/budget> ?n . } "	"Quanto è costato il Lego Movie?"	""	"0.0"	"0.0"	"1.0"	"0.0"	"0.0"	"0.0"
"30"	"Dove inizia Piccadilly?"	"SELECT DISTINCT ?uri WHERE { ?uri <http://dbpedia.org/ontology/routeStart> <http://dbpedia.org/resource/Piccadilly>. } "	"Dove inizia Piccadilly?"	""	"0.0"	"0.0"	"1.0"	"0.0"	"0.0"	"0.0"
"31"	"Il principe Harry e il principe William hanno gli stessi genitoris?"	"PREFIX dbo: <http://dbpedia.org/ontology/> 
ASK
WHERE { 
        <http://dbpedia.org/resource/Prince_William,_Duke_of_Cambridge> dbo:parent ?x . 
        <http://dbpedia.org/resource/Prince_Harry> dbo:parent ?x .
}"	"Il principe Harry e il principe William hanno gli stessi genitoris?"	""	"0.0"	"0.0"	"1.0"	"0.0"	"0.0"	"0.0"
"32"	"Chi interpretava l'agente Smith in Matrix?"	"PREFIX dbp: <http://dbpedia.org/property/>
PREFIX res: <http://dbpedia.org/resource/>
SELECT DISTINCT ?uri
WHERE { 
        res:Agent_Smith dbp:portrayer ?uri . 
}"	"Chi interpretava l'agente Smith in Matrix?"	""	"0.0"	"0.0"	"3.0"	"0.0"	"0.0"	"0.0"
"33"	"Quante lingue sono parlate in Turkmenistan?"	"SELECT (COUNT(DISTINCT ?x) as ?c) WHERE {  <http://dbpedia.org/resource/Turkmenistan> <http://dbpedia.org/ontology/language> ?x . } "	"Quante lingue sono parlate in Turkmenistan?"	""	"0.0"	"0.0"	"1.0"	"0.0"	"0.0"	"0.0"
"34"	"In quali film recitano sia Julia Roberts che Richard Gere?"	"SELECT DISTINCT ?uri WHERE {  ?uri <http://www.w3.org/1999/02/22-rdf-syntax-ns#type> <http://dbpedia.org/ontology/Film> .  ?uri <http://dbpedia.org/ontology/starring> <http://dbpedia.org/resource/Julia_Roberts> .  ?uri <http://dbpedia.org/ontology/starring> <http://dbpedia.org/resource/Richard_Gere> . } "	"In quali film recitano sia Julia Roberts che Richard Gere?"	""	"0.0"	"0.0"	"2.0"	"0.0"	"0.0"	"0.0"
"35"	"In quale stato nasce il Gange?"	"PREFIX dbo: <http://dbpedia.org/ontology/> 
PREFIX res: <http://dbpedia.org/resource/> 
SELECT DISTINCT ?uri 
WHERE { 
        res:Ganges dbo:sourceCountry ?uri .
}"	"In quale stato nasce il Gange?"	""	"0.0"	"0.0"	"0.0"	"0.0"	"0.0"	"0.0"
"36"	"In quale anno è nata Rachel Stevens?"	"SELECT DISTINCT ?uri WHERE {  <http://dbpedia.org/resource/Rachel_Stevens> <http://dbpedia.org/ontology/birthYear> ?uri . } "	"In quale anno è nata Rachel Stevens?"	""	"0.0"	"0.0"	"1.0"	"0.0"	"0.0"	"0.0"
"37"	"Barack Obama è un democratico?"	"PREFIX dbo: <http://dbpedia.org/ontology/>
PREFIX res: <http://dbpedia.org/resource/>
ASK
WHERE { 
        res:Barack_Obama dbo:party <http://dbpedia.org/resource/Democratic_Party_(United_States)> . 
}"	"Barack Obama è un democratico?"	""	"0.0"	"0.0"	"1.0"	"0.0"	"0.0"	"0.0"
"38"	"Dove è nato Bach?"	"PREFIX dbo: <http://dbpedia.org/ontology/>
PREFIX res: <http://dbpedia.org/resource/>
SELECT DISTINCT ?uri 
WHERE {
        res:Johann_Sebastian_Bach dbo:birthPlace ?uri .
}"	"Dove è nato Bach?"	""	"0.0"	"0.0"	"1.0"	"0.0"	"0.0"	"0.0"
"39"	"Quante volte si è sposata Jane Fonda?"	"SELECT (COUNT(DISTINCT ?uri) as ?c) WHERE {  <http://dbpedia.org/resource/Jane_Fonda> <http://dbpedia.org/ontology/spouse> ?uri . } "	"Quante volte si è sposata Jane Fonda?"	""	"0.0"	"0.0"	"1.0"	"0.0"	"0.0"	"0.0"
"40"	"Chi è stato il primo a scalare il Monte Everest?"	"PREFIX res: <http://dbpedia.org/resource/>
PREFIX dbo: <http://dbpedia.org/ontology/>
SELECT DISTINCT ?uri
WHERE {
          res:Mount_Everest dbo:firstAscentPerson ?uri . 
}"	"Chi è stato il primo a scalare il Monte Everest?"	""	"0.0"	"0.0"	"2.0"	"0.0"	"0.0"	"0.0"
"41"	"Quante persone vivono in Polonia?"	"SELECT DISTINCT ?uri WHERE { <http://dbpedia.org/resource/Poland> <http://dbpedia.org/ontology/populationTotal> ?uri . }  "	"Quante persone vivono in Polonia?"	""	"0.0"	"0.0"	"1.0"	"0.0"	"0.0"	"0.0"
"42"	"Dove si trova il Palazzo di Westminster?"	"SELECT ?uri WHERE {  <http://dbpedia.org/resource/Palace_of_Westminster> <http://dbpedia.org/ontology/location> ?uri . } "	"Dove si trova il Palazzo di Westminster?"	""	"0.0"	"0.0"	"3.0"	"0.0"	"0.0"	"0.0"
"43"	"Christian Bale ha recitato in Batman Begins?"	"PREFIX dbo: <http://dbpedia.org/ontology/>
PREFIX res: <http://dbpedia.org/resource/>
ASK 
WHERE {
	res:Batman_Begins dbo:starring res:Christian_Bale .
}"	"Christian Bale ha recitato in Batman Begins?"	""	"0.0"	"0.0"	"1.0"	"0.0"	"0.0"	"0.0"
"44"	"In quale stato si trova il lago Limerick?"	"PREFIX dbo: <http://dbpedia.org/ontology/>
PREFIX res: <http://dbpedia.org/resource/>
SELECT DISTINCT ?uri 
WHERE { 
	res:Limerick_Lake dbo:country ?uri .
}"	"In quale stato si trova il lago Limerick?"	""	"0.0"	"0.0"	"1.0"	"0.0"	"0.0"	"0.0"
"45"	"Qual è l'ultimo film con Alec Guinness?"	"SELECT DISTINCT ?uri WHERE {  ?uri <http://www.w3.org/1999/02/22-rdf-syntax-ns#type> <http://dbpedia.org/ontology/Film> .  ?uri <http://dbpedia.org/ontology/starring> <http://dbpedia.org/resource/Alec_Guinness> .  ?uri <http://dbpedia.org/ontology/releaseDate> ?date . } ORDER BY DESC(?date) LIMIT 1 "	"Qual è l'ultimo film con Alec Guinness?"	""	"0.0"	"0.0"	"1.0"	"0.0"	"0.0"	"0.0"
"46"	"Qual è la montagna più alta d'Australia?"	"PREFIX dbo: <http://dbpedia.org/ontology/>
PREFIX res: <http://dbpedia.org/resource/>
PREFIX rdf: <http://www.w3.org/1999/02/22-rdf-syntax-ns#>
SELECT DISTINCT ?uri 
WHERE {
	?uri rdf:type dbo:Mountain .
        ?uri dbo:locatedInArea res:Australia .
        ?uri dbo:elevation ?elevation .
} 
ORDER BY DESC(?elevation) LIMIT 1"	"Qual è la montagna più alta d'Australia?"	""	"0.0"	"0.0"	"1.0"	"0.0"	"0.0"	"0.0"
"47"	"Frank Herbert è ancora vivo?"	"PREFIX dbo: <http://dbpedia.org/ontology/>
PREFIX res: <http://dbpedia.org/resource/>
ASK 
WHERE {
	OPTIONAL { res:Frank_Herbert dbo:deathDate ?date . }
        FILTER (!BOUND(?date))
}"	"Frank Herbert è ancora vivo?"	""	"0.0"	"0.0"	"1.0"	"0.0"	"0.0"	"0.0"
"48"	"Chi ha creato I Griffin?"	"SELECT DISTINCT ?uri WHERE { <http://dbpedia.org/resource/Family_Guy> <http://dbpedia.org/ontology/creator> ?uri . }  "	"Chi ha creato I Griffin?"	""	"0.0"	"0.0"	"1.0"	"0.0"	"0.0"	"0.0"
"49"	"Qual è la lingua ufficiale del Suriname?"	"PREFIX dbo: <http://dbpedia.org/ontology/>
PREFIX res: <http://dbpedia.org/resource/>
SELECT DISTINCT ?uri
WHERE { 
        res:Suriname dbo:officialLanguage ?uri .
}"	"Qual è la lingua ufficiale del Suriname?"	""	"0.0"	"0.0"	"1.0"	"0.0"	"0.0"	"0.0"
"50"	"Chi ha scritto la canzone Hotel California?"	"SELECT DISTINCT ?uri WHERE { <http://dbpedia.org/resource/Hotel_California> <http://dbpedia.org/ontology/writer> ?uri . }"	"Chi ha scritto la canzone Hotel California?"	""	"0.0"	"0.0"	"3.0"	"0.0"	"0.0"	"0.0"
"51"	"Dammi tutti gli attori che recitano in film diretti da William Shatner."	"SELECT DISTINCT ?uri WHERE {  ?x <http://dbpedia.org/ontology/director> <http://dbpedia.org/resource/William_Shatner> .  ?x <http://dbpedia.org/ontology/starring> ?uri . } "	"Dammi tutti gli attori che recitano in film diretti da William Shatner."	""	"0.0"	"0.0"	"19.0"	"0.0"	"0.0"	"0.0"
"52"	"Cosa c'e' in un biscotto con gocce di cioccolato?"	"SELECT DISTINCT ?uri WHERE { <http://dbpedia.org/resource/Chocolate_chip_cookie> <http://dbpedia.org/ontology/ingredient> ?uri . }"	"Cosa c'e' in un biscotto con gocce di cioccolato?"	""	"0.0"	"0.0"	"10.0"	"0.0"	"0.0"	"0.0"
"53"	"Dammi tutti gli skateboarders professionisti di Svezia."	"PREFIX dbo: <http://dbpedia.org/ontology/>
PREFIX dbp: <http://dbpedia.org/property/>
PREFIX res: <http://dbpedia.org/resource/>
SELECT DISTINCT ?uri 
WHERE {
	?uri dbo:occupation res:Skateboarding . 
        { ?uri dbo:birthPlace res:Sweden . }
        UNION
        { ?uri dbo:birthPlace ?place . 
          ?place dbo:country res:Sweden . }
}"	"Dammi tutti gli skateboarders professionisti di Svezia."	""	"0.0"	"0.0"	"2.0"	"0.0"	"0.0"	"0.0"
"54"	"Di quali ingredienti ho bisogno per la torta di carote?"	"SELECT DISTINCT ?uri WHERE {  <http://dbpedia.org/resource/Carrot_cake> <http://dbpedia.org/ontology/ingredient> ?uri . } "	"Di quali ingredienti ho bisogno per la torta di carote?"	""	"0.0"	"0.0"	"5.0"	"0.0"	"0.0"	"0.0"
"55"	"Neymar gioca per il Real Madrid?"	"ASK WHERE { <http://dbpedia.org/resource/Neymar> <http://dbpedia.org/ontology/team> <http://dbpedia.org/resource/Real_Madrid_C.F.> . }"	"Neymar gioca per il Real Madrid?"	""	"0.0"	"0.0"	"1.0"	"0.0"	"0.0"	"0.0"
"56"	"Quale informatico ha vinto un Oscar?"	"SELECT DISTINCT ?uri WHERE { { ?uri <http://dbpedia.org/ontology/field> <http://dbpedia.org/resource/Computer_science> . } UNION { ?uri <http://purl.org/dc/elements/1.1/description> ?s . FILTER regex(?s,'computer scientist','i') } ?uri <http://dbpedia.org/ontology/award> <http://dbpedia.org/resource/Academy_Awards> . } "	"Quale informatico ha vinto un Oscar?"	""	"0.0"	"0.0"	"0.0"	"0.0"	"0.0"	"0.0"
"57"	"Quante società sono state fondate nello stesso anno di Google?"	"SELECT (COUNT(DISTINCT ?uri) as ?c) WHERE {  ?uri <http://www.w3.org/1999/02/22-rdf-syntax-ns#type> <http://dbpedia.org/ontology/Company> .  ?uri <http://dbpedia.org/ontology/foundingYear> ?year .  <http://dbpedia.org/resource/Google> <http://dbpedia.org/ontology/foundingYear> ?year . } "	"Quante società sono state fondate nello stesso anno di Google?"	""	"0.0"	"0.0"	"1.0"	"0.0"	"0.0"	"0.0"
"58"	"In quale città del Regno Unito si trova il quartier generale del MI6?"	"PREFIX res: <http://dbpedia.org/resource/> 
PREFIX dbo: <http://dbpedia.org/ontology/> 
PREFIX rdf: <http://www.w3.org/1999/02/22-rdf-syntax-ns#>
SELECT DISTINCT ?uri 
WHERE { 
        res:Secret_Intelligence_Service dbo:headquarter ?uri . 
        ?uri dbo:country res:United_Kingdom . 
}"	"In quale città del Regno Unito si trova il quartier generale del MI6?"	""	"0.0"	"0.0"	"2.0"	"0.0"	"0.0"	"0.0"
"59"	"La crisi dei missili di Cuba avvenne prima dello sbarco nella Baia dei Porci?"	"PREFIX dbo: <http://dbpedia.org/ontology/>
PREFIX res: <http://dbpedia.org/resource/>
ASK 
WHERE {
        res:Cuban_Missile_Crisis dbo:date ?x .
	res:Bay_of_Pigs_Invasion dbo:date ?y .
	FILTER (?x < ?y)
}"	"La crisi dei missili di Cuba avvenne prima dello sbarco nella Baia dei Porci?"	""	"0.0"	"0.0"	"1.0"	"0.0"	"0.0"	"0.0"
"60"	"Che cosa significa IYCM?"	"PREFIX dbo: <http://dbpedia.org/ontology/>
PREFIX res: <http://dbpedia.org/resource/>
SELECT DISTINCT ?uri
WHERE {
        ?uri dbo:abbreviation 'IYCM' .
}"	"Che cosa significa IYCM?"	""	"0.0"	"0.0"	"1.0"	"0.0"	"0.0"	"0.0"
"61"	"Quando è scomparsa la dinastia Ming?"	"PREFIX res: <http://dbpedia.org/resource/>
PREFIX dbo: <http://dbpedia.org/ontology/> 
SELECT DISTINCT ?date
WHERE {  
        res:Ming_dynasty dbo:dissolutionDate ?date .
}"	"Quando è scomparsa la dinastia Ming?"	""	"0.0"	"0.0"	"0.0"	"0.0"	"0.0"	"0.0"
"62"	"Elenca tutti gli episodi della prima stagione della serie televisiva di HBO i Sopranos!"	"PREFIX dbo: <http://dbpedia.org/ontology/>
PREFIX res: <http://dbpedia.org/resource/>
SELECT DISTINCT ?uri 
WHERE {
	?uri dbo:series res:The_Sopranos  .
        ?uri dbo:seasonNumber 1 .
}"	"Elenca tutti gli episodi della prima stagione della serie televisiva di HBO i Sopranos!"	""	"0.0"	"0.0"	"0.0"	"0.0"	"0.0"	"0.0"
"63"	"Qual è la popolazione totale di Melbourne, Florida?"	"PREFIX dbo: <http://dbpedia.org/ontology/> 
SELECT ?uri 
WHERE { 
        <http://dbpedia.org/resource/Melbourne,_Florida> dbo:populationTotal ?uri .
}"	"Qual è la popolazione totale di Melbourne, Florida?"	""	"0.0"	"0.0"	"1.0"	"0.0"	"0.0"	"0.0"
"64"	"Arnold Schwarzenegger ha frequentato l'Università?"	"PREFIX dbo: <http://dbpedia.org/ontology/>
PREFIX res: <http://dbpedia.org/resource/> 
PREFIX rdf: <http://www.w3.org/1999/02/22-rdf-syntax-ns#>
ASK
WHERE {
        res:Arnold_Schwarzenegger dbo:almaMater ?x .
        ?x rdf:type dbo:University .
}"	"Arnold Schwarzenegger ha frequentato l'Università?"	""	"0.0"	"0.0"	"1.0"	"0.0"	"0.0"	"0.0"
"65"	"In quale stato si trova il Monte Everest?"	"PREFIX dbo: <http://dbpedia.org/ontology/>
PREFIX res: <http://dbpedia.org/resource/>
PREFIX rdf: <http://www.w3.org/1999/02/22-rdf-syntax-ns#> 
SELECT DISTINCT ?uri
WHERE { 
        res:Mount_Everest dbo:locatedInArea ?uri . 
        ?uri rdf:type dbo:Country .
}"	"In quale stato si trova il Monte Everest?"	""	"0.0"	"0.0"	"2.0"	"0.0"	"0.0"	"0.0"
"66"	"Qual è la città più grande d'Australia?"	"PREFIX dbo: <http://dbpedia.org/ontology/>
PREFIX res: <http://dbpedia.org/resource/>
SELECT DISTINCT ?uri 
WHERE {
	res:Australia dbo:largestCity ?uri .
}"	"Qual è la città più grande d'Australia?"	""	"0.0"	"0.0"	"1.0"	"0.0"	"0.0"	"0.0"
"67"	"Dammi tutte le rampe di lancio gestite dalla NASA."	"PREFIX dbo: <http://dbpedia.org/ontology/> 
PREFIX res: <http://dbpedia.org/resource/> 
PREFIX rdf: <http://www.w3.org/1999/02/22-rdf-syntax-ns#> 
SELECT DISTINCT ?uri 
WHERE { 
        ?uri rdf:type dbo:LaunchPad .  
        ?uri dbo:operator res:NASA . 
}"	"Dammi tutte le rampe di lancio gestite dalla NASA."	""	"0.0"	"0.0"	"14.0"	"0.0"	"0.0"	"0.0"
"68"	"Chi è il sindaco di Tel Aviv?"	"PREFIX dbo: <http://dbpedia.org/ontology/>
PREFIX res: <http://dbpedia.org/resource/>
SELECT DISTINCT ?uri
WHERE { 
        res:Tel_Aviv dbo:leaderName ?uri .
}"	"Chi è il sindaco di Tel Aviv?"	""	"0.0"	"0.0"	"0.0"	"0.0"	"0.0"	"0.0"
"69"	"Elenca tutti gli episodi della prima stagione della serie televisiva di HBO i Sopranos."	"PREFIX dbo: <http://dbpedia.org/ontology/>
PREFIX res: <http://dbpedia.org/resource/>
SELECT DISTINCT ?uri 
WHERE {
        ?uri dbo:series res:The_Sopranos  .
        ?uri dbo:seasonNumber 1 .
}"	"Elenca tutti gli episodi della prima stagione della serie televisiva di HBO i Sopranos."	""	"0.0"	"0.0"	"0.0"	"0.0"	"0.0"	"0.0"
"70"	"Chi ha creato Batman?"	"SELECT DISTINCT ?uri WHERE {  <http://dbpedia.org/resource/Batman> <http://dbpedia.org/ontology/creator> ?uri . } "	"Chi ha creato Batman?"	""	"0.0"	"0.0"	"2.0"	"0.0"	"0.0"	"0.0"
"71"	"Chi ha interpretato Gustavo Fring in Breaking Bad - Reazioni collaterali?"	"SELECT DISTINCT ?uri WHERE { <http://dbpedia.org/resource/Gus_Fring> <http://dbpedia.org/ontology/portrayer> ?uri . }"	"Chi ha interpretato Gustavo Fring in Breaking Bad - Reazioni collaterali?"	""	"0.0"	"0.0"	"1.0"	"0.0"	"0.0"	"0.0"
"72"	"In quale linguaggio di programmazione è scritto GIMP?"	"PREFIX dbo: <http://dbpedia.org/ontology/>
PREFIX res: <http://dbpedia.org/resource/>
SELECT DISTINCT ?uri 
WHERE { 
	res:GIMP dbo:programmingLanguage ?uri .
}"	"In quale linguaggio di programmazione è scritto GIMP?"	""	"0.0"	"0.0"	"2.0"	"0.0"	"0.0"	"0.0"
"73"	"In quale antico impero era possibile pagare con le fave di cacao?"	"SELECT DISTINCT ?uri WHERE { ?uri <http://dbpedia.org/ontology/currency> <http://dbpedia.org/resource/Cocoa_bean> . }"	"In quale antico impero era possibile pagare con le fave di cacao?"	""	"0.0"	"0.0"	"2.0"	"0.0"	"0.0"	"0.0"
"74"	"Chi è l'editore di Forbes?"	"PREFIX res: <http://dbpedia.org/resource/>
PREFIX dbo: <http://dbpedia.org/ontology/>
SELECT DISTINCT ?uri 
WHERE {
        res:Forbes dbo:editor ?uri .
}"	"Chi è l'editore di Forbes?"	"select  ?o
    {
    <http://dbpedia.org/resource/Forbes> <http://dbpedia.org/ontology/publisher>  ?o
    }"	"0.0"	"1.0"	"1.0"	"0.0"	"0.0"	"0.0"
"75"	"Quante persone vivono nella capitale dell'Australia?"	"PREFIX dbo: <http://dbpedia.org/ontology/>
PREFIX res: <http://dbpedia.org/resource/>
SELECT DISTINCT ?num 
WHERE {
        res:Australia dbo:capital ?x .
        ?x dbo:populationTotal ?num .
}"	"Quante persone vivono nella capitale dell'Australia?"	""	"0.0"	"0.0"	"1.0"	"0.0"	"0.0"	"0.0"
"76"	"Quali surfisti professionisti sono nati in Australia?"	"PREFIX dbo: <http://dbpedia.org/ontology/> 
PREFIX res: <http://dbpedia.org/resource/> 
SELECT DISTINCT ?uri 
WHERE { 
        ?uri dbo:occupation res:Surfing .  
        ?uri dbo:birthPlace res:Australia . 
}"	"Quali surfisti professionisti sono nati in Australia?"	""	"0.0"	"0.0"	"1.0"	"0.0"	"0.0"	"0.0"
"77"	"Quali società di elettronica sono state fondate a Pechino?"	"SELECT DISTINCT ?uri WHERE { ?uri a <http://dbpedia.org/ontology/Company> . ?uri <http://dbpedia.org/ontology/industry> <http://dbpedia.org/resource/Electronics> . ?uri <http://dbpedia.org/ontology/foundationPlace> <http://dbpedia.org/resource/Beijing> . }"	"Quali società di elettronica sono state fondate a Pechino?"	""	"0.0"	"0.0"	"0.0"	"0.0"	"0.0"	"0.0"
"78"	"Dammi tutti i videogiochi di Mean Hamster Software."	"PREFIX dbo: <http://dbpedia.org/ontology/>
PREFIX res: <http://dbpedia.org/resource/>
PREFIX rdf: <http://www.w3.org/1999/02/22-rdf-syntax-ns#>
SELECT DISTINCT ?uri 
WHERE {
      ?uri rdf:type dbo:VideoGame .
      ?uri dbo:publisher res:Mean_Hamster_Software . 
}"	"Dammi tutti i videogiochi di Mean Hamster Software."	""	"0.0"	"0.0"	"1.0"	"0.0"	"0.0"	"0.0"
"79"	"Quanti negozi Aldi ci sono?"	"SELECT DISTINCT ?number WHERE {  <http://dbpedia.org/resource/Aldi> <http://dbpedia.org/ontology/numberOfLocations> ?number . } "	"Quanti negozi Aldi ci sono?"	""	"0.0"	"0.0"	"1.0"	"0.0"	"0.0"	"0.0"
"80"	"Qual è la capitale del Cameroon"	"SELECT DISTINCT ?uri WHERE { <http://dbpedia.org/resource/Cameroon> <http://dbpedia.org/ontology/capital> ?uri. } "	"Qual è la capitale del Cameroon"	""	"0.0"	"0.0"	"1.0"	"0.0"	"0.0"	"0.0"
"81"	"Esiste un videogioco che si chiama Battle Chess?"	"PREFIX dbo: <http://dbpedia.org/ontology/>
PREFIX rdf: <http://www.w3.org/1999/02/22-rdf-syntax-ns#>
PREFIX rdfs: <http://www.w3.org/2000/01/rdf-schema#>
ASK 
WHERE {
	?uri rdf:type dbo:VideoGame .
        ?uri rdfs:label 'Battle Chess'@en .
}"	"Esiste un videogioco che si chiama Battle Chess?"	""	"0.0"	"0.0"	"1.0"	"0.0"	"0.0"	"0.0"
"82"	"La moglie del presidente Lincoln si chiamava Mary?"	"PREFIX dbo: <http://dbpedia.org/ontology/>
PREFIX res: <http://dbpedia.org/resource/>
PREFIX rdfs: <http://www.w3.org/2000/01/rdf-schema#>
ASK 
WHERE {
        res:Abraham_Lincoln dbo:spouse ?spouse .
        ?spouse rdfs:label ?name .
        FILTER(regex(?name,'Mary')) 
}"	"La moglie del presidente Lincoln si chiamava Mary?"	""	"0.0"	"0.0"	"1.0"	"0.0"	"0.0"	"0.0"
"83"	"Dammi tutti i film diretti da Francis Ford Coppola."	"SELECT DISTINCT ?uri WHERE {  ?uri <http://www.w3.org/1999/02/22-rdf-syntax-ns#type> <http://dbpedia.org/ontology/Film> .  ?uri <http://dbpedia.org/ontology/director> <http://dbpedia.org/resource/Francis_Ford_Coppola> . } "	"Dammi tutti i film diretti da Francis Ford Coppola."	""	"0.0"	"0.0"	"33.0"	"0.0"	"0.0"	"0.0"
"84"	"Quali film di Tim Burton hanno avuto il budget più alto?"	"PREFIX dbo: <http://dbpedia.org/ontology/>
PREFIX res: <http://dbpedia.org/resource/>
SELECT DISTINCT ?uri 
WHERE { 
        ?uri dbo:director res:Tim_Burton .
        ?uri dbo:budget ?b .
}
ORDER BY ?b
OFFSET 0 LIMIT 1"	"Quali film di Tim Burton hanno avuto il budget più alto?"	""	"0.0"	"0.0"	"1.0"	"0.0"	"0.0"	"0.0"
"85"	"Breaking Bad ha più episodi di Game of Thrones?"	"PREFIX dbo: <http://dbpedia.org/ontology/> 
PREFIX res: <http://dbpedia.org/resource/> 
ASK 
WHERE { 
        res:Breaking_Bad dbo:numberOfEpisodes ?x . 
        res:Game_of_Thrones dbo:numberOfEpisodes ?y . 
        FILTER (?y > ?x) 
}"	"Breaking Bad ha più episodi di Game of Thrones?"	""	"0.0"	"0.0"	"1.0"	"0.0"	"0.0"	"0.0"
"86"	"Chi era chiamato Rodzilla?"	"PREFIX dbp: <http://dbpedia.org/property/> 
SELECT DISTINCT ?uri 
WHERE { 
         ?uri dbp:nickname ""Rodzilla""@en .
}"	"Chi era chiamato Rodzilla?"	""	"0.0"	"0.0"	"0.0"	"0.0"	"0.0"	"0.0"
"87"	"Natalie Portman, nata, Stati Uniti d'America"	"PREFIX dbo: <http://dbpedia.org/ontology/>
PREFIX res: <http://dbpedia.org/resource/>
ASK 
WHERE { 
	res:Natalie_Portman dbo:birthPlace ?city .
      	?city dbo:country res:United_States .
}"	"Natalie Portman, nata, Stati Uniti d'America"	""	"0.0"	"0.0"	"1.0"	"0.0"	"0.0"	"0.0"
"88"	"Dammi i nipoti di Elvis Presley."	"SELECT DISTINCT ?uri WHERE { <http://dbpedia.org/resource/Elvis_Presley> <http://dbpedia.org/ontology/child> ?child . ?child <http://dbpedia.org/ontology/child> ?uri . }"	"Dammi i nipoti di Elvis Presley."	""	"0.0"	"0.0"	"1.0"	"0.0"	"0.0"	"0.0"
"89"	"Quali film in cui recita Mickey Rourke sono stati diretti da Guy Ritchie?"	"SELECT DISTINCT ?uri WHERE { ?uri <http://www.w3.org/1999/02/22-rdf-syntax-ns#type> <http://dbpedia.org/ontology/Film> . ?uri <http://dbpedia.org/ontology/starring> <http://dbpedia.org/resource/Mickey_Rourke> . ?uri <http://dbpedia.org/ontology/director> <http://dbpedia.org/resource/Guy_Ritchie> . } "	"Quali film in cui recita Mickey Rourke sono stati diretti da Guy Ritchie?"	""	"0.0"	"0.0"	"1.0"	"0.0"	"0.0"	"0.0"
"90"	"Quando è morto il creatore di Dracula?"	"SELECT DISTINCT ?date WHERE {  <http://dbpedia.org/resource/Count_Dracula> <http://dbpedia.org/ontology/creator> ?x .  ?x <http://dbpedia.org/ontology/deathDate> ?date . } "	"Quando è morto il creatore di Dracula?"	""	"0.0"	"0.0"	"1.0"	"0.0"	"0.0"	"0.0"
"91"	"Da quale stato proviene il creatore di Miffy?"	"PREFIX dbo: <http://dbpedia.org/ontology/>
PREFIX res: <http://dbpedia.org/resource/>
SELECT DISTINCT ?uri 
WHERE {
	res:Miffy dbo:creator ?x .
	?x dbo:nationality ?uri .
}"	"Da quale stato proviene il creatore di Miffy?"	""	"0.0"	"0.0"	"0.0"	"0.0"	"0.0"	"0.0"
"92"	"Qual è il vero nome di Batman?"	"SELECT DISTINCT ?s WHERE { <http://dbpedia.org/resource/Batman> <http://dbpedia.org/property/alterEgo> ?s . }"	"Qual è il vero nome di Batman?"	""	"0.0"	"0.0"	"1.0"	"0.0"	"0.0"	"0.0"
"93"	"Quale forma di governo ha la Russia?"	"SELECT DISTINCT ?uri WHERE { <http://dbpedia.org/resource/Russia> <http://dbpedia.org/ontology/governmentType> ?uri . } "	"Quale forma di governo ha la Russia?"	"select  ?o
    {
    <http://dbpedia.org/resource/Russia> <http://dbpedia.org/ontology/governmentType>  ?o
    }"	"1.0"	"0.0"	"0.0"	"1.0"	"1.0"	"1.0"
"94"	"Quante società sono state fondate dal fondatore di Facebook?"	"SELECT (COUNT(DISTINCT ?uri) as ?c) WHERE {  <http://dbpedia.org/resource/Facebook> <http://dbpedia.org/ontology/foundedBy> ?uri .  ?uri <http://dbpedia.org/ontology/foundedBy> ?uri . } "	"Quante società sono state fondate dal fondatore di Facebook?"	""	"0.0"	"0.0"	"1.0"	"0.0"	"0.0"	"0.0"
"95"	"Dammi tutti i produttori canadesi di musica Grunge."	"PREFIX dbo: <http://dbpedia.org/ontology/>
PREFIX res: <http://dbpedia.org/resource/>
PREFIX rdf: <http://www.w3.org/1999/02/22-rdf-syntax-ns#>
SELECT DISTINCT ?uri 
WHERE {
	?uri rdf:type dbo:RecordLabel .
        ?uri dbo:genre res:Grunge .
        ?uri dbo:country res:Canada .
}"	"Dammi tutti i produttori canadesi di musica Grunge."	""	"0.0"	"0.0"	"1.0"	"0.0"	"0.0"	"0.0"
"96"	"Quanti figli ebbe Benjamin Franklin?"	"SELECT (COUNT(DISTINCT ?uri) as ?c) WHERE {  <http://dbpedia.org/resource/Benjamin_Franklin> <http://dbpedia.org/ontology/child> ?uri . } "	"Quanti figli ebbe Benjamin Franklin?"	""	"0.0"	"0.0"	"1.0"	"0.0"	"0.0"	"0.0"
"97"	"Elenca i figli di Margaret Thatcher."	"PREFIX res: <http://dbpedia.org/resource/>
PREFIX dbo: <http://dbpedia.org/ontology/>
SELECT DISTINCT ?uri 
WHERE {
	res:Margaret_Thatcher dbo:child ?uri .
}"	"Elenca i figli di Margaret Thatcher."	""	"0.0"	"0.0"	"2.0"	"0.0"	"0.0"	"0.0"
"98"	"Da quale regione proviene il Melon de Bourgogne?"	"PREFIX res: <http://dbpedia.org/resource/>
PREFIX dbo: <http://dbpedia.org/ontology/> 
SELECT DISTINCT ?uri
WHERE {
        res:Melon_de_Bourgogne dbo:wineRegion ?uri .
}"	"Da quale regione proviene il Melon de Bourgogne?"	""	"0.0"	"0.0"	"4.0"	"0.0"	"0.0"	"0.0"
"99"	"Chi è il figlio maggiore di Meryl Streep?"	"PREFIX dbo: <http://dbpedia.org/ontology/>
PREFIX res: <http://dbpedia.org/resource/>
SELECT DISTINCT ?uri
WHERE { 
        res:Meryl_Streep dbo:child ?uri . 
        ?uri dbo:birthDate ?d .
}
ORDER BY ASC(?d)
OFFSET 0 LIMIT 1"	"Chi è il figlio maggiore di Meryl Streep?"	""	"0.0"	"0.0"	"1.0"	"0.0"	"0.0"	"0.0"
"100"	"Le rane verdi sono un tipo di anfibio?"	"PREFIX dbo: <http://dbpedia.org/ontology/> 
PREFIX res: <http://dbpedia.org/resource/> 
ASK 
WHERE { 
        res:Hylidae dbo:class res:Amphibian . 
}"	"Le rane verdi sono un tipo di anfibio?"	""	"0.0"	"0.0"	"1.0"	"0.0"	"0.0"	"0.0"
"101"	"Christian Bale ha recitato in Velvet Goldmine?"	"PREFIX dbo: <http://dbpedia.org/ontology/>
PREFIX res: <http://dbpedia.org/resource/>
ASK
WHERE {
        res:Velvet_Goldmine dbo:starring res:Christian_Bale .
}"	"Christian Bale ha recitato in Velvet Goldmine?"	""	"0.0"	"0.0"	"1.0"	"0.0"	"0.0"	"0.0"
"102"	"Elenca tutti i giochi di GMT."	"PREFIX dbo: <http://dbpedia.org/ontology/>
PREFIX res: <http://dbpedia.org/resource/>
SELECT DISTINCT ?uri 
WHERE {	
        ?uri dbo:publisher res:GMT_Games .
}"	"Elenca tutti i giochi di GMT."	""	"0.0"	"0.0"	"8.0"	"0.0"	"0.0"	"0.0"
"103"	"L'Isar sfocia in un lago?"	"PREFIX dbo: <http://dbpedia.org/ontology/>
PREFIX res: <http://dbpedia.org/resource/>
PREFIX rdf: <http://www.w3.org/1999/02/22-rdf-syntax-ns#>
ASK
WHERE {
        ?x dbo:inflow res:Isar .
        ?x rdf:type dbo:Lake . 
}"	"L'Isar sfocia in un lago?"	""	"0.0"	"0.0"	"1.0"	"0.0"	"0.0"	"0.0"
"104"	"Quali aeroporti sono serviti da Yeti Airlines?"	"SELECT DISTINCT ?uri WHERE {  <http://dbpedia.org/resource/Yeti_Airlines> <http://dbpedia.org/ontology/targetAirport> ?uri . }"	"Quali aeroporti sono serviti da Yeti Airlines?"	""	"0.0"	"0.0"	"5.0"	"0.0"	"0.0"	"0.0"
"105"	"Quale società indiana ha il maggior numero di dipendenti?"	"SELECT DISTINCT ?uri WHERE { ?uri a <http://dbpedia.org/ontology/Company> . ?uri <http://dbpedia.org/ontology/location> <http://dbpedia.org/resource/India> . ?uri <http://dbpedia.org/ontology/numberOfEmployees> ?n . } ORDER BY DESC(?n) OFFSET 0 LIMIT 1"	"Quale società indiana ha il maggior numero di dipendenti?"	""	"0.0"	"0.0"	"1.0"	"0.0"	"0.0"	"0.0"
"106"	"Quale colore esprime lealtà?"	"SELECT DISTINCT ?uri WHERE { ?uri <http://dbpedia.org/ontology/connotation> <http://dbpedia.org/resource/Loyalty> . }"	"Quale colore esprime lealtà?"	""	"0.0"	"0.0"	"0.0"	"0.0"	"0.0"	"0.0"
"107"	"Quale città ha il maggior numero di abitanti?"	"PREFIX dbo: <http://dbpedia.org/ontology/> 
PREFIX res: <http://dbpedia.org/resource/> 
PREFIX rdf: <http://www.w3.org/1999/02/22-rdf-syntax-ns#> 
SELECT DISTINCT ?uri
WHERE { 
         ?uri rdf:type dbo:City . 
         ?uri dbo:populationTotal ?pop . 
}
ORDER BY DESC(?pop)
OFFSET 0 LIMIT 1"	"Quale città ha il maggior numero di abitanti?"	""	"0.0"	"0.0"	"1.0"	"0.0"	"0.0"	"0.0"
"108"	"Chi ha creato Wikipedia?"	"PREFIX dbo: <http://dbpedia.org/ontology/>
PREFIX res: <http://dbpedia.org/resource/>
SELECT DISTINCT ?uri
WHERE {
	res:Wikipedia dbo:author ?uri .
}"	"Chi ha creato Wikipedia?"	""	"0.0"	"0.0"	"2.0"	"0.0"	"0.0"	"0.0"
"109"	"Rita Wilson è la moglie di Tom Hanks?"	"PREFIX dbo: <http://dbpedia.org/ontology/> 
PREFIX res: <http://dbpedia.org/resource/> 
ASK 
WHERE { 
        res:Tom_Hanks dbo:spouse res:Rita_Wilson . 
}"	"Rita Wilson è la moglie di Tom Hanks?"	""	"0.0"	"0.0"	"1.0"	"0.0"	"0.0"	"0.0"
"110"	"La moglie del presidente Obama si chiama Michelle?"	"PREFIX dbo: <http://dbpedia.org/ontology/>
PREFIX res: <http://dbpedia.org/resource/>
PREFIX rdfs: <http://www.w3.org/2000/01/rdf-schema#>
ASK 
WHERE {
        res:Barack_Obama dbo:spouse ?spouse .
        ?spouse rdfs:label ?name .
        FILTER(regex(?name,'Michelle')) 
}"	"La moglie del presidente Obama si chiama Michelle?"	""	"0.0"	"0.0"	"1.0"	"0.0"	"0.0"	"0.0"
"111"	"Quanti gruppi etnici vivono in Slovenia?"	"SELECT (COUNT(DISTINCT ?uri) as ?c) WHERE {  <http://dbpedia.org/resource/Slovenia> <http://dbpedia.org/ontology/ethnicGroup> ?uri . } "	"Quanti gruppi etnici vivono in Slovenia?"	""	"0.0"	"0.0"	"1.0"	"0.0"	"0.0"	"0.0"
"112"	"Chi è il presidente dell'Eritrea?"	"SELECT DISTINCT ?uri WHERE { <http://dbpedia.org/resource/Eritrea> <http://dbpedia.org/ontology/leader> ?uri . <http://dbpedia.org/resource/Eritrea> <http://dbpedia.org/ontology/leaderTitle> 'President'@en . }  "	"Chi è il presidente dell'Eritrea?"	""	"0.0"	"0.0"	"0.0"	"0.0"	"0.0"	"0.0"
"113"	"Quanti film ha diretto Stanley Kubrick?"	"SELECT DISTINCT ?uri WHERE { ?uri <http://dbpedia.org/ontology/director> <http://dbpedia.org/resource/Stanley_Kubrick> . }"	"Quanti film ha diretto Stanley Kubrick?"	""	"0.0"	"0.0"	"16.0"	"0.0"	"0.0"	"0.0"
"114"	"Quando è stato completato il Titanic?"	"PREFIX dbo: <http://dbpedia.org/ontology/>
PREFIX res: <http://dbpedia.org/resource/>
SELECT DISTINCT ?date
WHERE { 
        res:RMS_Titanic dbo:completionDate ?date . 
}"	"Quando è stato completato il Titanic?"	""	"0.0"	"0.0"	"0.0"	"0.0"	"0.0"	"0.0"
"115"	"Quante pagine ha Guerra e Pace?"	"PREFIX dbo: <http://dbpedia.org/ontology/>
PREFIX res: <http://dbpedia.org/resource/>
SELECT DISTINCT ?n
WHERE {
        res:War_and_Peace dbo:numberOfPages ?n .
}"	"Quante pagine ha Guerra e Pace?"	""	"0.0"	"0.0"	"1.0"	"0.0"	"0.0"	"0.0"
"116"	"Chi è il giocatore più giovane della Premier League?"	"PREFIX dbo: <http://dbpedia.org/ontology/> 
PREFIX res: <http://dbpedia.org/resource/> 
SELECT DISTINCT ?uri 
WHERE { 
        ?uri dbo:team ?x . 
        ?x dbo:league res:Premier_League . 
        ?uri dbo:birthDate ?y . 
} 
ORDER BY DESC(?y) 
OFFSET 0 LIMIT 1"	"Chi è il giocatore più giovane della Premier League?"	""	"0.0"	"0.0"	"0.0"	"0.0"	"0.0"	"0.0"
"117"	"Qual è la montagna più alta in Italia?"	"PREFIX dbo: <http://dbpedia.org/ontology/>
PREFIX res: <http://dbpedia.org/resource/>
PREFIX rdf: <http://www.w3.org/1999/02/22-rdf-syntax-ns#>
SELECT DISTINCT ?uri
WHERE {
        ?uri rdf:type dbo:Mountain .
        ?uri dbo:locatedInArea res:Italy .
        ?uri dbo:elevation ?num .
}
ORDER BY DESC(?num)
OFFSET 0 LIMIT 1"	"Qual è la montagna più alta in Italia?"	""	"0.0"	"0.0"	"1.0"	"0.0"	"0.0"	"0.0"
"118"	"Quanto è alta Claudia Schiffer?"	"PREFIX res: <http://dbpedia.org/resource/>
PREFIX dbo: <http://dbpedia.org/ontology/>
SELECT DISTINCT ?height 
WHERE {       
        res:Claudia_Schiffer dbo:height ?height .      
}"	"Quanto è alta Claudia Schiffer?"	""	"0.0"	"0.0"	"1.0"	"0.0"	"0.0"	"0.0"
"119"	"Chi fu il vicepresidente di John F. Kennedy?"	"PREFIX dbo: <http://dbpedia.org/ontology/> 
PREFIX res: <http://dbpedia.org/resource/> 
SELECT DISTINCT ?uri 
WHERE { res:John_F._Kennedy dbo:vicePresident ?uri . 
}"	"Chi fu il vicepresidente di John F. Kennedy?"	""	"0.0"	"0.0"	"0.0"	"0.0"	"0.0"	"0.0"
"120"	"Quale società sussidiaria di Lufthansa serve sia Dortmund che Berlin Tegel?"	"PREFIX res: <http://dbpedia.org/resource/>
PREFIX dbo: <http://dbpedia.org/ontology/> 
SELECT DISTINCT ?uri 
WHERE {
        res:Lufthansa dbo:subsidiary ?uri .
        ?uri dbo:targetAirport res:Dortmund_Airport .
        ?uri dbo:targetAirport res:Berlin_Tegel_Airport .
}"	"Quale società sussidiaria di Lufthansa serve sia Dortmund che Berlin Tegel?"	""	"0.0"	"0.0"	"0.0"	"0.0"	"0.0"	"0.0"
"121"	"Chi fu il successore di John F. Kennedy?"	"PREFIX dbo: <http://dbpedia.org/ontology/>
PREFIX res: <http://dbpedia.org/resource/>
SELECT DISTINCT ?uri 
WHERE {
	res:John_F._Kennedy dbo:successor ?uri .
}"	"Chi fu il successore di John F. Kennedy?"	""	"0.0"	"0.0"	"0.0"	"0.0"	"0.0"	"0.0"
"122"	"Chi ha composto la colonna sonora di Titanic di Cameron?"	"SELECT DISTINCT ?uri WHERE { <http://dbpedia.org/resource/Titanic_(1997_film)> <http://dbpedia.org/ontology/musicComposer> ?uri . } "	"Chi ha composto la colonna sonora di Titanic di Cameron?"	""	"0.0"	"0.0"	"1.0"	"0.0"	"0.0"	"0.0"
"123"	"Che film ha diretto Kurosawa?"	"PREFIX dbo: <http://dbpedia.org/ontology/>
PREFIX res: <http://dbpedia.org/resource/>
PREFIX rdf: <http://www.w3.org/1999/02/22-rdf-syntax-ns#>
SELECT DISTINCT ?uri
WHERE {
        ?uri rdf:type dbo:Film .
        ?uri dbo:director res:Akira_Kurosawa .
}"	"Che film ha diretto Kurosawa?"	""	"0.0"	"0.0"	"32.0"	"0.0"	"0.0"	"0.0"
"124"	"Quale casa discografica ha inciso il primo album di Elvis?"	"PREFIX dbo: <http://dbpedia.org/ontology/>
PREFIX res: <http://dbpedia.org/resource/>
PREFIX rdf: <http://www.w3.org/1999/02/22-rdf-syntax-ns#>
SELECT DISTINCT ?uri 
WHERE {
        ?x rdf:type dbo:Album .
        ?x dbo:artist res:Elvis_Presley .
        ?x dbo:releaseDate ?y .
        ?x dbo:recordLabel ?uri .
}
ORDER BY ASC(?y) 
OFFSET 0 LIMIT 1"	"Quale casa discografica ha inciso il primo album di Elvis?"	""	"0.0"	"0.0"	"1.0"	"0.0"	"0.0"	"0.0"
"125"	"Qual è il fuso orario di Roma?"	"SELECT DISTINCT ?uri WHERE { <http://dbpedia.org/resource/Rome> <http://dbpedia.org/ontology/timeZone> ?uri . } "	"Qual è il fuso orario di Roma?"	"select  ?o
    {
    <http://dbpedia.org/resource/Rome> <http://dbpedia.org/ontology/timezone>  ?o
    }"	"0.0"	"0.0"	"1.0"	"0.0"	"0.0"	"0.0"
"126"	"Dammi la valuta della Cina."	"PREFIX res: <http://dbpedia.org/resource/>
PREFIX dbo: <http://dbpedia.org/ontology/> 
SELECT DISTINCT ?uri
WHERE {  
   res:China dbo:currency ?uri . 
}"	"Dammi la valuta della Cina."	""	"0.0"	"0.0"	"1.0"	"0.0"	"0.0"	"0.0"
"127"	"Chi ha sviluppato DBpedia?"	"SELECT DISTINCT ?uri WHERE { <http://dbpedia.org/resource/DBpedia> <http://dbpedia.org/ontology/developer> ?uri . }"	"Chi ha sviluppato DBpedia?"	""	"0.0"	"0.0"	"3.0"	"0.0"	"0.0"	"0.0"
"128"	"Il luogo di morte di Abraham Lincoln ha un sito web?"	"PREFIX dbo: <http://dbpedia.org/ontology/>
PREFIX res: <http://dbpedia.org/resource/>
ASK 
WHERE {
        res:Abraham_Lincoln dbo:deathPlace ?p .
        ?p dbo:website ?w . 
}"	"Il luogo di morte di Abraham Lincoln ha un sito web?"	""	"0.0"	"0.0"	"1.0"	"0.0"	"0.0"	"0.0"
"129"	"Chi è il re dei Paesi Bassi?"	"SELECT DISTINCT ?uri WHERE { <http://dbpedia.org/resource/Netherlands> <http://dbpedia.org/ontology/leader> ?uri . ?uri a <http://dbpedia.org/ontology/Royalty> . } "	"Chi è il re dei Paesi Bassi?"	""	"0.0"	"0.0"	"0.0"	"0.0"	"0.0"	"0.0"
"130"	"In quale città è morto Nikos Kazantzakis"	"SELECT DISTINCT ?uri WHERE { <http://dbpedia.org/resource/Nikos_Kazantzakis> <http://dbpedia.org/ontology/deathPlace> ?uri . ?uri a <http://dbpedia.org/ontology/Town> . }"	"In quale città è morto Nikos Kazantzakis"	""	"0.0"	"0.0"	"1.0"	"0.0"	"0.0"	"0.0"
"131"	"Chi fu il padre della regina Elisabetta II?"	"PREFIX res: <http://dbpedia.org/resource/>
PREFIX dbp: <http://dbpedia.org/property/>
SELECT DISTINCT ?uri
WHERE { 
        res:Elizabeth_II dbp:father ?uri .
}"	"Chi fu il padre della regina Elisabetta II?"	""	"0.0"	"0.0"	"1.0"	"0.0"	"0.0"	"0.0"
"132"	"Dammi la lista di tutti gli uccelli in via di estinzione."	"SELECT DISTINCT ?uri ?p WHERE { ?uri a <http://dbpedia.org/ontology/Bird> . { ?uri <http://dbpedia.org/ontology/conservationStatus> 'CR'^^<http://www.w3.org/2001/XMLSchema#string> . } UNION { ?uri <http://purl.org/dc/terms/subject> <http://dbpedia.org/resource/Category:Critically_endangered_animals> . } }"	"Dammi la lista di tutti gli uccelli in via di estinzione."	""	"0.0"	"0.0"	"27.0"	"0.0"	"0.0"	"0.0"
"133"	"Quanti abitanti ha la città più grande del Canada?"	"PREFIX dbo: <http://dbpedia.org/ontology/>
PREFIX res: <http://dbpedia.org/resource/>
SELECT DISTINCT ?num
WHERE {
        res:Canada dbo:largestCity ?city . 
        ?city dbo:populationTotal ?num .
}"	"Quanti abitanti ha la città più grande del Canada?"	""	"0.0"	"0.0"	"1.0"	"0.0"	"0.0"	"0.0"
"134"	"A quali conflitti militari ha partecipato Lawrence d'Arabia?"	"PREFIX dbo: <http://dbpedia.org/ontology/> 
PREFIX res: <http://dbpedia.org/resource/> 
SELECT DISTINCT ?uri 
WHERE { 
        res:T._E._Lawrence dbo:battle ?uri . 
}"	"A quali conflitti militari ha partecipato Lawrence d'Arabia?"	""	"0.0"	"0.0"	"6.0"	"0.0"	"0.0"	"0.0"
"135"	"Quale libro ha il maggior numero di pagine?"	"PREFIX dbo: <http://dbpedia.org/ontology/>
PREFIX rdf: <http://www.w3.org/1999/02/22-rdf-syntax-ns#> 
SELECT DISTINCT ?uri
WHERE { 
        ?uri rdf:type dbo:Book . 
        ?uri dbo:numberOfPages ?n .
}
ORDER BY DESC(?n)
OFFSET 0 LIMIT 1"	"Quale libro ha il maggior numero di pagine?"	""	"0.0"	"0.0"	"1.0"	"0.0"	"0.0"	"0.0"
"136"	"In quale stato nasce il Nilo?"	"PREFIX dbo: <http://dbpedia.org/ontology/>
PREFIX res: <http://dbpedia.org/resource/>
SELECT DISTINCT ?uri
WHERE {       
        res:Nile dbo:sourceCountry ?uri .
}"	"In quale stato nasce il Nilo?"	""	"0.0"	"0.0"	"0.0"	"0.0"	"0.0"	"0.0"
"137"	"Qual è il pilota di Formula 1 con più gare?"	"SELECT DISTINCT ?uri WHERE {  ?uri <http://www.w3.org/1999/02/22-rdf-syntax-ns#type> <http://dbpedia.org/ontology/FormulaOneRacer> .  ?uri <http://dbpedia.org/ontology/races> ?x . } ORDER BY DESC(?x) OFFSET 0 LIMIT 1 "	"Qual è il pilota di Formula 1 con più gare?"	""	"0.0"	"0.0"	"1.0"	"0.0"	"0.0"	"0.0"
"138"	"Quali società producono aeroscafi?"	"SELECT DISTINCT ?uri WHERE { ?uri a <http://dbpedia.org/ontology/Company> . ?uri <http://dbpedia.org/ontology/product> <http://dbpedia.org/resource/Hovercraft> . }"	"Quali società producono aeroscafi?"	""	"0.0"	"0.0"	"6.0"	"0.0"	"0.0"	"0.0"
"139"	"Elvis Presley ha avuto dei figli?"	"ASK WHERE { <http://dbpedia.org/resource/Elvis_Presley> <http://dbpedia.org/ontology/child> ?uri . } "	"Elvis Presley ha avuto dei figli?"	""	"0.0"	"0.0"	"1.0"	"0.0"	"0.0"	"0.0"
"140"	"In quale città è nato il presidente del Montenegro?"	"SELECT DISTINCT ?uri WHERE { ?x <http://dbpedia.org/property/office> <http://dbpedia.org/resource/President_of_Montenegro> . ?x <http://dbpedia.org/ontology/birthPlace> ?uri . ?uri a <http://dbpedia.org/ontology/City> . } "	"In quale città è nato il presidente del Montenegro?"	""	"0.0"	"0.0"	"0.0"	"0.0"	"0.0"	"0.0"
"141"	"In quale stato è nato Bill Gates?"	"SELECT DISTINCT ?uri WHERE { <http://dbpedia.org/resource/Bill_Gates> <http://dbpedia.org/ontology/birthPlace> ?x . ?x <http://dbpedia.org/ontology/country> ?uri . }"	"In quale stato è nato Bill Gates?"	""	"0.0"	"0.0"	"1.0"	"0.0"	"0.0"	"0.0"
"142"	"In quali stati si parla giapponese?"	"SELECT DISTINCT ?uri WHERE { ?uri a <http://dbpedia.org/ontology/Country> . ?uri <http://dbpedia.org/ontology/language> <http://dbpedia.org/resource/Japanese_language> . } "	"In quali stati si parla giapponese?"	""	"0.0"	"0.0"	"11.0"	"0.0"	"0.0"	"0.0"
"143"	"Mostrami il libro scritto da Muhammad Ali."	"PREFIX dbo: <http://dbpedia.org/ontology/> 
PREFIX res: <http://dbpedia.org/resource/> 
PREFIX rdf: <http://www.w3.org/1999/02/22-rdf-syntax-ns#> 
SELECT DISTINCT ?uri 
WHERE { 
         ?uri rdf:type dbo:Book . 
         ?uri dbo:author res:Muhammad_Ali . 
}"	"Mostrami il libro scritto da Muhammad Ali."	""	"0.0"	"0.0"	"2.0"	"0.0"	"0.0"	"0.0"
"144"	"Michelle Obama è la moglie di Barack Obama?"	"PREFIX dbo: <http://dbpedia.org/ontology/>
PREFIX res: <http://dbpedia.org/resource/>
ASK 
WHERE {
	res:Barack_Obama dbo:spouse res:Michelle_Obama .
}"	"Michelle Obama è la moglie di Barack Obama?"	""	"0.0"	"0.0"	"1.0"	"0.0"	"0.0"	"0.0"
"145"	"Qual è il prefisso di Berlino?"	"PREFIX dbo: <http://dbpedia.org/ontology/>
PREFIX res: <http://dbpedia.org/resource/>
SELECT DISTINCT ?string 
WHERE {
	res:Berlin dbo:areaCode ?string .
}"	"Qual è il prefisso di Berlino?"	"select  ?o
    {
    <http://dbpedia.org/resource/Berlin> <http://dbpedia.org/ontology/areaCode>  ?o
    }"	"1.0"	"0.0"	"0.0"	"1.0"	"1.0"	"1.0"
"146"	"Dammi tutti gli attori che hanno recitato in Last Action Hero."	"PREFIX dbo: <http://dbpedia.org/ontology/>
PREFIX res: <http://dbpedia.org/resource/>
SELECT DISTINCT ?uri
WHERE {
        res:Last_Action_Hero dbo:starring ?uri . 
}"	"Dammi tutti gli attori che hanno recitato in Last Action Hero."	""	"0.0"	"0.0"	"10.0"	"0.0"	"0.0"	"0.0"
"147"	"Quali sono i soprannomi di San Francisco?"	"SELECT DISTINCT ?string WHERE {  <http://dbpedia.org/resource/San_Francisco> <http://dbpedia.org/property/nickname> ?string . } "	"Quali sono i soprannomi di San Francisco?"	""	"0.0"	"0.0"	"1.0"	"0.0"	"0.0"	"0.0"
"148"	"Qual è stato il primo album dei Queen?"	"SELECT DISTINCT ?uri WHERE { ?uri a <http://dbpedia.org/ontology/Album> . ?uri <http://dbpedia.org/ontology/artist> <http://dbpedia.org/resource/Queen_(band)> . ?uri <http://dbpedia.org/ontology/releaseDate> ?d . } ORDER BY ASC(?d) OFFSET 0 LIMIT 1"	"Qual è stato il primo album dei Queen?"	""	"0.0"	"0.0"	"1.0"	"0.0"	"0.0"	"0.0"
"149"	"Attraverso quali stati scorre il fiume Yenisei?"	"PREFIX res: <http://dbpedia.org/resource/>
PREFIX dbp: <http://dbpedia.org/property/>
SELECT DISTINCT ?uri 
WHERE {
        res:Yenisei_River dbp:country ?uri .
}"	"Attraverso quali stati scorre il fiume Yenisei?"	""	"0.0"	"0.0"	"0.0"	"0.0"	"0.0"	"0.0"
"150"	"Quali serie televisive sono state create dalla Walt Disney?"	"PREFIX dbo: <http://dbpedia.org/ontology/>
PREFIX res: <http://dbpedia.org/resource/>
PREFIX rdf: <http://www.w3.org/1999/02/22-rdf-syntax-ns#>
SELECT DISTINCT ?uri
WHERE {
	?uri rdf:type dbo:TelevisionShow .
        ?uri dbo:creator res:Walt_Disney .
}"	"Quali serie televisive sono state create dalla Walt Disney?"	""	"0.0"	"0.0"	"6.0"	"0.0"	"0.0"	"0.0"
"151"	"Qual è il ponte con la campata più lunga?"	"PREFIX dbo: <http://dbpedia.org/ontology/>
PREFIX res: <http://dbpedia.org/resource/>
PREFIX rdf: <http://www.w3.org/1999/02/22-rdf-syntax-ns#>
SELECT DISTINCT ?uri 
WHERE {
        ?uri rdf:type dbo:Bridge .
        ?uri dbo:mainspan ?s . 
} 
ORDER BY DESC(?s) 
OFFSET 0 LIMIT 1"	"Qual è il ponte con la campata più lunga?"	""	"0.0"	"0.0"	"1.0"	"0.0"	"0.0"	"0.0"
"152"	"Di che nazione è Sitecore?"	"SELECT DISTINCT ?uri WHERE { <http://dbpedia.org/resource/Sitecore> <http://dbpedia.org/ontology/foundationPlace> ?uri . }"	"Di che nazione è Sitecore?"	""	"0.0"	"0.0"	"0.0"	"0.0"	"0.0"	"0.0"
"153"	"Chi ha sposato Lance Bass?"	"SELECT DISTINCT ?uri WHERE { ?uri <http://dbpedia.org/ontology/spouse> <http://dbpedia.org/resource/Lance_Bass> . } "	"Chi ha sposato Lance Bass?"	""	"0.0"	"0.0"	"0.0"	"0.0"	"0.0"	"0.0"
"154"	"Qual è la capitale del Canada?"	"PREFIX dbo:  <http://dbpedia.org/ontology/>
PREFIX res:  <http://dbpedia.org/resource/>
SELECT DISTINCT ?uri 
WHERE {
        res:Canada dbo:capital ?uri .
}"	"Qual è la capitale del Canada?"	""	"0.0"	"0.0"	"1.0"	"0.0"	"0.0"	"0.0"
"155"	"Da chi fu inspirato Vincent van Gogh?"	"SELECT DISTINCT ?uri WHERE { ?uri <http://dbpedia.org/ontology/influenced> <http://dbpedia.org/resource/Vincent_van_Gogh> . }"	"Da chi fu inspirato Vincent van Gogh?"	""	"0.0"	"0.0"	"0.0"	"0.0"	"0.0"	"0.0"
"156"	"In quale città morì John F. Kennedy?"	"PREFIX dbo: <http://dbpedia.org/ontology/>
PREFIX res: <http://dbpedia.org/resource/>
PREFIX rdf: <http://www.w3.org/1999/02/22-rdf-syntax-ns#>
SELECT DISTINCT ?uri
WHERE { 
        res:John_F._Kennedy dbo:deathPlace ?uri .
        ?uri rdf:type dbo:City .
}"	"In quale città morì John F. Kennedy?"	""	"0.0"	"0.0"	"1.0"	"0.0"	"0.0"	"0.0"
"157"	"Il presidente degli Stati Uniti Jackson è stato coinvolto in una guerra?"	"PREFIX dbo: <http://dbpedia.org/ontology/>
PREFIX res: <http://dbpedia.org/resource/>
ASK 
WHERE {
	res:Andrew_Jackson dbo:battle ?battle .    
}"	"Il presidente degli Stati Uniti Jackson è stato coinvolto in una guerra?"	""	"0.0"	"0.0"	"1.0"	"0.0"	"0.0"	"0.0"
"158"	"Chi ha scritto Game of Thrones?"	"SELECT DISTINCT ?uri WHERE { <http://dbpedia.org/resource/Game_of_Thrones> <http://dbpedia.org/ontology/composer> ?uri. }"	"Chi ha scritto Game of Thrones?"	""	"0.0"	"0.0"	"1.0"	"0.0"	"0.0"	"0.0"
"159"	"Chi ha progettato il ponte di Brooklyn?"	"PREFIX res: <http://dbpedia.org/resource/>
PREFIX dbo: <http://dbpedia.org/ontology/>
SELECT DISTINCT ?uri 
WHERE {
        res:Brooklyn_Bridge dbo:architect ?uri .
}"	"Chi ha progettato il ponte di Brooklyn?"	""	"0.0"	"0.0"	"1.0"	"0.0"	"0.0"	"0.0"
"160"	"Boris Becker quando ha concluso la sua carriera?"	"SELECT DISTINCT ?d WHERE { <http://dbpedia.org/resource/Boris_Becker> <http://dbpedia.org/ontology/activeYearsEndDate> ?d . } "	"Boris Becker quando ha concluso la sua carriera?"	""	"0.0"	"0.0"	"1.0"	"0.0"	"0.0"	"0.0"
"161"	"Quali tipi di uva crescono in Oregon?"	"SELECT DISTINCT ?uri WHERE { <http://dbpedia.org/resource/Oregon_wine> <http://dbpedia.org/ontology/growingGrape> ?uri . } "	"Quali tipi di uva crescono in Oregon?"	""	"0.0"	"0.0"	"84.0"	"0.0"	"0.0"	"0.0"
"162"	"Quanto è alto Michael Jordan?"	"PREFIX dbo: <http://dbpedia.org/ontology/>
PREFIX res: <http://dbpedia.org/resource/>
SELECT DISTINCT ?num 
WHERE {
        res:Michael_Jordan dbo:height ?num .
}"	"Quanto è alto Michael Jordan?"	""	"0.0"	"0.0"	"1.0"	"0.0"	"0.0"	"0.0"
"163"	"A quale partito polito appartiene il sindaco di Parigi?"	"SELECT DISTINCT ?uri WHERE { <http://dbpedia.org/resource/Paris> <http://dbpedia.org/ontology/mayor> ?x . ?x <http://dbpedia.org/ontology/party> ?uri . }"	"A quale partito polito appartiene il sindaco di Parigi?"	""	"0.0"	"0.0"	"1.0"	"0.0"	"0.0"	"0.0"
"164"	"Chi ha scritto il libro I pilastri della Terra?"	"PREFIX dbo: <http://dbpedia.org/ontology/>
PREFIX res: <http://dbpedia.org/resource/>
SELECT DISTINCT ?uri 
WHERE {
        res:The_Pillars_of_the_Earth dbo:author ?uri .
}"	"Chi ha scritto il libro I pilastri della Terra?"	""	"0.0"	"0.0"	"1.0"	"0.0"	"0.0"	"0.0"
"165"	"Chi è stato il sedicesimo presidente degli Stati Uniti?"	"PREFIX dbo: <http://dbpedia.org/ontology/>
PREFIX rdf: <http://www.w3.org/1999/02/22-rdf-syntax-ns#>
SELECT DISTINCT ?uri
WHERE {
         ?uri dbo:office 'President of the United States' .
         ?uri dbo:orderInOffice '16th' .
}"	"Chi è stato il sedicesimo presidente degli Stati Uniti?"	""	"0.0"	"0.0"	"0.0"	"0.0"	"0.0"	"0.0"
"166"	"Quanto è alto il Monte Everest?"	"PREFIX dbo: <http://dbpedia.org/ontology/>
PREFIX res: <http://dbpedia.org/resource/>
SELECT DISTINCT ?num 
WHERE {
	res:Mount_Everest dbo:elevation ?num.
}"	"Quanto è alto il Monte Everest?"	""	"0.0"	"0.0"	"0.0"	"0.0"	"0.0"	"0.0"
"167"	"Chi era il supervisore della tesi di dottorato di Albert Einstein?"	"SELECT DISTINCT ?uri WHERE { <http://dbpedia.org/resource/Albert_Einstein> <http://dbpedia.org/ontology/doctoralAdvisor> ?uri . }"	"Chi era il supervisore della tesi di dottorato di Albert Einstein?"	"select  ?o
    {
    <http://dbpedia.org/resource/Albert_Einstein> <http://dbpedia.org/ontology/doctoralAdvisor>  ?o
    }"	"1.0"	"0.0"	"0.0"	"1.0"	"1.0"	"1.0"
"168"	"In quale città vive Sylvester Stallone?"	"SELECT DISTINCT ?uri WHERE { ?uri a <http://dbpedia.org/ontology/City> . <http://dbpedia.org/resource/Sylvester_Stallone> <http://dbpedia.org/ontology/residence> ?uri . }"	"In quale città vive Sylvester Stallone?"	""	"0.0"	"0.0"	"0.0"	"0.0"	"0.0"	"0.0"
"169"	"Qual è la valuta della Repubblica Ceca?"	"PREFIX dbo: <http://dbpedia.org/ontology/>
PREFIX res: <http://dbpedia.org/resource/>
SELECT DISTINCT ?uri
WHERE {
	res:Czech_Republic dbo:currency ?uri .
}"	"Qual è la valuta della Repubblica Ceca?"	""	"0.0"	"0.0"	"1.0"	"0.0"	"0.0"	"0.0"
"170"	"Socrate ha influenzato Aristotele?"	"PREFIX dbo: <http://dbpedia.org/ontology/>
PREFIX res: <http://dbpedia.org/resource/>
ASK 
WHERE {
	res:Aristotle dbo:influencedBy res:Socrates .
}"	"Socrate ha influenzato Aristotele?"	""	"0.0"	"0.0"	"1.0"	"0.0"	"0.0"	"0.0"
"171"	"In quale fuso orario si trova Salt Lake City?"	"PREFIX res: <http://dbpedia.org/resource/>
PREFIX dbp: <http://dbpedia.org/property/>
SELECT DISTINCT ?uri 
WHERE {
	res:Salt_Lake_City dbp:timezone ?uri . 
}"	"In quale fuso orario si trova Salt Lake City?"	""	"0.0"	"0.0"	"1.0"	"0.0"	"0.0"	"0.0"
"172"	"Chi è il figlio di Sonny e Cher"	"SELECT DISTINCT ?uri WHERE { ?uri <http://dbpedia.org/ontology/parent> <http://dbpedia.org/resource/Cher> . ?uri <http://dbpedia.org/ontology/parent> <http://dbpedia.org/resource/Sonny_Bono> . }"	"Chi è il figlio di Sonny e Cher"	""	"0.0"	"0.0"	"1.0"	"0.0"	"0.0"	"0.0"
"173"	"In quale città si trova il quartier generale delle Nazioni Unite?"	"SELECT DISTINCT ?uri WHERE { <http://dbpedia.org/resource/Headquarters_of_the_United_Nations> <http://dbpedia.org/ontology/location> ?uri . ?uri a <http://dbpedia.org/ontology/City> . } "	"In quale città si trova il quartier generale delle Nazioni Unite?"	""	"0.0"	"0.0"	"1.0"	"0.0"	"0.0"	"0.0"
"174"	"Chi è il fondatore di Penguin Books?"	"PREFIX dbo: <http://dbpedia.org/ontology/>
PREFIX res: <http://dbpedia.org/resource/>
PREFIX rdf: <http://www.w3.org/1999/02/22-rdf-syntax-ns#> 
SELECT DISTINCT ?uri
WHERE { 
        res:Penguin_Books dbo:founder ?uri .
}"	"Chi è il fondatore di Penguin Books?"	""	"0.0"	"0.0"	"1.0"	"0.0"	"0.0"	"0.0"
"175"	"Quando è stata fondata Jack Wolfskin?"	"SELECT DISTINCT ?year WHERE {  <http://dbpedia.org/resource/Jack_Wolfskin> <http://dbpedia.org/ontology/foundingYear> ?year . } "	"Quando è stata fondata Jack Wolfskin?"	""	"0.0"	"0.0"	"1.0"	"0.0"	"0.0"	"0.0"
"176"	"Chi è il sindaco di Rotterdam?"	"PREFIX dbo: <http://dbpedia.org/ontology/>
PREFIX res: <http://dbpedia.org/resource/>
SELECT DISTINCT ?uri
WHERE {
        res:Rotterdam dbo:leaderName ?uri .
}"	"Chi è il sindaco di Rotterdam?"	"select  ?o
    {
    <http://dbpedia.org/resource/Rotterdam> <http://dbpedia.org/ontology/mayor>  ?o
    }"	"0.0"	"0.0"	"0.0"	"0.0"	"0.0"	"0.0"
"177"	"Dammi tutti gli oceanografi svedesi."	"PREFIX dbo: <http://dbpedia.org/ontology/>
PREFIX res: <http://dbpedia.org/resource/>
SELECT DISTINCT ?uri
WHERE {
        ?uri dbo:field res:Oceanography . 
        ?uri dbo:birthPlace res:Sweden .        
}"	"Dammi tutti gli oceanografi svedesi."	""	"0.0"	"0.0"	"0.0"	"0.0"	"0.0"	"0.0"
"178"	"Mostrami l'autobiografia di Hemingway."	"SELECT DISTINCT ?uri WHERE { ?uri <http://dbpedia.org/ontology/author> <http://dbpedia.org/resource/Ernest_Hemingway> . ?uri <http://dbpedia.org/ontology/literaryGenre> <http://dbpedia.org/resource/Autobiography> . }"	"Mostrami l'autobiografia di Hemingway."	""	"0.0"	"0.0"	"1.0"	"0.0"	"0.0"	"0.0"
"179"	"Chi sono i genitori della moglie di Juan Carlos I?"	"PREFIX dbo: <http://dbpedia.org/ontology/> 
PREFIX res: <http://dbpedia.org/resource/> 
SELECT DISTINCT ?uri 
WHERE { 
        res:Juan_Carlos_I_of_Spain dbo:spouse ?x . 
        ?x dbo:parent ?uri . 
}"	"Chi sono i genitori della moglie di Juan Carlos I?"	""	"0.0"	"0.0"	"0.0"	"0.0"	"0.0"	"0.0"
"180"	"Tesla ha vinto un premio Nobel per la fisica?"	"PREFIX dbo: <http://dbpedia.org/ontology/>
PREFIX res: <http://dbpedia.org/resource/>
ASK 
WHERE {
        res:Nikola_Tesla dbo:award res:Nobel_Prize_in_Physics .
}"	"Tesla ha vinto un premio Nobel per la fisica?"	""	"0.0"	"0.0"	"1.0"	"0.0"	"0.0"	"0.0"
"181"	"Chi è il giocatore di pallacanestro più alto?"	"SELECT DISTINCT ?uri WHERE {  ?uri <http://www.w3.org/1999/02/22-rdf-syntax-ns#type> <http://dbpedia.org/ontology/BasketballPlayer> .  ?uri <http://dbpedia.org/ontology/height> ?num . } ORDER BY DESC(?num) OFFSET 0 LIMIT 1 "	"Chi è il giocatore di pallacanestro più alto?"	""	"0.0"	"0.0"	"1.0"	"0.0"	"0.0"	"0.0"
"182"	"Quale città ha il minor numero di abitanti?"	"SELECT DISTINCT ?uri WHERE {  ?uri <http://www.w3.org/1999/02/22-rdf-syntax-ns#type> <http://dbpedia.org/ontology/City> .  ?uri <http://dbpedia.org/ontology/populationTotal> ?pop . } ORDER BY ASC(?pop) OFFSET 0 LIMIT 1 "	"Quale città ha il minor numero di abitanti?"	""	"0.0"	"0.0"	"1.0"	"0.0"	"0.0"	"0.0"
"183"	"a proinsulina è una proteina?"	"PREFIX dbo: <http://dbpedia.org/ontology/>
PREFIX res: <http://dbpedia.org/resource/>
PREFIX rdf: <http://www.w3.org/1999/02/22-rdf-syntax-ns#>
ASK 
WHERE {
	res:Proinsulin rdf:type dbo:Protein .
}"	"a proinsulina è una proteina?"	""	"0.0"	"0.0"	"1.0"	"0.0"	"0.0"	"0.0"
"184"	"Chi sono i genitori della regina Vittoria?"	"PREFIX dbo: <http://dbpedia.org/ontology/>
PREFIX res: <http://dbpedia.org/resource/>
SELECT DISTINCT ?uri
WHERE {
         res:Queen_Victoria dbo:parent ?uri .
}"	"Chi sono i genitori della regina Vittoria?"	""	"0.0"	"0.0"	"2.0"	"0.0"	"0.0"	"0.0"
"185"	"Che Guevara aveva dei figli?"	"PREFIX dbo: <http://dbpedia.org/ontology/>
PREFIX res: <http://dbpedia.org/resource/>
ASK
WHERE { 
        res:Che_Guevara dbo:child ?uri . 
}"	"Che Guevara aveva dei figli?"	""	"0.0"	"0.0"	"1.0"	"0.0"	"0.0"	"0.0"
"186"	"Il lago Baikal è più grande le lago Great Bear?"	"PREFIX res: <http://dbpedia.org/resource/>
PREFIX dbo: <http://dbpedia.org/ontology/> 
ASK
WHERE {  
        res:Lake_Baikal dbo:areaTotal ?a1 . 
        res:Great_Bear_Lake dbo:areaTotal ?a2 .
        FILTER (?a1 > ?a2)
}"	"Il lago Baikal è più grande le lago Great Bear?"	""	"0.0"	"0.0"	"1.0"	"0.0"	"0.0"	"0.0"
"187"	"Kaurismäki ha mai vinto il Grand Prix a Cannes?"	"ASK WHERE { <http://dbpedia.org/resource/Aki_Kaurismäki> <http://dbpedia.org/ontology/award> <http://dbpedia.org/resource/Grand_Prix_(Cannes_Film_Festival)> . }"	"Kaurismäki ha mai vinto il Grand Prix a Cannes?"	""	"0.0"	"0.0"	"1.0"	"0.0"	"0.0"	"0.0"
"188"	"Dammi tutti i libri di Wiliam Goldman con più di 300 pagine."	"PREFIX dbo: <http://dbpedia.org/ontology/>
PREFIX res: <http://dbpedia.org/resource/>
PREFIX rdf: <http://www.w3.org/1999/02/22-rdf-syntax-ns#>
SELECT DISTINCT ?uri 
WHERE {
        ?uri rdf:type dbo:Book .
        ?uri dbo:author res:William_Goldman .
        ?uri dbo:numberOfPages ?x .
        FILTER (?x > 300)
}"	"Dammi tutti i libri di Wiliam Goldman con più di 300 pagine."	""	"0.0"	"0.0"	"10.0"	"0.0"	"0.0"	"0.0"
"189"	"Dove si trova Fort Knox?"	"SELECT DISTINCT ?uri WHERE {  <http://dbpedia.org/resource/Fort_Knox> <http://dbpedia.org/property/location> ?uri . }"	"Dove si trova Fort Knox?"	""	"0.0"	"0.0"	"1.0"	"0.0"	"0.0"	"0.0"
"190"	"In quale stato americano si trova Fort Knox?"	"PREFIX dbo: <http://dbpedia.org/ontology/>
PREFIX dbp: <http://dbpedia.org/property/>
PREFIX res: <http://dbpedia.org/resource/>
SELECT DISTINCT ?uri
WHERE {
	res:Fort_Knox dbp:location ?uri .
        ?uri dbo:country res:United_States .
}"	"In quale stato americano si trova Fort Knox?"	""	"0.0"	"0.0"	"1.0"	"0.0"	"0.0"	"0.0"
"191"	"Dove è sepolto Syngman Rhee?"	"SELECT DISTINCT ?uri WHERE { <http://dbpedia.org/resource/Syngman_Rhee> <http://dbpedia.org/ontology/restingPlace> ?uri . } "	"Dove è sepolto Syngman Rhee?"	""	"0.0"	"0.0"	"3.0"	"0.0"	"0.0"	"0.0"
"192"	"Qual è il fuso orario di San Pedro de Atacama?"	"SELECT DISTINCT ?uri WHERE {  <http://dbpedia.org/resource/San_Pedro_de_Atacama> <http://dbpedia.org/ontology/timeZone> ?uri . } "	"Qual è il fuso orario di San Pedro de Atacama?"	""	"0.0"	"0.0"	"1.0"	"0.0"	"0.0"	"0.0"
"193"	"A quale movimento artistico apparteneva il pittore de I tre ballerini?"	"SELECT DISTINCT ?uri WHERE {  <http://dbpedia.org/resource/The_Three_Dancers> <http://dbpedia.org/ontology/author> ?person .  ?person <http://dbpedia.org/ontology/movement> ?uri . } "	"A quale movimento artistico apparteneva il pittore de I tre ballerini?"	""	"0.0"	"0.0"	"2.0"	"0.0"	"0.0"	"0.0"
"194"	"Quale scienziato è conosciuto per il progetto Manhattan e per il premio Nobel per la pace?"	"PREFIX res: <http://dbpedia.org/resource/>
PREFIX dbo: <http://dbpedia.org/ontology/> 
PREFIX rdf: <http://www.w3.org/1999/02/22-rdf-syntax-ns#>
SELECT DISTINCT ?uri
WHERE {
        ?uri dbo:knownFor res:Manhattan_Project .
        ?uri rdf:type dbo:Scientist .
        ?uri dbo:knownFor res:Nobel_Peace_Prize .
}"	"Quale scienziato è conosciuto per il progetto Manhattan e per il premio Nobel per la pace?"	""	"0.0"	"0.0"	"0.0"	"0.0"	"0.0"	"0.0"
"195"	"Mostrami tutti i libri del Ciclo della Fondazione di Asimov"	"SELECT DISTINCT ?uri WHERE { ?uri <http://dbpedia.org/ontology/series> <http://dbpedia.org/resource/Foundation_series> . } "	"Mostrami tutti i libri del Ciclo della Fondazione di Asimov"	""	"0.0"	"0.0"	"12.0"	"0.0"	"0.0"	"0.0"
"196"	"Dammi tutte le città del New Jersey con più di 100000 abitanti."	"PREFIX dbo: <http://dbpedia.org/ontology/>
PREFIX dbp: <http://dbpedia.org/property/>
PREFIX res: <http://dbpedia.org/resource/>
PREFIX rdf: <http://www.w3.org/1999/02/22-rdf-syntax-ns#>
SELECT DISTINCT ?uri 
WHERE {
	?uri rdf:type dbo:City .
        ?uri dbo:isPartOf res:New_Jersey .
        ?uri dbp:populationTotal ?inhabitants .
        FILTER (?inhabitants > 100000) .
}"	"Dammi tutte le città del New Jersey con più di 100000 abitanti."	""	"0.0"	"0.0"	"0.0"	"0.0"	"0.0"	"0.0"
"197"	"Quale museo di New York ha il maggior numero di visitatori?"	"SELECT DISTINCT ?uri WHERE {  ?uri <http://www.w3.org/1999/02/22-rdf-syntax-ns#type> <http://dbpedia.org/ontology/Museum> .  ?uri <http://dbpedia.org/ontology/location> <http://dbpedia.org/resource/New_York_City> .  ?uri <http://dbpedia.org/ontology/numberOfVisitors> ?num . } ORDER BY DESC(?num) OFFSET 0 LIMIT 1 "	"Quale museo di New York ha il maggior numero di visitatori?"	""	"0.0"	"0.0"	"1.0"	"0.0"	"0.0"	"0.0"
"198"	"Quanto è alta la torre Yokohama Marine?"	"PREFIX dbo: <http://dbpedia.org/ontology/>
PREFIX res: <http://dbpedia.org/resource/>
SELECT DISTINCT ?num
WHERE {
        res:Yokohama_Marine_Tower dbo:height ?num .
}"	"Quanto è alta la torre Yokohama Marine?"	""	"0.0"	"0.0"	"1.0"	"0.0"	"0.0"	"0.0"
"199"	"La nuova serie di Battlestar Galactica ha più episodi di quella precedente?"	"PREFIX dbo: <http://dbpedia.org/ontology/>
PREFIX res: <http://dbpedia.org/resource/>
ASK 
WHERE {
	<http://dbpedia.org/resource/Battlestar_Galactica_%281978_TV_series%29> dbo:numberOfEpisodes ?x .
	<http://dbpedia.org/resource/Battlestar_Galactica_%282004_TV_series%29> dbo:numberOfEpisodes ?y .
	FILTER (?y > ?x)
}"	"La nuova serie di Battlestar Galactica ha più episodi di quella precedente?"	""	"0.0"	"0.0"	"1.0"	"0.0"	"0.0"	"0.0"
"200"	"Chi è il giocatore di freccette più giovane?"	"PREFIX dbo: <http://dbpedia.org/ontology/>
PREFIX rdf: <http://www.w3.org/1999/02/22-rdf-syntax-ns#>
SELECT DISTINCT ?uri
WHERE {
        ?uri rdf:type dbo:DartsPlayer .
        ?uri dbo:birthDate ?date .
}
ORDER BY DESC(?date)
OFFSET 0 LIMIT 1"	"Chi è il giocatore di freccette più giovane?"	""	"0.0"	"0.0"	"1.0"	"0.0"	"0.0"	"0.0"
"201"	"Chi ha creato il videogioco World of Warcraft?"	"PREFIX dbo: <http://dbpedia.org/ontology/>
PREFIX res: <http://dbpedia.org/resource/>
SELECT DISTINCT ?uri 
WHERE {
	res:World_of_Warcraft dbo:developer ?uri . 
}"	"Chi ha creato il videogioco World of Warcraft?"	""	"0.0"	"0.0"	"1.0"	"0.0"	"0.0"	"0.0"
"202"	"Quale papa ha fondato la televisione vaticana?"	"PREFIX dbo: <http://dbpedia.org/ontology/> 
PREFIX res: <http://dbpedia.org/resource/> 
PREFIX rdf: <http://www.w3.org/1999/02/22-rdf-syntax-ns#> 
SELECT ?uri 
WHERE { 
         ?uri rdf:type dbo:Pope . 
         res:Vatican_Television_Center dbo:foundedBy ?uri .
}"	"Quale papa ha fondato la televisione vaticana?"	""	"0.0"	"0.0"	"0.0"	"0.0"	"0.0"	"0.0"
"203"	"Chi ha composto la musica per Harold e Maude?"	"PREFIX res: <http://dbpedia.org/resource/>
PREFIX dbo: <http://dbpedia.org/ontology/>
SELECT DISTINCT ?uri 
WHERE {
	res:Harold_and_Maude dbo:musicComposer ?uri .
}"	"Chi ha composto la musica per Harold e Maude?"	""	"0.0"	"0.0"	"1.0"	"0.0"	"0.0"	"0.0"
"204"	"Dammi tutti i membri dei Prodigy."	"SELECT DISTINCT ?uri WHERE {  <http://dbpedia.org/resource/The_Prodigy> <http://dbpedia.org/ontology/bandMember> ?uri . } "	"Dammi tutti i membri dei Prodigy."	""	"0.0"	"0.0"	"2.0"	"0.0"	"0.0"	"0.0"
"205"	"Chi recita nei film spagnoli prodotti da Benicio del Toro?"	"SELECT DISTINCT ?uri WHERE { ?film <http://www.w3.org/1999/02/22-rdf-syntax-ns#type> <http://dbpedia.org/ontology/Film> . ?film <http://dbpedia.org/ontology/country> <http://dbpedia.org/resource/Spain> . ?film <http://dbpedia.org/ontology/producer> <http://dbpedia.org/resource/Benicio_del_Toro> . ?film <http://dbpedia.org/ontology/starring> ?uri . ?uri <http://www.w3.org/1999/02/22-rdf-syntax-ns#type> <http://dbpedia.org/ontology/Person> . } "	"Chi recita nei film spagnoli prodotti da Benicio del Toro?"	""	"0.0"	"0.0"	"1.0"	"0.0"	"0.0"	"0.0"
"206"	"Quale società sussidiaria di TUI Travel serve sia Dortmund che Dublino?"	"SELECT DISTINCT ?uri WHERE { <http://dbpedia.org/resource/TUI_Travel> <http://dbpedia.org/ontology/subsidiary> ?uri .  ?uri <http://dbpedia.org/ontology/targetAirport> <http://dbpedia.org/resource/Glasgow_Airport> . ?uri <http://dbpedia.org/ontology/targetAirport> <http://dbpedia.org/resource/Dublin_Airport> . } "	"Quale società sussidiaria di TUI Travel serve sia Dortmund che Dublino?"	""	"0.0"	"0.0"	"1.0"	"0.0"	"0.0"	"0.0"
"207"	"In quale stato si trova La Mecca?"	"PREFIX res: <http://dbpedia.org/resource/>
PREFIX dbo: <http://dbpedia.org/ontology/> 
SELECT DISTINCT ?uri 
WHERE {  
        res:Mecca dbo:country ?uri .
}"	"In quale stato si trova La Mecca?"	""	"0.0"	"0.0"	"1.0"	"0.0"	"0.0"	"0.0"
"208"	"Quante lingue sono parlate in Colombia?"	"SELECT (COUNT(DISTINCT ?uri) as ?c) WHERE {  ?uri <http://www.w3.org/1999/02/22-rdf-syntax-ns#type> <http://dbpedia.org/ontology/Language> .  <http://dbpedia.org/resource/Colombia> <http://dbpedia.org/ontology/language> ?uri . } "	"Quante lingue sono parlate in Colombia?"	""	"0.0"	"0.0"	"1.0"	"0.0"	"0.0"	"0.0"
"209"	"Qual è lo stadio più grande in Spagna?"	"SELECT DISTINCT ?uri WHERE { ?uri a <http://dbpedia.org/ontology/Stadium> . ?uri <http://dbpedia.org/ontology/location> <http://dbpedia.org/resource/Spain> . ?uri <http://dbpedia.org/ontology/seatingCapacity> ?n . } ORDER BY DESC(?n) OFFSET 0 LIMIT 1"	"Qual è lo stadio più grande in Spagna?"	""	"0.0"	"0.0"	"1.0"	"0.0"	"0.0"	"0.0"
"210"	"Quali surfisti professionisti sono nati nelle Filippine?"	"PREFIX dbo: <http://dbpedia.org/ontology/>
PREFIX res: <http://dbpedia.org/resource/>
SELECT DISTINCT ?uri
WHERE {
	?uri dbo:occupation res:Surfing .
	?uri dbo:birthPlace res:Philippines .
}"	"Quali surfisti professionisti sono nati nelle Filippine?"	""	"0.0"	"0.0"	"0.0"	"0.0"	"0.0"	"0.0"
"211"	"Quali sono i cinque quartieri di New York?"	"SELECT DISTINCT ?uri WHERE { ?uri <http://dbpedia.org/ontology/governmentType> <http://dbpedia.org/resource/Borough_(New_York_City)> . }"	"Quali sono i cinque quartieri di New York?"	""	"0.0"	"0.0"	"0.0"	"0.0"	"0.0"	"0.0"
"212"	"La Cola è una bevanda?"	"PREFIX dbo: <http://dbpedia.org/ontology/>
PREFIX res: <http://dbpedia.org/resource/>
PREFIX rdf: <http://www.w3.org/1999/02/22-rdf-syntax-ns#>
ASK 
WHERE {
        res:Cola rdf:type dbo:Beverage .
}"	"La Cola è una bevanda?"	""	"0.0"	"0.0"	"1.0"	"0.0"	"0.0"	"0.0"
"213"	"Quando è morta la principessa Diana?"	"SELECT DISTINCT ?d WHERE { <http://dbpedia.org/resource/Diana,_Princess_of_Wales> <http://dbpedia.org/ontology/deathDate> ?d . }"	"Quando è morta la principessa Diana?"	""	"0.0"	"0.0"	"0.0"	"0.0"	"0.0"	"0.0"
"214"	"Dove si produce vino frizzante in Francia?"	"PREFIX res: <http://dbpedia.org/resource/>
PREFIX dbo: <http://dbpedia.org/ontology/> 
SELECT DISTINCT ?uri
WHERE {
        ?uri dbo:wineProduced res:Sparkling_wine .
        ?uri dbo:location res:France .
}"	"Dove si produce vino frizzante in Francia?"	""	"0.0"	"0.0"	"1.0"	"0.0"	"0.0"	"0.0"
""	""	""	""	""	"4.0"	"1.0"	"504.0"	"0.8"	"0.007874016"	"0.015594542"
