"QALD id"	"match status"	"QALD question"	"QueGG question"	"QALD SPARQL query"	"QueGG SPARQL query"	"TP"	"FP"	"FN"	"Precision"	"Recall"	"F-Measure"
"0"	"false"	"Wann fand die Schlacht von Gettysburg statt?"		"PREFIX dbo: <http://dbpedia.org/ontology/>
PREFIX res: <http://dbpedia.org/resource/>
SELECT DISTINCT ?date 
WHERE { 
       res:Battle_of_Gettysburg dbo:date ?date .
}"		"0.0"	"0.0"	"0.0"	"0.0"	"0.0"	"0.0"
"1"	"false"	"Liste alle Musicals mit Musik von Elton John auf."		"PREFIX dbo: <http://dbpedia.org/ontology/>
PREFIX res: <http://dbpedia.org/resource/>
PREFIX rdf: <http://www.w3.org/1999/02/22-rdf-syntax-ns#> 
SELECT DISTINCT ?uri
WHERE { 
        ?uri rdf:type dbo:Musical .
        ?uri dbo:musicBy res:Elton_John .
}"		"0.0"	"0.0"	"4.0"	"0.0"	"0.0"	"0.0"
"2"	"false"	"Wie hoch ist der Leuchtturm in Colombo?"		"SELECT DISTINCT ?num WHERE {  <http://dbpedia.org/resource/Colombo_Lighthouse> <http://dbpedia.org/ontology/height> ?num . } "		"0.0"	"0.0"	"1.0"	"0.0"	"0.0"	"0.0"
"3"	"false"	"Wer war die Frau von US-Präsident Lincoln?"		"PREFIX dbo: <http://dbpedia.org/ontology/>
PREFIX res: <http://dbpedia.org/resource/>
SELECT DISTINCT ?uri 
WHERE {
	res:Abraham_Lincoln dbo:spouse ?uri.
}"		"0.0"	"0.0"	"1.0"	"0.0"	"0.0"	"0.0"
"4"	"false"	"Wer moderiert die BBC Wildlife Specials?"		"SELECT DISTINCT ?uri WHERE { <http://dbpedia.org/resource/BBC_Wildlife_Specials> <http://dbpedia.org/ontology/presenter> ?uri . }"		"0.0"	"0.0"	"1.0"	"0.0"	"0.0"	"0.0"
"5"	"false"	"Wieviel hat Pulp Fiction gekostet?"		"SELECT DISTINCT ?n WHERE {  <http://dbpedia.org/resource/Pulp_Fiction> <http://dbpedia.org/ontology/budget> ?n . } "		"0.0"	"0.0"	"1.0"	"0.0"	"0.0"	"0.0"
"6"	"false"	"In welcher Stadt ist die Heinekenbrauerei?"		"SELECT DISTINCT ?uri WHERE { <http://dbpedia.org/resource/Heineken> <http://dbpedia.org/ontology/manufacturer> ?x . ?x <http://dbpedia.org/ontology/locationCity> ?uri . }"		"0.0"	"0.0"	"0.0"	"0.0"	"0.0"	"0.0"
"7"	"false"	"Wann wurde die Operation Overlord durchgeführt?"		"SELECT DISTINCT ?d WHERE { <http://dbpedia.org/resource/Operation_Overlord> <http://dbpedia.org/ontology/date> ?d . } "		"0.0"	"0.0"	"1.0"	"0.0"	"0.0"	"0.0"
"8"	"false"	"In welcher Stadt hört die Ruta 68 auf?"		"SELECT DISTINCT ?uri WHERE {  <http://dbpedia.org/resource/Chile_Route_68> <http://dbpedia.org/ontology/routeEnd> ?uri . } "		"0.0"	"0.0"	"1.0"	"0.0"	"0.0"	"0.0"
"9"	"false"	"Wer hat Slack entwickelt?"		"SELECT DISTINCT ?uri WHERE { ?uri <http://dbpedia.org/ontology/product> <http://dbpedia.org/resource/Slack_(software)> . }"		"0.0"	"0.0"	"1.0"	"0.0"	"0.0"	"0.0"
"10"	"false"	"Wer war mit Präsident Chirac verheiratet?"		"PREFIX dbo: <http://dbpedia.org/ontology/> 
PREFIX res: <http://dbpedia.org/resource/> 
SELECT DISTINCT ?uri
WHERE { 
         res:Jacques_Chirac dbo:spouse ?uri .
}"		"0.0"	"0.0"	"1.0"	"0.0"	"0.0"	"0.0"
"11"	"false"	"Woran ist Bruce Carver gestorben?"		"PREFIX res: <http://dbpedia.org/resource/>
PREFIX dbo: <http://dbpedia.org/ontology/>
SELECT DISTINCT ?uri
WHERE {
        res:Bruce_Carver dbo:deathCause ?uri .     
}"		"0.0"	"0.0"	"0.0"	"0.0"	"0.0"	"0.0"
"12"	"false"	"Wer malte Christus im Sturm auf dem See von Galilea?"		"PREFIX dbp: <http://dbpedia.org/property/>
PREFIX res: <http://dbpedia.org/resource/>
SELECT DISTINCT ?uri 
WHERE {
	res:The_Storm_on_the_Sea_of_Galilee dbp:artist ?uri .
}"		"0.0"	"0.0"	"1.0"	"0.0"	"0.0"	"0.0"
"13"	"false"	"Durch welche Städte fließt die Weser?"		"SELECT DISTINCT ?uri WHERE {  <http://dbpedia.org/resource/Weser> <http://dbpedia.org/ontology/city> ?uri . } "		"0.0"	"0.0"	"0.0"	"0.0"	"0.0"	"0.0"
"14"	"false"	"Wieviele Plätze hat das Heimstadium des FC Porto?"		"SELECT DISTINCT ?n WHERE { <http://dbpedia.org/resource/FC_Porto> <http://dbpedia.org/ontology/ground> ?x . ?x <http://dbpedia.org/ontology/seatingCapacity> ?n . } "		"0.0"	"0.0"	"1.0"	"0.0"	"0.0"	"0.0"
"15"	"false"	"Mit wem ist die Tochter von Robert Kennedy verheiratet?"		"SELECT DISTINCT ?uri WHERE {  <http://dbpedia.org/resource/Robert_F._Kennedy> <http://dbpedia.org/ontology/child> ?child .  ?child <http://dbpedia.org/ontology/spouse> ?uri . } "		"0.0"	"0.0"	"4.0"	"0.0"	"0.0"	"0.0"
"16"	"false"	"Welche Bücher von Kerouac wurden von Viking Press verlegt?"		"SELECT DISTINCT ?uri WHERE {  ?uri <http://www.w3.org/1999/02/22-rdf-syntax-ns#type> <http://dbpedia.org/ontology/Book> .  ?uri <http://dbpedia.org/ontology/publisher> <http://dbpedia.org/resource/Viking_Press> .  ?uri <http://dbpedia.org/ontology/author> <http://dbpedia.org/resource/Jack_Kerouac> . } "		"0.0"	"0.0"	"3.0"	"0.0"	"0.0"	"0.0"
"17"	"false"	"Wie groß ist Amazon Eve?"		"SELECT DISTINCT ?height WHERE {  <http://dbpedia.org/resource/Amazon_Eve> <http://dbpedia.org/ontology/height> ?height . } "		"0.0"	"0.0"	"0.0"	"0.0"	"0.0"	"0.0"
"18"	"false"	"In welchem Museum ist Der Schrei von Munch ausgestellt?"		"PREFIX dbo: <http://dbpedia.org/ontology/>
PREFIX res: <http://dbpedia.org/resource/>
SELECT DISTINCT ?uri
WHERE {
       res:The_Scream dbo:museum ?uri .
}"		"0.0"	"0.0"	"2.0"	"0.0"	"0.0"	"0.0"
"19"	"false"	"Wer schrieb das Buch Die Säulen der Erde?"		"PREFIX dbo: <http://dbpedia.org/ontology/>
PREFIX res: <http://dbpedia.org/resource/>
SELECT DISTINCT ?uri 
WHERE {
	res:The_Pillars_of_the_Earth dbo:author ?uri .
}"		"0.0"	"0.0"	"1.0"	"0.0"	"0.0"	"0.0"
"20"	"false"	"Ist James Bond verheiratet?"		"PREFIX dbo: <http://dbpedia.org/ontology/>
PREFIX res: <http://dbpedia.org/resource/>
ASK 
WHERE {
        res:James_Bond dbo:spouse ?uri . 
}"		"0.0"	"0.0"	"1.0"	"0.0"	"0.0"	"0.0"
"21"	"false"	"Wer entdeckte Ceres?"		"SELECT DISTINCT ?uri WHERE { <http://dbpedia.org/resource/Ceres_(dwarf_planet)> <http://dbpedia.org/ontology/discoverer> ?uri . }"		"0.0"	"0.0"	"1.0"	"0.0"	"0.0"	"0.0"
"22"	"false"	"Welchen Fluss überspannt die Brooklyn Bridge?"		"PREFIX dbo: <http://dbpedia.org/ontology/>
PREFIX res: <http://dbpedia.org/resource/>
SELECT DISTINCT ?uri
WHERE {       
        res:Brooklyn_Bridge dbo:crosses ?uri . 
}"		"0.0"	"0.0"	"1.0"	"0.0"	"0.0"	"0.0"
"23"	"false"	"Wer wurde Frank The Tank genannt?"		"PREFIX dbp: <http://dbpedia.org/property/> 
SELECT DISTINCT ?uri 
WHERE { 
        ?uri dbp:nickname 'Frank The Tank'@en . 
}"		"0.0"	"0.0"	"0.0"	"0.0"	"0.0"	"0.0"
"24"	"false"	"Was ist das größte Land der Welt?"		"SELECT DISTINCT ?uri WHERE { ?uri a <http://dbpedia.org/ontology/Country> . ?uri <http://dbpedia.org/ontology/areaTotal> ?n . } ORDER BY DESC(?n) OFFSET 0 LIMIT 1"		"0.0"	"0.0"	"1.0"	"0.0"	"0.0"	"0.0"
"25"	"false"	"Wer ist Bürgermeister von Paris?"		"SELECT DISTINCT ?uri WHERE { <http://dbpedia.org/resource/Paris> <http://dbpedia.org/ontology/mayor> ?uri . }"		"0.0"	"0.0"	"1.0"	"0.0"	"0.0"	"0.0"
"26"	"false"	"Wer ist der Trainer von Ankaras Eishockeymannschaft?"		"SELECT DISTINCT ?uri WHERE { ?x <http://dbpedia.org/ontology/city> <http://dbpedia.org/resource/Ankara> . ?x <http://dbpedia.org/ontology/league> <http://dbpedia.org/resource/Turkish_Ice_Hockey_First_League> . ?x <http://dbpedia.org/ontology/coach> ?uri . }"		"0.0"	"0.0"	"1.0"	"0.0"	"0.0"	"0.0"
"27"	"false"	"Wer ist der Bürgermeister der Hauptstadt von Französisch-Polynesien?"		"PREFIX dbo: <http://dbpedia.org/ontology/>
PREFIX res: <http://dbpedia.org/resource/>
SELECT DISTINCT ?uri 
WHERE { 
        res:French_Polynesia dbo:capital ?x .
        ?x dbo:mayor ?uri .
}"		"0.0"	"0.0"	"0.0"	"0.0"	"0.0"	"0.0"
"28"	"false"	"Welche Preise hat Douglas Hofstadter gewonnen?"		"PREFIX res: <http://dbpedia.org/resource/>
PREFIX dbo: <http://dbpedia.org/ontology/>
SELECT DISTINCT ?uri
WHERE {
        res:Douglas_Hofstadter dbo:award ?uri .
}"		"0.0"	"0.0"	"4.0"	"0.0"	"0.0"	"0.0"
"29"	"false"	"Wieviel hat der Legofilm gekostet?"		"SELECT DISTINCT ?n WHERE { <http://dbpedia.org/resource/The_Lego_Movie> <http://dbpedia.org/ontology/budget> ?n . } "		"0.0"	"0.0"	"1.0"	"0.0"	"0.0"	"0.0"
"30"	"false"	"Wo fängt Piccadilly an?"		"SELECT DISTINCT ?uri WHERE { ?uri <http://dbpedia.org/ontology/routeStart> <http://dbpedia.org/resource/Piccadilly>. } "		"0.0"	"0.0"	"1.0"	"0.0"	"0.0"	"0.0"
"31"	"false"	"Haben Prinz Harry und Prinz William dieselben Eltern?"		"PREFIX dbo: <http://dbpedia.org/ontology/> 
ASK
WHERE { 
        <http://dbpedia.org/resource/Prince_William,_Duke_of_Cambridge> dbo:parent ?x . 
        <http://dbpedia.org/resource/Prince_Harry> dbo:parent ?x .
}"		"0.0"	"0.0"	"1.0"	"0.0"	"0.0"	"0.0"
"32"	"false"	"Wer hat Agent Smith in Matrix gespielt?"		"PREFIX dbp: <http://dbpedia.org/property/>
PREFIX res: <http://dbpedia.org/resource/>
SELECT DISTINCT ?uri
WHERE { 
        res:Agent_Smith dbp:portrayer ?uri . 
}"		"0.0"	"0.0"	"3.0"	"0.0"	"0.0"	"0.0"
"33"	"false"	"Wieviele Sprachen werden in Turkmenistan gesprochen?"		"SELECT (COUNT(DISTINCT ?x) as ?c) WHERE {  <http://dbpedia.org/resource/Turkmenistan> <http://dbpedia.org/ontology/language> ?x . } "		"0.0"	"0.0"	"1.0"	"0.0"	"0.0"	"0.0"
"34"	"false"	"In welchen Filmen spielen sowohl Julia Roberts als auch Richard Gere mit?"		"SELECT DISTINCT ?uri WHERE {  ?uri <http://www.w3.org/1999/02/22-rdf-syntax-ns#type> <http://dbpedia.org/ontology/Film> .  ?uri <http://dbpedia.org/ontology/starring> <http://dbpedia.org/resource/Julia_Roberts> .  ?uri <http://dbpedia.org/ontology/starring> <http://dbpedia.org/resource/Richard_Gere> . } "		"0.0"	"0.0"	"2.0"	"0.0"	"0.0"	"0.0"
"35"	"false"	"In welchem Land entspringt der Ganges?"		"PREFIX dbo: <http://dbpedia.org/ontology/> 
PREFIX res: <http://dbpedia.org/resource/> 
SELECT DISTINCT ?uri 
WHERE { 
        res:Ganges dbo:sourceCountry ?uri .
}"		"0.0"	"0.0"	"0.0"	"0.0"	"0.0"	"0.0"
"36"	"false"	"In welchem Jahr wurde Rachel Stevens geboren?"		"SELECT DISTINCT ?uri WHERE {  <http://dbpedia.org/resource/Rachel_Stevens> <http://dbpedia.org/ontology/birthYear> ?uri . } "		"0.0"	"0.0"	"0.0"	"0.0"	"0.0"	"0.0"
"37"	"false"	"Ist Barack Obama ein Demokrat?"		"PREFIX dbo: <http://dbpedia.org/ontology/>
PREFIX res: <http://dbpedia.org/resource/>
ASK
WHERE { 
        res:Barack_Obama dbo:party <http://dbpedia.org/resource/Democratic_Party_(United_States)> . 
}"		"0.0"	"0.0"	"1.0"	"0.0"	"0.0"	"0.0"
"38"	"false"	"Wo wurde Bach geboren?"		"PREFIX dbo: <http://dbpedia.org/ontology/>
PREFIX res: <http://dbpedia.org/resource/>
SELECT DISTINCT ?uri 
WHERE {
        res:Johann_Sebastian_Bach dbo:birthPlace ?uri .
}"		"0.0"	"0.0"	"1.0"	"0.0"	"0.0"	"0.0"
"39"	"false"	"Wie oft hat Jane Fonda geheiratet?"		"SELECT (COUNT(DISTINCT ?uri) as ?c) WHERE {  <http://dbpedia.org/resource/Jane_Fonda> <http://dbpedia.org/ontology/spouse> ?uri . } "		"0.0"	"0.0"	"1.0"	"0.0"	"0.0"	"0.0"
"40"	"false"	"Wer hat als erstes den Mount Everest bestiegen?"		"PREFIX res: <http://dbpedia.org/resource/>
PREFIX dbo: <http://dbpedia.org/ontology/>
SELECT DISTINCT ?uri
WHERE {
          res:Mount_Everest dbo:firstAscentPerson ?uri . 
}"		"0.0"	"0.0"	"2.0"	"0.0"	"0.0"	"0.0"
"41"	"false"	"Wieviele Menschen leben in Polen?"		"SELECT DISTINCT ?uri WHERE { <http://dbpedia.org/resource/Poland> <http://dbpedia.org/ontology/populationTotal> ?uri . }  "		"0.0"	"0.0"	"1.0"	"0.0"	"0.0"	"0.0"
"42"	"false"	"Wo ist der Westminster-Palast?"		"SELECT ?uri WHERE {  <http://dbpedia.org/resource/Palace_of_Westminster> <http://dbpedia.org/ontology/location> ?uri . } "		"0.0"	"0.0"	"3.0"	"0.0"	"0.0"	"0.0"
"43"	"false"	"Spielt Christian Bale in Batman Begins mit?"		"PREFIX dbo: <http://dbpedia.org/ontology/>
PREFIX res: <http://dbpedia.org/resource/>
ASK 
WHERE {
	res:Batman_Begins dbo:starring res:Christian_Bale .
}"		"0.0"	"0.0"	"1.0"	"0.0"	"0.0"	"0.0"
"44"	"false"	"In welchem Land befindet sich der Limerick Lake?"		"PREFIX dbo: <http://dbpedia.org/ontology/>
PREFIX res: <http://dbpedia.org/resource/>
SELECT DISTINCT ?uri 
WHERE { 
	res:Limerick_Lake dbo:country ?uri .
}"		"0.0"	"0.0"	"1.0"	"0.0"	"0.0"	"0.0"
"45"	"false"	"Was war der letzte Film mit Alec Guinness?"		"SELECT DISTINCT ?uri WHERE {  ?uri <http://www.w3.org/1999/02/22-rdf-syntax-ns#type> <http://dbpedia.org/ontology/Film> .  ?uri <http://dbpedia.org/ontology/starring> <http://dbpedia.org/resource/Alec_Guinness> .  ?uri <http://dbpedia.org/ontology/releaseDate> ?date . } ORDER BY DESC(?date) LIMIT 1 "		"0.0"	"0.0"	"1.0"	"0.0"	"0.0"	"0.0"
"46"	"false"	"Was ist der höchste Berg in Australien?"		"PREFIX dbo: <http://dbpedia.org/ontology/>
PREFIX res: <http://dbpedia.org/resource/>
PREFIX rdf: <http://www.w3.org/1999/02/22-rdf-syntax-ns#>
SELECT DISTINCT ?uri 
WHERE {
	?uri rdf:type dbo:Mountain .
        ?uri dbo:locatedInArea res:Australia .
        ?uri dbo:elevation ?elevation .
} 
ORDER BY DESC(?elevation) LIMIT 1"		"0.0"	"0.0"	"1.0"	"0.0"	"0.0"	"0.0"
"47"	"false"	"Lebt Frank Herbert noch?"		"PREFIX dbo: <http://dbpedia.org/ontology/>
PREFIX res: <http://dbpedia.org/resource/>
ASK 
WHERE {
	OPTIONAL { res:Frank_Herbert dbo:deathDate ?date . }
        FILTER (!BOUND(?date))
}"		"0.0"	"0.0"	"1.0"	"0.0"	"0.0"	"0.0"
"48"	"false"	"Wer hat sich Family Guy ausgedacht?"		"SELECT DISTINCT ?uri WHERE { <http://dbpedia.org/resource/Family_Guy> <http://dbpedia.org/ontology/creator> ?uri . }  "		"0.0"	"0.0"	"1.0"	"0.0"	"0.0"	"0.0"
"49"	"false"	"Was ist die Amtssprache Von Surinam?"		"PREFIX dbo: <http://dbpedia.org/ontology/>
PREFIX res: <http://dbpedia.org/resource/>
SELECT DISTINCT ?uri
WHERE { 
        res:Suriname dbo:officialLanguage ?uri .
}"		"0.0"	"0.0"	"1.0"	"0.0"	"0.0"	"0.0"
"50"	"false"	"Wer hat das Lied Hotel California geschrieben?"		"SELECT DISTINCT ?uri WHERE { <http://dbpedia.org/resource/Hotel_California> <http://dbpedia.org/ontology/writer> ?uri . }"		"0.0"	"0.0"	"3.0"	"0.0"	"0.0"	"0.0"
"51"	"false"	"Gib mir alle Schauspieler von Filmen, in denen William Shatner Regie geführt hat."		"SELECT DISTINCT ?uri WHERE {  ?x <http://dbpedia.org/ontology/director> <http://dbpedia.org/resource/William_Shatner> .  ?x <http://dbpedia.org/ontology/starring> ?uri . } "		"0.0"	"0.0"	"19.0"	"0.0"	"0.0"	"0.0"
"52"	"false"	"Was ist in Chocolate Chip Cookies drin?"		"SELECT DISTINCT ?uri WHERE { <http://dbpedia.org/resource/Chocolate_chip_cookie> <http://dbpedia.org/ontology/ingredient> ?uri . }"		"0.0"	"0.0"	"10.0"	"0.0"	"0.0"	"0.0"
"53"	"false"	"Gib mir alle Profiskateboarder aus Schweden."		"PREFIX dbo: <http://dbpedia.org/ontology/>
PREFIX dbp: <http://dbpedia.org/property/>
PREFIX res: <http://dbpedia.org/resource/>
SELECT DISTINCT ?uri 
WHERE {
	?uri dbo:occupation res:Skateboarding . 
        { ?uri dbo:birthPlace res:Sweden . }
        UNION
        { ?uri dbo:birthPlace ?place . 
          ?place dbo:country res:Sweden . }
}"		"0.0"	"0.0"	"2.0"	"0.0"	"0.0"	"0.0"
"54"	"false"	"Welche Zutaten brauche ich für Möhrenkuchen?"		"SELECT DISTINCT ?uri WHERE {  <http://dbpedia.org/resource/Carrot_cake> <http://dbpedia.org/ontology/ingredient> ?uri . } "		"0.0"	"0.0"	"5.0"	"0.0"	"0.0"	"0.0"
"55"	"false"	"Spielt Neymar für Real Madrid?"		"ASK WHERE { <http://dbpedia.org/resource/Neymar> <http://dbpedia.org/ontology/team> <http://dbpedia.org/resource/Real_Madrid_C.F.> . }"		"0.0"	"0.0"	"1.0"	"0.0"	"0.0"	"0.0"
"56"	"false"	"Welcher Informatiker hat einen Oscar gewonnen?"		"SELECT DISTINCT ?uri WHERE { { ?uri <http://dbpedia.org/ontology/field> <http://dbpedia.org/resource/Computer_science> . } UNION { ?uri <http://purl.org/dc/elements/1.1/description> ?s . FILTER regex(?s,'computer scientist','i') } ?uri <http://dbpedia.org/ontology/award> <http://dbpedia.org/resource/Academy_Awards> . } "		"0.0"	"0.0"	"0.0"	"0.0"	"0.0"	"0.0"
"57"	"false"	"Wieviele Firmen wurden im selben Jahr wie Google gegründet?"		"SELECT (COUNT(DISTINCT ?uri) as ?c) WHERE {  ?uri <http://www.w3.org/1999/02/22-rdf-syntax-ns#type> <http://dbpedia.org/ontology/Company> .  ?uri <http://dbpedia.org/ontology/foundingYear> ?year .  <http://dbpedia.org/resource/Google> <http://dbpedia.org/ontology/foundingYear> ?year . } "		"0.0"	"0.0"	"1.0"	"0.0"	"0.0"	"0.0"
"58"	"false"	"In welcher Stadt im Vereinigten Königreich ist das Hauptquartier des MI6?"		"PREFIX res: <http://dbpedia.org/resource/> 
PREFIX dbo: <http://dbpedia.org/ontology/> 
PREFIX rdf: <http://www.w3.org/1999/02/22-rdf-syntax-ns#>
SELECT DISTINCT ?uri 
WHERE { 
        res:Secret_Intelligence_Service dbo:headquarter ?uri . 
        ?uri dbo:country res:United_Kingdom . 
}"		"0.0"	"0.0"	"2.0"	"0.0"	"0.0"	"0.0"
"59"	"false"	"War die Kubakrise vor der Schweinebuchtinvasion?"		"PREFIX dbo: <http://dbpedia.org/ontology/>
PREFIX res: <http://dbpedia.org/resource/>
ASK 
WHERE {
        res:Cuban_Missile_Crisis dbo:date ?x .
	res:Bay_of_Pigs_Invasion dbo:date ?y .
	FILTER (?x < ?y)
}"		"0.0"	"0.0"	"1.0"	"0.0"	"0.0"	"0.0"
"60"	"false"	"Wofür steht IYCM?"		"PREFIX dbo: <http://dbpedia.org/ontology/>
PREFIX res: <http://dbpedia.org/resource/>
SELECT DISTINCT ?uri
WHERE {
        ?uri dbo:abbreviation 'IYCM' .
}"		"0.0"	"0.0"	"1.0"	"0.0"	"0.0"	"0.0"
"61"	"false"	"Wann endete die Ming-Dynastie?"		"PREFIX res: <http://dbpedia.org/resource/>
PREFIX dbo: <http://dbpedia.org/ontology/> 
SELECT DISTINCT ?date
WHERE {  
        res:Ming_dynasty dbo:dissolutionDate ?date .
}"		"0.0"	"0.0"	"0.0"	"0.0"	"0.0"	"0.0"
"62"	"false"	"Liste alle Episoden der ersten Staffel der HBO-Fernsehserie Die Sopranos auf."		"PREFIX dbo: <http://dbpedia.org/ontology/>
PREFIX res: <http://dbpedia.org/resource/>
SELECT DISTINCT ?uri 
WHERE {
	?uri dbo:series res:The_Sopranos  .
        ?uri dbo:seasonNumber 1 .
}"		"0.0"	"0.0"	"0.0"	"0.0"	"0.0"	"0.0"
"63"	"false"	"Was ist die Gesamteinwohnerzahl von Melbourne, Florida?"		"PREFIX dbo: <http://dbpedia.org/ontology/> 
SELECT ?uri 
WHERE { 
        <http://dbpedia.org/resource/Melbourne,_Florida> dbo:populationTotal ?uri .
}"		"0.0"	"0.0"	"1.0"	"0.0"	"0.0"	"0.0"
"64"	"false"	"Hat Arnold Schwarzenegger eine Universität besucht?"		"PREFIX dbo: <http://dbpedia.org/ontology/>
PREFIX res: <http://dbpedia.org/resource/> 
PREFIX rdf: <http://www.w3.org/1999/02/22-rdf-syntax-ns#>
ASK
WHERE {
        res:Arnold_Schwarzenegger dbo:almaMater ?x .
        ?x rdf:type dbo:University .
}"		"0.0"	"0.0"	"1.0"	"0.0"	"0.0"	"0.0"
"65"	"false"	"In welchem Land ist der Mount Everest?"		"PREFIX dbo: <http://dbpedia.org/ontology/>
PREFIX res: <http://dbpedia.org/resource/>
PREFIX rdf: <http://www.w3.org/1999/02/22-rdf-syntax-ns#> 
SELECT DISTINCT ?uri
WHERE { 
        res:Mount_Everest dbo:locatedInArea ?uri . 
        ?uri rdf:type dbo:Country .
}"		"0.0"	"0.0"	"2.0"	"0.0"	"0.0"	"0.0"
"66"	"false"	"Was ist die größte Stadt in Australien?"		"PREFIX dbo: <http://dbpedia.org/ontology/>
PREFIX res: <http://dbpedia.org/resource/>
SELECT DISTINCT ?uri 
WHERE {
	res:Australia dbo:largestCity ?uri .
}"		"0.0"	"0.0"	"1.0"	"0.0"	"0.0"	"0.0"
"67"	"false"	"Gib mir alle von der NASA betriebenen Startrampen."		"PREFIX dbo: <http://dbpedia.org/ontology/> 
PREFIX res: <http://dbpedia.org/resource/> 
PREFIX rdf: <http://www.w3.org/1999/02/22-rdf-syntax-ns#> 
SELECT DISTINCT ?uri 
WHERE { 
        ?uri rdf:type dbo:LaunchPad .  
        ?uri dbo:operator res:NASA . 
}"		"0.0"	"0.0"	"14.0"	"0.0"	"0.0"	"0.0"
"68"	"false"	"Wer ist der Bürgermeister von Tel Aviv?"		"PREFIX dbo: <http://dbpedia.org/ontology/>
PREFIX res: <http://dbpedia.org/resource/>
SELECT DISTINCT ?uri
WHERE { 
        res:Tel_Aviv dbo:leaderName ?uri .
}"		"0.0"	"0.0"	"0.0"	"0.0"	"0.0"	"0.0"
"69"	"false"	"Liste alle Episoden der ersten Staffel der HBO-Fernsehserie Die Sopranos auf."		"PREFIX dbo: <http://dbpedia.org/ontology/>
PREFIX res: <http://dbpedia.org/resource/>
SELECT DISTINCT ?uri 
WHERE {
        ?uri dbo:series res:The_Sopranos  .
        ?uri dbo:seasonNumber 1 .
}"		"0.0"	"0.0"	"0.0"	"0.0"	"0.0"	"0.0"
"70"	"false"	"Wer hat Batman erfunden?"		"SELECT DISTINCT ?uri WHERE {  <http://dbpedia.org/resource/Batman> <http://dbpedia.org/ontology/creator> ?uri . } "		"0.0"	"0.0"	"2.0"	"0.0"	"0.0"	"0.0"
"71"	"false"	"Wer hat Gus Fring in Breaking Bad gespielt?"		"SELECT DISTINCT ?uri WHERE { <http://dbpedia.org/resource/Gus_Fring> <http://dbpedia.org/ontology/portrayer> ?uri . }"		"0.0"	"0.0"	"1.0"	"0.0"	"0.0"	"0.0"
"72"	"false"	"In welcher Programmiersprache wurde GIMP geschrieben?"		"PREFIX dbo: <http://dbpedia.org/ontology/>
PREFIX res: <http://dbpedia.org/resource/>
SELECT DISTINCT ?uri 
WHERE { 
	res:GIMP dbo:programmingLanguage ?uri .
}"		"0.0"	"0.0"	"2.0"	"0.0"	"0.0"	"0.0"
"73"	"false"	"In welchem alten Reich konnte man mit Kakaobohnen bezahlen?"		"SELECT DISTINCT ?uri WHERE { ?uri <http://dbpedia.org/ontology/currency> <http://dbpedia.org/resource/Cocoa_bean> . }"		"0.0"	"0.0"	"2.0"	"0.0"	"0.0"	"0.0"
"74"	"false"	"Wer ist der Herausgeber von Forbes?"		"PREFIX res: <http://dbpedia.org/resource/>
PREFIX dbo: <http://dbpedia.org/ontology/>
SELECT DISTINCT ?uri 
WHERE {
        res:Forbes dbo:editor ?uri .
}"		"0.0"	"0.0"	"1.0"	"0.0"	"0.0"	"0.0"
"75"	"false"	"Wieviele Menschen leben in der Hauptstadt Australiens?"		"PREFIX dbo: <http://dbpedia.org/ontology/>
PREFIX res: <http://dbpedia.org/resource/>
SELECT DISTINCT ?num 
WHERE {
        res:Australia dbo:capital ?x .
        ?x dbo:populationTotal ?num .
}"		"0.0"	"0.0"	"1.0"	"0.0"	"0.0"	"0.0"
"76"	"false"	"Welche Profisurfer wurden in Australien geboren?"		"PREFIX dbo: <http://dbpedia.org/ontology/> 
PREFIX res: <http://dbpedia.org/resource/> 
SELECT DISTINCT ?uri 
WHERE { 
        ?uri dbo:occupation res:Surfing .  
        ?uri dbo:birthPlace res:Australia . 
}"		"0.0"	"0.0"	"1.0"	"0.0"	"0.0"	"0.0"
"77"	"false"	"Welche Elektronikunternehmen wurden in Peking gegründet?"		"SELECT DISTINCT ?uri WHERE { ?uri a <http://dbpedia.org/ontology/Company> . ?uri <http://dbpedia.org/ontology/industry> <http://dbpedia.org/resource/Electronics> . ?uri <http://dbpedia.org/ontology/foundationPlace> <http://dbpedia.org/resource/Beijing> . }"		"0.0"	"0.0"	"0.0"	"0.0"	"0.0"	"0.0"
"78"	"false"	"Gib mir alle Videospiele von Mean Hamster Software."		"PREFIX dbo: <http://dbpedia.org/ontology/>
PREFIX res: <http://dbpedia.org/resource/>
PREFIX rdf: <http://www.w3.org/1999/02/22-rdf-syntax-ns#>
SELECT DISTINCT ?uri 
WHERE {
      ?uri rdf:type dbo:VideoGame .
      ?uri dbo:publisher res:Mean_Hamster_Software . 
}"		"0.0"	"0.0"	"1.0"	"0.0"	"0.0"	"0.0"
"79"	"false"	"Wieviele Aldi-Filialen gibt es?"		"SELECT DISTINCT ?number WHERE {  <http://dbpedia.org/resource/Aldi> <http://dbpedia.org/ontology/numberOfLocations> ?number . } "		"0.0"	"0.0"	"1.0"	"0.0"	"0.0"	"0.0"
"80"	"false"	"Was ist die Hauptstadt von Kamerun?"		"SELECT DISTINCT ?uri WHERE { <http://dbpedia.org/resource/Cameroon> <http://dbpedia.org/ontology/capital> ?uri. } "		"0.0"	"0.0"	"1.0"	"0.0"	"0.0"	"0.0"
"81"	"false"	"Gibt es ein Videospiel, das Battle Chess heißt?"		"PREFIX dbo: <http://dbpedia.org/ontology/>
PREFIX rdf: <http://www.w3.org/1999/02/22-rdf-syntax-ns#>
PREFIX rdfs: <http://www.w3.org/2000/01/rdf-schema#>
ASK 
WHERE {
	?uri rdf:type dbo:VideoGame .
        ?uri rdfs:label 'Battle Chess'@en .
}"		"0.0"	"0.0"	"1.0"	"0.0"	"0.0"	"0.0"
"82"	"false"	"Hieß die Frau von Präsident Lincoln Mary?"		"PREFIX dbo: <http://dbpedia.org/ontology/>
PREFIX res: <http://dbpedia.org/resource/>
PREFIX rdfs: <http://www.w3.org/2000/01/rdf-schema#>
ASK 
WHERE {
        res:Abraham_Lincoln dbo:spouse ?spouse .
        ?spouse rdfs:label ?name .
        FILTER(regex(?name,'Mary')) 
}"		"0.0"	"0.0"	"1.0"	"0.0"	"0.0"	"0.0"
"83"	"false"	"Gib mir alle Filme, bei denen Francis Ford Coppola Regie geführt hat."		"SELECT DISTINCT ?uri WHERE {  ?uri <http://www.w3.org/1999/02/22-rdf-syntax-ns#type> <http://dbpedia.org/ontology/Film> .  ?uri <http://dbpedia.org/ontology/director> <http://dbpedia.org/resource/Francis_Ford_Coppola> . } "		"0.0"	"0.0"	"33.0"	"0.0"	"0.0"	"0.0"
"84"	"false"	"Welcher von Tim Burtons Filmen hatte das höchste Budget?"		"PREFIX dbo: <http://dbpedia.org/ontology/>
PREFIX res: <http://dbpedia.org/resource/>
SELECT DISTINCT ?uri 
WHERE { 
        ?uri dbo:director res:Tim_Burton .
        ?uri dbo:budget ?b .
}
ORDER BY ?b
OFFSET 0 LIMIT 1"		"0.0"	"0.0"	"1.0"	"0.0"	"0.0"	"0.0"
"85"	"false"	"Hat Breaking Bad mehr Episoden als Game of Thrones?"		"PREFIX dbo: <http://dbpedia.org/ontology/> 
PREFIX res: <http://dbpedia.org/resource/> 
ASK 
WHERE { 
        res:Breaking_Bad dbo:numberOfEpisodes ?x . 
        res:Game_of_Thrones dbo:numberOfEpisodes ?y . 
        FILTER (?y > ?x) 
}"		"0.0"	"0.0"	"1.0"	"0.0"	"0.0"	"0.0"
"86"	"false"	"Wer wurde Rodzilla genannt?"		"PREFIX dbp: <http://dbpedia.org/property/> 
SELECT DISTINCT ?uri 
WHERE { 
         ?uri dbp:nickname ""Rodzilla""@en .
}"		"0.0"	"0.0"	"0.0"	"0.0"	"0.0"	"0.0"
"87"	"false"	"Wurde Natalie Portman in den Vereinigten Staaten geboren?"		"PREFIX dbo: <http://dbpedia.org/ontology/>
PREFIX res: <http://dbpedia.org/resource/>
ASK 
WHERE { 
	res:Natalie_Portman dbo:birthPlace ?city .
      	?city dbo:country res:United_States .
}"		"0.0"	"0.0"	"1.0"	"0.0"	"0.0"	"0.0"
"88"	"false"	"Gib mir die Enkel von Elvis Presley."		"SELECT DISTINCT ?uri WHERE { <http://dbpedia.org/resource/Elvis_Presley> <http://dbpedia.org/ontology/child> ?child . ?child <http://dbpedia.org/ontology/child> ?uri . }"		"0.0"	"0.0"	"1.0"	"0.0"	"0.0"	"0.0"
"89"	"false"	"Bei welchen Filmen, in denen Mickey Rourke mitspielt, hat Guy Ritchie Regie geführt?"		"SELECT DISTINCT ?uri WHERE { ?uri <http://www.w3.org/1999/02/22-rdf-syntax-ns#type> <http://dbpedia.org/ontology/Film> . ?uri <http://dbpedia.org/ontology/starring> <http://dbpedia.org/resource/Mickey_Rourke> . ?uri <http://dbpedia.org/ontology/director> <http://dbpedia.org/resource/Guy_Ritchie> . } "		"0.0"	"0.0"	"1.0"	"0.0"	"0.0"	"0.0"
"90"	"false"	"Wann ist Draculas Schöpfer gestorben?"		"SELECT DISTINCT ?date WHERE {  <http://dbpedia.org/resource/Count_Dracula> <http://dbpedia.org/ontology/creator> ?x .  ?x <http://dbpedia.org/ontology/deathDate> ?date . } "		"0.0"	"0.0"	"1.0"	"0.0"	"0.0"	"0.0"
"91"	"false"	"Aus welchem Land kommt der Erfinder von Nijntje?"		"PREFIX dbo: <http://dbpedia.org/ontology/>
PREFIX res: <http://dbpedia.org/resource/>
SELECT DISTINCT ?uri 
WHERE {
	res:Miffy dbo:creator ?x .
	?x dbo:nationality ?uri .
}"		"0.0"	"0.0"	"0.0"	"0.0"	"0.0"	"0.0"
"92"	"false"	"Was ist Batmans richtiger Name?"		"SELECT DISTINCT ?s WHERE { <http://dbpedia.org/resource/Batman> <http://dbpedia.org/property/alterEgo> ?s . }"		"0.0"	"0.0"	"1.0"	"0.0"	"0.0"	"0.0"
"93"	"false"	"Welche Regierungsform hat Russland?"		"SELECT DISTINCT ?uri WHERE { <http://dbpedia.org/resource/Russia> <http://dbpedia.org/ontology/governmentType> ?uri . } "		"0.0"	"0.0"	"1.0"	"0.0"	"0.0"	"0.0"
"94"	"false"	"Wieviele Firmen hat der Gründer von Facebook gegründet?"		"SELECT (COUNT(DISTINCT ?uri) as ?c) WHERE {  <http://dbpedia.org/resource/Facebook> <http://dbpedia.org/ontology/foundedBy> ?uri .  ?uri <http://dbpedia.org/ontology/foundedBy> ?uri . } "		"0.0"	"0.0"	"1.0"	"0.0"	"0.0"	"0.0"
"95"	"false"	"Gib mir alle kanadischen Grunge-Plattenfirmen."		"PREFIX dbo: <http://dbpedia.org/ontology/>
PREFIX res: <http://dbpedia.org/resource/>
PREFIX rdf: <http://www.w3.org/1999/02/22-rdf-syntax-ns#>
SELECT DISTINCT ?uri 
WHERE {
	?uri rdf:type dbo:RecordLabel .
        ?uri dbo:genre res:Grunge .
        ?uri dbo:country res:Canada .
}"		"0.0"	"0.0"	"1.0"	"0.0"	"0.0"	"0.0"
"96"	"false"	"Wieviele Kinder hatte Benjamin Franklin?"		"SELECT (COUNT(DISTINCT ?uri) as ?c) WHERE {  <http://dbpedia.org/resource/Benjamin_Franklin> <http://dbpedia.org/ontology/child> ?uri . } "		"0.0"	"0.0"	"1.0"	"0.0"	"0.0"	"0.0"
"97"	"false"	"Liste die Kinder von Margaret Thatcher auf."		"PREFIX res: <http://dbpedia.org/resource/>
PREFIX dbo: <http://dbpedia.org/ontology/>
SELECT DISTINCT ?uri 
WHERE {
	res:Margaret_Thatcher dbo:child ?uri .
}"		"0.0"	"0.0"	"2.0"	"0.0"	"0.0"	"0.0"
"98"	"false"	"Aus welcher Region ist der Melon de Bourgogne?"		"PREFIX res: <http://dbpedia.org/resource/>
PREFIX dbo: <http://dbpedia.org/ontology/> 
SELECT DISTINCT ?uri
WHERE {
        res:Melon_de_Bourgogne dbo:wineRegion ?uri .
}"		"0.0"	"0.0"	"4.0"	"0.0"	"0.0"	"0.0"
"99"	"false"	"Wer ist das älteste Kind von Meryl Streep?"		"PREFIX dbo: <http://dbpedia.org/ontology/>
PREFIX res: <http://dbpedia.org/resource/>
SELECT DISTINCT ?uri
WHERE { 
        res:Meryl_Streep dbo:child ?uri . 
        ?uri dbo:birthDate ?d .
}
ORDER BY ASC(?d)
OFFSET 0 LIMIT 1"		"0.0"	"0.0"	"1.0"	"0.0"	"0.0"	"0.0"
"100"	"false"	"Sind Laubfrösche Amphibien?"		"PREFIX dbo: <http://dbpedia.org/ontology/> 
PREFIX res: <http://dbpedia.org/resource/> 
ASK 
WHERE { 
        res:Hylidae dbo:class res:Amphibian . 
}"		"0.0"	"0.0"	"1.0"	"0.0"	"0.0"	"0.0"
"101"	"false"	"Spielt Christian Bale in Velvet Goldmine mit?"		"PREFIX dbo: <http://dbpedia.org/ontology/>
PREFIX res: <http://dbpedia.org/resource/>
ASK
WHERE {
        res:Velvet_Goldmine dbo:starring res:Christian_Bale .
}"		"0.0"	"0.0"	"1.0"	"0.0"	"0.0"	"0.0"
"102"	"false"	"Liste alle Spiele von GMT auf."		"PREFIX dbo: <http://dbpedia.org/ontology/>
PREFIX res: <http://dbpedia.org/resource/>
SELECT DISTINCT ?uri 
WHERE {	
        ?uri dbo:publisher res:GMT_Games .
}"		"0.0"	"0.0"	"8.0"	"0.0"	"0.0"	"0.0"
"103"	"false"	"Fließt die Isar in einen See?"		"PREFIX dbo: <http://dbpedia.org/ontology/>
PREFIX res: <http://dbpedia.org/resource/>
PREFIX rdf: <http://www.w3.org/1999/02/22-rdf-syntax-ns#>
ASK
WHERE {
        ?x dbo:inflow res:Isar .
        ?x rdf:type dbo:Lake . 
}"		"0.0"	"0.0"	"1.0"	"0.0"	"0.0"	"0.0"
"104"	"false"	"Welche Flughäfen fliegt Yeti Airlines an?"		"SELECT DISTINCT ?uri WHERE {  <http://dbpedia.org/resource/Yeti_Airlines> <http://dbpedia.org/ontology/targetAirport> ?uri . }"		"0.0"	"0.0"	"5.0"	"0.0"	"0.0"	"0.0"
"105"	"false"	"Welches indische Unternehmen hat die meisten Angestellten?"		"SELECT DISTINCT ?uri WHERE { ?uri a <http://dbpedia.org/ontology/Company> . ?uri <http://dbpedia.org/ontology/location> <http://dbpedia.org/resource/India> . ?uri <http://dbpedia.org/ontology/numberOfEmployees> ?n . } ORDER BY DESC(?n) OFFSET 0 LIMIT 1"		"0.0"	"0.0"	"1.0"	"0.0"	"0.0"	"0.0"
"106"	"false"	"Welche Farbe steht für Loyalität?"		"SELECT DISTINCT ?uri WHERE { ?uri <http://dbpedia.org/ontology/connotation> <http://dbpedia.org/resource/Loyalty> . }"		"0.0"	"0.0"	"0.0"	"0.0"	"0.0"	"0.0"
"107"	"false"	"Welche Stadt hat die meisten Einwohner?"		"PREFIX dbo: <http://dbpedia.org/ontology/> 
PREFIX res: <http://dbpedia.org/resource/> 
PREFIX rdf: <http://www.w3.org/1999/02/22-rdf-syntax-ns#> 
SELECT DISTINCT ?uri
WHERE { 
         ?uri rdf:type dbo:City . 
         ?uri dbo:populationTotal ?pop . 
}
ORDER BY DESC(?pop)
OFFSET 0 LIMIT 1"		"0.0"	"0.0"	"1.0"	"0.0"	"0.0"	"0.0"
"108"	"false"	"Wer hat Wikipedia gegründet?"		"PREFIX dbo: <http://dbpedia.org/ontology/>
PREFIX res: <http://dbpedia.org/resource/>
SELECT DISTINCT ?uri
WHERE {
	res:Wikipedia dbo:author ?uri .
}"		"0.0"	"0.0"	"2.0"	"0.0"	"0.0"	"0.0"
"109"	"false"	"Ist Rita Wilson die Frau von Tom Hanks?"		"PREFIX dbo: <http://dbpedia.org/ontology/> 
PREFIX res: <http://dbpedia.org/resource/> 
ASK 
WHERE { 
        res:Tom_Hanks dbo:spouse res:Rita_Wilson . 
}"		"0.0"	"0.0"	"1.0"	"0.0"	"0.0"	"0.0"
"110"	"false"	"Heißt die Frau von Präsident Obama Michelle?"		"PREFIX dbo: <http://dbpedia.org/ontology/>
PREFIX res: <http://dbpedia.org/resource/>
PREFIX rdfs: <http://www.w3.org/2000/01/rdf-schema#>
ASK 
WHERE {
        res:Barack_Obama dbo:spouse ?spouse .
        ?spouse rdfs:label ?name .
        FILTER(regex(?name,'Michelle')) 
}"		"0.0"	"0.0"	"1.0"	"0.0"	"0.0"	"0.0"
"111"	"false"	"Wieviele ethnische Gruppen leben in Slovenien?"		"SELECT (COUNT(DISTINCT ?uri) as ?c) WHERE {  <http://dbpedia.org/resource/Slovenia> <http://dbpedia.org/ontology/ethnicGroup> ?uri . } "		"0.0"	"0.0"	"1.0"	"0.0"	"0.0"	"0.0"
"112"	"false"	"Wer ist der Präsident von Eritrea?"		"SELECT DISTINCT ?uri WHERE { <http://dbpedia.org/resource/Eritrea> <http://dbpedia.org/ontology/leader> ?uri . <http://dbpedia.org/resource/Eritrea> <http://dbpedia.org/ontology/leaderTitle> 'President'@en . }  "		"0.0"	"0.0"	"0.0"	"0.0"	"0.0"	"0.0"
"113"	"false"	"Bei wievielen Filmen hat Stanley Kubrick Regie geführt?"		"SELECT DISTINCT ?uri WHERE { ?uri <http://dbpedia.org/ontology/director> <http://dbpedia.org/resource/Stanley_Kubrick> . }"		"0.0"	"0.0"	"16.0"	"0.0"	"0.0"	"0.0"
"114"	"false"	"Wann wurde die Titanic fertiggestellt?"		"PREFIX dbo: <http://dbpedia.org/ontology/>
PREFIX res: <http://dbpedia.org/resource/>
SELECT DISTINCT ?date
WHERE { 
        res:RMS_Titanic dbo:completionDate ?date . 
}"		"0.0"	"0.0"	"0.0"	"0.0"	"0.0"	"0.0"
"115"	"false"	"Wieviele Seiten hat Krieg und Frieden?"		"PREFIX dbo: <http://dbpedia.org/ontology/>
PREFIX res: <http://dbpedia.org/resource/>
SELECT DISTINCT ?n
WHERE {
        res:War_and_Peace dbo:numberOfPages ?n .
}"		"0.0"	"0.0"	"1.0"	"0.0"	"0.0"	"0.0"
"116"	"false"	"Wer ist der jüngste Spieler in der Premier League?"		"PREFIX dbo: <http://dbpedia.org/ontology/> 
PREFIX res: <http://dbpedia.org/resource/> 
SELECT DISTINCT ?uri 
WHERE { 
        ?uri dbo:team ?x . 
        ?x dbo:league res:Premier_League . 
        ?uri dbo:birthDate ?y . 
} 
ORDER BY DESC(?y) 
OFFSET 0 LIMIT 1"		"0.0"	"0.0"	"0.0"	"0.0"	"0.0"	"0.0"
"117"	"false"	"Was ist der höchste Berg in Italien?"		"PREFIX dbo: <http://dbpedia.org/ontology/>
PREFIX res: <http://dbpedia.org/resource/>
PREFIX rdf: <http://www.w3.org/1999/02/22-rdf-syntax-ns#>
SELECT DISTINCT ?uri
WHERE {
        ?uri rdf:type dbo:Mountain .
        ?uri dbo:locatedInArea res:Italy .
        ?uri dbo:elevation ?num .
}
ORDER BY DESC(?num)
OFFSET 0 LIMIT 1"		"0.0"	"0.0"	"1.0"	"0.0"	"0.0"	"0.0"
"118"	"false"	"Wie groß ist Claudia Schiffer?"		"PREFIX res: <http://dbpedia.org/resource/>
PREFIX dbo: <http://dbpedia.org/ontology/>
SELECT DISTINCT ?height 
WHERE {       
        res:Claudia_Schiffer dbo:height ?height .      
}"		"0.0"	"0.0"	"1.0"	"0.0"	"0.0"	"0.0"
"119"	"false"	"Wer war der Vizepräsident unter John F. Kennedy?"		"PREFIX dbo: <http://dbpedia.org/ontology/> 
PREFIX res: <http://dbpedia.org/resource/> 
SELECT DISTINCT ?uri 
WHERE { res:John_F._Kennedy dbo:vicePresident ?uri . 
}"		"0.0"	"0.0"	"0.0"	"0.0"	"0.0"	"0.0"
"120"	"false"	"Welche Tochtergesellschaft von Lufthansa fliegt sowohl Dortmund als auch Berlin Tegel an?"		"PREFIX res: <http://dbpedia.org/resource/>
PREFIX dbo: <http://dbpedia.org/ontology/> 
SELECT DISTINCT ?uri 
WHERE {
        res:Lufthansa dbo:subsidiary ?uri .
        ?uri dbo:targetAirport res:Dortmund_Airport .
        ?uri dbo:targetAirport res:Berlin_Tegel_Airport .
}"		"0.0"	"0.0"	"0.0"	"0.0"	"0.0"	"0.0"
"121"	"false"	"Wer war der Nachfolger von John F. Kennedy?"		"PREFIX dbo: <http://dbpedia.org/ontology/>
PREFIX res: <http://dbpedia.org/resource/>
SELECT DISTINCT ?uri 
WHERE {
	res:John_F._Kennedy dbo:successor ?uri .
}"		"0.0"	"0.0"	"0.0"	"0.0"	"0.0"	"0.0"
"122"	"false"	"Wer hat den Soundtrack für Camerons Titanic geschrieben?"		"SELECT DISTINCT ?uri WHERE { <http://dbpedia.org/resource/Titanic_(1997_film)> <http://dbpedia.org/ontology/musicComposer> ?uri . } "		"0.0"	"0.0"	"1.0"	"0.0"	"0.0"	"0.0"
"123"	"false"	"Welche Filme hat Kurosawa gedreht?"		"PREFIX dbo: <http://dbpedia.org/ontology/>
PREFIX res: <http://dbpedia.org/resource/>
PREFIX rdf: <http://www.w3.org/1999/02/22-rdf-syntax-ns#>
SELECT DISTINCT ?uri
WHERE {
        ?uri rdf:type dbo:Film .
        ?uri dbo:director res:Akira_Kurosawa .
}"		"0.0"	"0.0"	"32.0"	"0.0"	"0.0"	"0.0"
"124"	"false"	"Welche Plattenfirma hat Elvis' erstes Album aufgenommen?"		"PREFIX dbo: <http://dbpedia.org/ontology/>
PREFIX res: <http://dbpedia.org/resource/>
PREFIX rdf: <http://www.w3.org/1999/02/22-rdf-syntax-ns#>
SELECT DISTINCT ?uri 
WHERE {
        ?x rdf:type dbo:Album .
        ?x dbo:artist res:Elvis_Presley .
        ?x dbo:releaseDate ?y .
        ?x dbo:recordLabel ?uri .
}
ORDER BY ASC(?y) 
OFFSET 0 LIMIT 1"		"0.0"	"0.0"	"1.0"	"0.0"	"0.0"	"0.0"
"125"	"false"	"In welcher Zeitzone liegt Rom?"		"SELECT DISTINCT ?uri WHERE { <http://dbpedia.org/resource/Rome> <http://dbpedia.org/ontology/timeZone> ?uri . } "		"0.0"	"0.0"	"1.0"	"0.0"	"0.0"	"0.0"
"126"	"false"	"Welche Währung benutzt China?"		"PREFIX res: <http://dbpedia.org/resource/>
PREFIX dbo: <http://dbpedia.org/ontology/> 
SELECT DISTINCT ?uri
WHERE {  
   res:China dbo:currency ?uri . 
}"		"0.0"	"0.0"	"1.0"	"0.0"	"0.0"	"0.0"
"127"	"false"	"Wer sind die Entwickler von DBpedia?"		"SELECT DISTINCT ?uri WHERE { <http://dbpedia.org/resource/DBpedia> <http://dbpedia.org/ontology/developer> ?uri . }"		"0.0"	"0.0"	"3.0"	"0.0"	"0.0"	"0.0"
"128"	"false"	"Hat Abraham Lincolns Sterbeort eine Webseite?"		"PREFIX dbo: <http://dbpedia.org/ontology/>
PREFIX res: <http://dbpedia.org/resource/>
ASK 
WHERE {
        res:Abraham_Lincoln dbo:deathPlace ?p .
        ?p dbo:website ?w . 
}"		"0.0"	"0.0"	"1.0"	"0.0"	"0.0"	"0.0"
"129"	"false"	"Wer ist der König der Niederlande?"		"SELECT DISTINCT ?uri WHERE { <http://dbpedia.org/resource/Netherlands> <http://dbpedia.org/ontology/leader> ?uri . ?uri a <http://dbpedia.org/ontology/Royalty> . } "		"0.0"	"0.0"	"0.0"	"0.0"	"0.0"	"0.0"
"130"	"false"	"In welcher Stadt ist Nikos Kazantzakis gestorben?"		"SELECT DISTINCT ?uri WHERE { <http://dbpedia.org/resource/Nikos_Kazantzakis> <http://dbpedia.org/ontology/deathPlace> ?uri . ?uri a <http://dbpedia.org/ontology/Town> . }"		"0.0"	"0.0"	"1.0"	"0.0"	"0.0"	"0.0"
"131"	"false"	"Wer war der Vater von Königin Elizabeth II?"		"PREFIX res: <http://dbpedia.org/resource/>
PREFIX dbp: <http://dbpedia.org/property/>
SELECT DISTINCT ?uri
WHERE { 
        res:Elizabeth_II dbp:father ?uri .
}"		"0.0"	"0.0"	"1.0"	"0.0"	"0.0"	"0.0"
"132"	"false"	"Gib mir eine Liste aller stark bedrohten Vogelarten."		"SELECT DISTINCT ?uri ?p WHERE { ?uri a <http://dbpedia.org/ontology/Bird> . { ?uri <http://dbpedia.org/ontology/conservationStatus> 'CR'^^<http://www.w3.org/2001/XMLSchema#string> . } UNION { ?uri <http://purl.org/dc/terms/subject> <http://dbpedia.org/resource/Category:Critically_endangered_animals> . } }"		"0.0"	"0.0"	"27.0"	"0.0"	"0.0"	"0.0"
"133"	"false"	"Wieviele Einwohner hat die größte Stadt in Kanada?"		"PREFIX dbo: <http://dbpedia.org/ontology/>
PREFIX res: <http://dbpedia.org/resource/>
SELECT DISTINCT ?num
WHERE {
        res:Canada dbo:largestCity ?city . 
        ?city dbo:populationTotal ?num .
}"		"0.0"	"0.0"	"1.0"	"0.0"	"0.0"	"0.0"
"134"	"false"	"An welchen militärischen Auseinandersetzungen war Lawrence von Arabien beteiligt?"		"PREFIX dbo: <http://dbpedia.org/ontology/> 
PREFIX res: <http://dbpedia.org/resource/> 
SELECT DISTINCT ?uri 
WHERE { 
        res:T._E._Lawrence dbo:battle ?uri . 
}"		"0.0"	"0.0"	"6.0"	"0.0"	"0.0"	"0.0"
"135"	"false"	"Welches Buch hat die meisten Seiten?"		"PREFIX dbo: <http://dbpedia.org/ontology/>
PREFIX rdf: <http://www.w3.org/1999/02/22-rdf-syntax-ns#> 
SELECT DISTINCT ?uri
WHERE { 
        ?uri rdf:type dbo:Book . 
        ?uri dbo:numberOfPages ?n .
}
ORDER BY DESC(?n)
OFFSET 0 LIMIT 1"		"0.0"	"0.0"	"1.0"	"0.0"	"0.0"	"0.0"
"136"	"false"	"In welchem Land entspringt der Nil?"		"PREFIX dbo: <http://dbpedia.org/ontology/>
PREFIX res: <http://dbpedia.org/resource/>
SELECT DISTINCT ?uri
WHERE {       
        res:Nile dbo:sourceCountry ?uri .
}"		"0.0"	"0.0"	"0.0"	"0.0"	"0.0"	"0.0"
"137"	"false"	"Wer ist der Formel-1-Fahrer mit den meisten Rennen?"		"SELECT DISTINCT ?uri WHERE {  ?uri <http://www.w3.org/1999/02/22-rdf-syntax-ns#type> <http://dbpedia.org/ontology/FormulaOneRacer> .  ?uri <http://dbpedia.org/ontology/races> ?x . } ORDER BY DESC(?x) OFFSET 0 LIMIT 1 "		"0.0"	"0.0"	"1.0"	"0.0"	"0.0"	"0.0"
"138"	"false"	"Welche Firmen stellen Hovercrafts her?"		"SELECT DISTINCT ?uri WHERE { ?uri a <http://dbpedia.org/ontology/Company> . ?uri <http://dbpedia.org/ontology/product> <http://dbpedia.org/resource/Hovercraft> . }"		"0.0"	"0.0"	"6.0"	"0.0"	"0.0"	"0.0"
"139"	"false"	"Hatte Elvis Presley Kinder?"		"ASK WHERE { <http://dbpedia.org/resource/Elvis_Presley> <http://dbpedia.org/ontology/child> ?uri . } "		"0.0"	"0.0"	"1.0"	"0.0"	"0.0"	"0.0"
"140"	"false"	"In welcher Stadt ist der Präsident von Montenegro geboren?"		"SELECT DISTINCT ?uri WHERE { ?x <http://dbpedia.org/property/office> <http://dbpedia.org/resource/President_of_Montenegro> . ?x <http://dbpedia.org/ontology/birthPlace> ?uri . ?uri a <http://dbpedia.org/ontology/City> . } "		"0.0"	"0.0"	"0.0"	"0.0"	"0.0"	"0.0"
"141"	"false"	"In welchem Land ist Bill Gates geboren?"		"SELECT DISTINCT ?uri WHERE { <http://dbpedia.org/resource/Bill_Gates> <http://dbpedia.org/ontology/birthPlace> ?x . ?x <http://dbpedia.org/ontology/country> ?uri . }"		"0.0"	"0.0"	"1.0"	"0.0"	"0.0"	"0.0"
"142"	"false"	"In welcher Ländern wird Japanisch gesprochen?"		"SELECT DISTINCT ?uri WHERE { ?uri a <http://dbpedia.org/ontology/Country> . ?uri <http://dbpedia.org/ontology/language> <http://dbpedia.org/resource/Japanese_language> . } "		"0.0"	"0.0"	"11.0"	"0.0"	"0.0"	"0.0"
"143"	"false"	"Zeig mir das Buch, das Muhammad Ali geschrieben hat."		"PREFIX dbo: <http://dbpedia.org/ontology/> 
PREFIX res: <http://dbpedia.org/resource/> 
PREFIX rdf: <http://www.w3.org/1999/02/22-rdf-syntax-ns#> 
SELECT DISTINCT ?uri 
WHERE { 
         ?uri rdf:type dbo:Book . 
         ?uri dbo:author res:Muhammad_Ali . 
}"		"0.0"	"0.0"	"2.0"	"0.0"	"0.0"	"0.0"
"144"	"false"	"Ist Michelle Obama die Frau von Barack Obama?"		"PREFIX dbo: <http://dbpedia.org/ontology/>
PREFIX res: <http://dbpedia.org/resource/>
ASK 
WHERE {
	res:Barack_Obama dbo:spouse res:Michelle_Obama .
}"		"0.0"	"0.0"	"1.0"	"0.0"	"0.0"	"0.0"
"145"	"false"	"Was ist die Vorwahl von Berlin?"		"PREFIX dbo: <http://dbpedia.org/ontology/>
PREFIX res: <http://dbpedia.org/resource/>
SELECT DISTINCT ?string 
WHERE {
	res:Berlin dbo:areaCode ?string .
}"		"0.0"	"0.0"	"1.0"	"0.0"	"0.0"	"0.0"
"146"	"false"	"Gib mir alle Schauspieler, die in Last Action Hero mitgespielt haben."		"PREFIX dbo: <http://dbpedia.org/ontology/>
PREFIX res: <http://dbpedia.org/resource/>
SELECT DISTINCT ?uri
WHERE {
        res:Last_Action_Hero dbo:starring ?uri . 
}"		"0.0"	"0.0"	"10.0"	"0.0"	"0.0"	"0.0"
"147"	"false"	"Was sind die Spitznamen von San Francisco?"		"SELECT DISTINCT ?string WHERE {  <http://dbpedia.org/resource/San_Francisco> <http://dbpedia.org/property/nickname> ?string . } "		"0.0"	"0.0"	"1.0"	"0.0"	"0.0"	"0.0"
"148"	"false"	"Was war das erste Queen-Album?"		"SELECT DISTINCT ?uri WHERE { ?uri a <http://dbpedia.org/ontology/Album> . ?uri <http://dbpedia.org/ontology/artist> <http://dbpedia.org/resource/Queen_(band)> . ?uri <http://dbpedia.org/ontology/releaseDate> ?d . } ORDER BY ASC(?d) OFFSET 0 LIMIT 1"		"0.0"	"0.0"	"1.0"	"0.0"	"0.0"	"0.0"
"149"	"false"	"Durch welche Länder fließt der Yenisei?"		"PREFIX res: <http://dbpedia.org/resource/>
PREFIX dbp: <http://dbpedia.org/property/>
SELECT DISTINCT ?uri 
WHERE {
        res:Yenisei_River dbp:country ?uri .
}"		"0.0"	"0.0"	"0.0"	"0.0"	"0.0"	"0.0"
"150"	"false"	"Welche Fernsehserien hat Walt Disney entworfen?"		"PREFIX dbo: <http://dbpedia.org/ontology/>
PREFIX res: <http://dbpedia.org/resource/>
PREFIX rdf: <http://www.w3.org/1999/02/22-rdf-syntax-ns#>
SELECT DISTINCT ?uri
WHERE {
	?uri rdf:type dbo:TelevisionShow .
        ?uri dbo:creator res:Walt_Disney .
}"		"0.0"	"0.0"	"6.0"	"0.0"	"0.0"	"0.0"
"151"	"false"	"Welche Brücke hat die längste Spannweite?"		"PREFIX dbo: <http://dbpedia.org/ontology/>
PREFIX res: <http://dbpedia.org/resource/>
PREFIX rdf: <http://www.w3.org/1999/02/22-rdf-syntax-ns#>
SELECT DISTINCT ?uri 
WHERE {
        ?uri rdf:type dbo:Bridge .
        ?uri dbo:mainspan ?s . 
} 
ORDER BY DESC(?s) 
OFFSET 0 LIMIT 1"		"0.0"	"0.0"	"1.0"	"0.0"	"0.0"	"0.0"
"152"	"false"	"Aus welchem Land kommt Sitecore?"		"SELECT DISTINCT ?uri WHERE { <http://dbpedia.org/resource/Sitecore> <http://dbpedia.org/ontology/foundationPlace> ?uri . }"		"0.0"	"0.0"	"0.0"	"0.0"	"0.0"	"0.0"
"153"	"false"	"Wen hat Lance Bass geheiratet?"		"SELECT DISTINCT ?uri WHERE { ?uri <http://dbpedia.org/ontology/spouse> <http://dbpedia.org/resource/Lance_Bass> . } "		"0.0"	"0.0"	"0.0"	"0.0"	"0.0"	"0.0"
"154"	"false"	"Was ist die Hauptstadt von Kanada?"		"PREFIX dbo:  <http://dbpedia.org/ontology/>
PREFIX res:  <http://dbpedia.org/resource/>
SELECT DISTINCT ?uri 
WHERE {
        res:Canada dbo:capital ?uri .
}"		"0.0"	"0.0"	"1.0"	"0.0"	"0.0"	"0.0"
"155"	"false"	"Wer hat Vincent van Gogh inspiriert?"		"SELECT DISTINCT ?uri WHERE { ?uri <http://dbpedia.org/ontology/influenced> <http://dbpedia.org/resource/Vincent_van_Gogh> . }"		"0.0"	"0.0"	"0.0"	"0.0"	"0.0"	"0.0"
"156"	"false"	"In welcher Stadt ist John F. Kennedy gestorben?"		"PREFIX dbo: <http://dbpedia.org/ontology/>
PREFIX res: <http://dbpedia.org/resource/>
PREFIX rdf: <http://www.w3.org/1999/02/22-rdf-syntax-ns#>
SELECT DISTINCT ?uri
WHERE { 
        res:John_F._Kennedy dbo:deathPlace ?uri .
        ?uri rdf:type dbo:City .
}"		"0.0"	"0.0"	"1.0"	"0.0"	"0.0"	"0.0"
"157"	"false"	"War US-Präsident Jackson in einen Krieg verwickelt?"		"PREFIX dbo: <http://dbpedia.org/ontology/>
PREFIX res: <http://dbpedia.org/resource/>
ASK 
WHERE {
	res:Andrew_Jackson dbo:battle ?battle .    
}"		"0.0"	"0.0"	"1.0"	"0.0"	"0.0"	"0.0"
"158"	"false"	"Wer hat das Titellied für Games of Thrones geschrieben?"		"SELECT DISTINCT ?uri WHERE { <http://dbpedia.org/resource/Game_of_Thrones> <http://dbpedia.org/ontology/composer> ?uri. }"		"0.0"	"0.0"	"1.0"	"0.0"	"0.0"	"0.0"
"159"	"false"	"Wer hat die Brooklyn Bridge entworfen?"		"PREFIX res: <http://dbpedia.org/resource/>
PREFIX dbo: <http://dbpedia.org/ontology/>
SELECT DISTINCT ?uri 
WHERE {
        res:Brooklyn_Bridge dbo:architect ?uri .
}"		"0.0"	"0.0"	"1.0"	"0.0"	"0.0"	"0.0"
"160"	"false"	"Wann hat Boris Becker seine aktive Karriere beendet?"		"SELECT DISTINCT ?d WHERE { <http://dbpedia.org/resource/Boris_Becker> <http://dbpedia.org/ontology/activeYearsEndDate> ?d . } "		"0.0"	"0.0"	"1.0"	"0.0"	"0.0"	"0.0"
"161"	"false"	"Welche Traubenarten wachsen in Oregon?"		"SELECT DISTINCT ?uri WHERE { <http://dbpedia.org/resource/Oregon_wine> <http://dbpedia.org/ontology/growingGrape> ?uri . } "		"0.0"	"0.0"	"84.0"	"0.0"	"0.0"	"0.0"
"162"	"false"	"Wie groß ist Michael Jordan?"		"PREFIX dbo: <http://dbpedia.org/ontology/>
PREFIX res: <http://dbpedia.org/resource/>
SELECT DISTINCT ?num 
WHERE {
        res:Michael_Jordan dbo:height ?num .
}"		"0.0"	"0.0"	"1.0"	"0.0"	"0.0"	"0.0"
"163"	"false"	"Welcher Partei gehört die Bürgermeisterin von Paris an?"		"SELECT DISTINCT ?uri WHERE { <http://dbpedia.org/resource/Paris> <http://dbpedia.org/ontology/mayor> ?x . ?x <http://dbpedia.org/ontology/party> ?uri . }"		"0.0"	"0.0"	"1.0"	"0.0"	"0.0"	"0.0"
"164"	"false"	"Wer schrieb das Buch Die Säulen der Erde?"		"PREFIX dbo: <http://dbpedia.org/ontology/>
PREFIX res: <http://dbpedia.org/resource/>
SELECT DISTINCT ?uri 
WHERE {
        res:The_Pillars_of_the_Earth dbo:author ?uri .
}"		"0.0"	"0.0"	"1.0"	"0.0"	"0.0"	"0.0"
"165"	"false"	"Wer war der 16. Präsident der Vereinigten Staaten?"		"PREFIX dbo: <http://dbpedia.org/ontology/>
PREFIX rdf: <http://www.w3.org/1999/02/22-rdf-syntax-ns#>
SELECT DISTINCT ?uri
WHERE {
         ?uri dbo:office 'President of the United States' .
         ?uri dbo:orderInOffice '16th' .
}"		"0.0"	"0.0"	"0.0"	"0.0"	"0.0"	"0.0"
"166"	"false"	"Wie hoch ist der Mount Everest?"		"PREFIX dbo: <http://dbpedia.org/ontology/>
PREFIX res: <http://dbpedia.org/resource/>
SELECT DISTINCT ?num 
WHERE {
	res:Mount_Everest dbo:elevation ?num.
}"		"0.0"	"0.0"	"0.0"	"0.0"	"0.0"	"0.0"
"167"	"false"	"Wer war der Doktorvater von Albert Einstein?"		"SELECT DISTINCT ?uri WHERE { <http://dbpedia.org/resource/Albert_Einstein> <http://dbpedia.org/ontology/doctoralAdvisor> ?uri . }"		"0.0"	"0.0"	"1.0"	"0.0"	"0.0"	"0.0"
"168"	"false"	"In welcher Stadt wohnt Sylvester Stallone?"		"SELECT DISTINCT ?uri WHERE { ?uri a <http://dbpedia.org/ontology/City> . <http://dbpedia.org/resource/Sylvester_Stallone> <http://dbpedia.org/ontology/residence> ?uri . }"		"0.0"	"0.0"	"0.0"	"0.0"	"0.0"	"0.0"
"169"	"false"	"Was ist die Währung der Tschechischen Republik?"		"PREFIX dbo: <http://dbpedia.org/ontology/>
PREFIX res: <http://dbpedia.org/resource/>
SELECT DISTINCT ?uri
WHERE {
	res:Czech_Republic dbo:currency ?uri .
}"		"0.0"	"0.0"	"1.0"	"0.0"	"0.0"	"0.0"
"170"	"false"	"Hat Sokrates Aristoteles beeinflusst?"		"PREFIX dbo: <http://dbpedia.org/ontology/>
PREFIX res: <http://dbpedia.org/resource/>
ASK 
WHERE {
	res:Aristotle dbo:influencedBy res:Socrates .
}"		"0.0"	"0.0"	"1.0"	"0.0"	"0.0"	"0.0"
"171"	"false"	"In welcher Zeitzone liegt Salt Lake City?"		"PREFIX res: <http://dbpedia.org/resource/>
PREFIX dbp: <http://dbpedia.org/property/>
SELECT DISTINCT ?uri 
WHERE {
	res:Salt_Lake_City dbp:timezone ?uri . 
}"		"0.0"	"0.0"	"1.0"	"0.0"	"0.0"	"0.0"
"172"	"false"	"Wer ist der Sohn von Sonny und Cher?"		"SELECT DISTINCT ?uri WHERE { ?uri <http://dbpedia.org/ontology/parent> <http://dbpedia.org/resource/Cher> . ?uri <http://dbpedia.org/ontology/parent> <http://dbpedia.org/resource/Sonny_Bono> . }"		"0.0"	"0.0"	"1.0"	"0.0"	"0.0"	"0.0"
"173"	"false"	"In welcher Stadt ist das Hauptquartier der Vereinten Nationen?"		"SELECT DISTINCT ?uri WHERE { <http://dbpedia.org/resource/Headquarters_of_the_United_Nations> <http://dbpedia.org/ontology/location> ?uri . ?uri a <http://dbpedia.org/ontology/City> . } "		"0.0"	"0.0"	"1.0"	"0.0"	"0.0"	"0.0"
"174"	"false"	"Wer hat Penguin Books gegründet?"		"PREFIX dbo: <http://dbpedia.org/ontology/>
PREFIX res: <http://dbpedia.org/resource/>
PREFIX rdf: <http://www.w3.org/1999/02/22-rdf-syntax-ns#> 
SELECT DISTINCT ?uri
WHERE { 
        res:Penguin_Books dbo:founder ?uri .
}"		"0.0"	"0.0"	"1.0"	"0.0"	"0.0"	"0.0"
"175"	"false"	"Wann wurde Jack Wolfskin gegründet?"		"SELECT DISTINCT ?year WHERE {  <http://dbpedia.org/resource/Jack_Wolfskin> <http://dbpedia.org/ontology/foundingYear> ?year . } "		"0.0"	"0.0"	"1.0"	"0.0"	"0.0"	"0.0"
"176"	"false"	"Wer ist der Bürgermeister von Rotterdam?"		"PREFIX dbo: <http://dbpedia.org/ontology/>
PREFIX res: <http://dbpedia.org/resource/>
SELECT DISTINCT ?uri
WHERE {
        res:Rotterdam dbo:leaderName ?uri .
}"		"0.0"	"0.0"	"0.0"	"0.0"	"0.0"	"0.0"
"177"	"false"	"Gib mir alle Schwedischen Ozeanographen."		"PREFIX dbo: <http://dbpedia.org/ontology/>
PREFIX res: <http://dbpedia.org/resource/>
SELECT DISTINCT ?uri
WHERE {
        ?uri dbo:field res:Oceanography . 
        ?uri dbo:birthPlace res:Sweden .        
}"		"0.0"	"0.0"	"0.0"	"0.0"	"0.0"	"0.0"
"178"	"false"	"Zeig mir Hemmingways Autobiographie."		"SELECT DISTINCT ?uri WHERE { ?uri <http://dbpedia.org/ontology/author> <http://dbpedia.org/resource/Ernest_Hemingway> . ?uri <http://dbpedia.org/ontology/literaryGenre> <http://dbpedia.org/resource/Autobiography> . }"		"0.0"	"0.0"	"1.0"	"0.0"	"0.0"	"0.0"
"179"	"false"	"Wer sind die Eltern der Frau von Juan Carlos I?"		"PREFIX dbo: <http://dbpedia.org/ontology/> 
PREFIX res: <http://dbpedia.org/resource/> 
SELECT DISTINCT ?uri 
WHERE { 
        res:Juan_Carlos_I_of_Spain dbo:spouse ?x . 
        ?x dbo:parent ?uri . 
}"		"0.0"	"0.0"	"0.0"	"0.0"	"0.0"	"0.0"
"180"	"false"	"Hat Tesla den Nobelpreis für Physik gewonnen?"		"PREFIX dbo: <http://dbpedia.org/ontology/>
PREFIX res: <http://dbpedia.org/resource/>
ASK 
WHERE {
        res:Nikola_Tesla dbo:award res:Nobel_Prize_in_Physics .
}"		"0.0"	"0.0"	"1.0"	"0.0"	"0.0"	"0.0"
"181"	"false"	"Wer ist der größte Basketballspieler?"		"SELECT DISTINCT ?uri WHERE {  ?uri <http://www.w3.org/1999/02/22-rdf-syntax-ns#type> <http://dbpedia.org/ontology/BasketballPlayer> .  ?uri <http://dbpedia.org/ontology/height> ?num . } ORDER BY DESC(?num) OFFSET 0 LIMIT 1 "		"0.0"	"0.0"	"1.0"	"0.0"	"0.0"	"0.0"
"182"	"false"	"Welche Stadt hat die wenigsten Einwohner?"		"SELECT DISTINCT ?uri WHERE {  ?uri <http://www.w3.org/1999/02/22-rdf-syntax-ns#type> <http://dbpedia.org/ontology/City> .  ?uri <http://dbpedia.org/ontology/populationTotal> ?pop . } ORDER BY ASC(?pop) OFFSET 0 LIMIT 1 "		"0.0"	"0.0"	"1.0"	"0.0"	"0.0"	"0.0"
"183"	"false"	"Ist Proinsulin ein Protein?"		"PREFIX dbo: <http://dbpedia.org/ontology/>
PREFIX res: <http://dbpedia.org/resource/>
PREFIX rdf: <http://www.w3.org/1999/02/22-rdf-syntax-ns#>
ASK 
WHERE {
	res:Proinsulin rdf:type dbo:Protein .
}"		"0.0"	"0.0"	"1.0"	"0.0"	"0.0"	"0.0"
"184"	"false"	"Wer waren die Eltern von Königin Viktoria?"		"PREFIX dbo: <http://dbpedia.org/ontology/>
PREFIX res: <http://dbpedia.org/resource/>
SELECT DISTINCT ?uri
WHERE {
         res:Queen_Victoria dbo:parent ?uri .
}"		"0.0"	"0.0"	"2.0"	"0.0"	"0.0"	"0.0"
"185"	"false"	"Hatte Che Guevara Kinder?"		"PREFIX dbo: <http://dbpedia.org/ontology/>
PREFIX res: <http://dbpedia.org/resource/>
ASK
WHERE { 
        res:Che_Guevara dbo:child ?uri . 
}"		"0.0"	"0.0"	"1.0"	"0.0"	"0.0"	"0.0"
"186"	"false"	"Ist der Baikalsee größer als der Große Bärensee?"		"PREFIX res: <http://dbpedia.org/resource/>
PREFIX dbo: <http://dbpedia.org/ontology/> 
ASK
WHERE {  
        res:Lake_Baikal dbo:areaTotal ?a1 . 
        res:Great_Bear_Lake dbo:areaTotal ?a2 .
        FILTER (?a1 > ?a2)
}"		"0.0"	"0.0"	"1.0"	"0.0"	"0.0"	"0.0"
"187"	"false"	"Hat Kaurismäki jemals den Großen Preis der Jury in Cannes gewonnen?"		"ASK WHERE { <http://dbpedia.org/resource/Aki_Kaurismäki> <http://dbpedia.org/ontology/award> <http://dbpedia.org/resource/Grand_Prix_(Cannes_Film_Festival)> . }"		"0.0"	"0.0"	"1.0"	"0.0"	"0.0"	"0.0"
"188"	"false"	"Gib mir alle Bücher von William Goldman mit mehr als 300 Seiten."		"PREFIX dbo: <http://dbpedia.org/ontology/>
PREFIX res: <http://dbpedia.org/resource/>
PREFIX rdf: <http://www.w3.org/1999/02/22-rdf-syntax-ns#>
SELECT DISTINCT ?uri 
WHERE {
        ?uri rdf:type dbo:Book .
        ?uri dbo:author res:William_Goldman .
        ?uri dbo:numberOfPages ?x .
        FILTER (?x > 300)
}"		"0.0"	"0.0"	"10.0"	"0.0"	"0.0"	"0.0"
"189"	"false"	"Wo liegt Fort Knox?"		"SELECT DISTINCT ?uri WHERE {  <http://dbpedia.org/resource/Fort_Knox> <http://dbpedia.org/property/location> ?uri . }"		"0.0"	"0.0"	"1.0"	"0.0"	"0.0"	"0.0"
"190"	"false"	"In welchem US-Bundesstaat liegt Fort Knox?"		"PREFIX dbo: <http://dbpedia.org/ontology/>
PREFIX dbp: <http://dbpedia.org/property/>
PREFIX res: <http://dbpedia.org/resource/>
SELECT DISTINCT ?uri
WHERE {
	res:Fort_Knox dbp:location ?uri .
        ?uri dbo:country res:United_States .
}"		"0.0"	"0.0"	"1.0"	"0.0"	"0.0"	"0.0"
"191"	"false"	"Wo liegt Syngman Rhee begraben?"		"SELECT DISTINCT ?uri WHERE { <http://dbpedia.org/resource/Syngman_Rhee> <http://dbpedia.org/ontology/restingPlace> ?uri . } "		"0.0"	"0.0"	"3.0"	"0.0"	"0.0"	"0.0"
"192"	"false"	"In welcher Zeitzone liegt San Pedro de Atacama?"		"SELECT DISTINCT ?uri WHERE {  <http://dbpedia.org/resource/San_Pedro_de_Atacama> <http://dbpedia.org/ontology/timeZone> ?uri . } "		"0.0"	"0.0"	"1.0"	"0.0"	"0.0"	"0.0"
"193"	"false"	"Welcher Stilrichtung gehörte der Maler der Drei Tänzer an?"		"SELECT DISTINCT ?uri WHERE {  <http://dbpedia.org/resource/The_Three_Dancers> <http://dbpedia.org/ontology/author> ?person .  ?person <http://dbpedia.org/ontology/movement> ?uri . } "		"0.0"	"0.0"	"2.0"	"0.0"	"0.0"	"0.0"
"194"	"false"	"Welcher Wissenschaftler ist bekannt für das Manhattan-Projekt und den Friedensnobelpreis?"		"PREFIX res: <http://dbpedia.org/resource/>
PREFIX dbo: <http://dbpedia.org/ontology/> 
PREFIX rdf: <http://www.w3.org/1999/02/22-rdf-syntax-ns#>
SELECT DISTINCT ?uri
WHERE {
        ?uri dbo:knownFor res:Manhattan_Project .
        ?uri rdf:type dbo:Scientist .
        ?uri dbo:knownFor res:Nobel_Peace_Prize .
}"		"0.0"	"0.0"	"0.0"	"0.0"	"0.0"	"0.0"
"195"	"false"	"Zeig mir alle Bücher in Asimovs Foundation-Serie."		"SELECT DISTINCT ?uri WHERE { ?uri <http://dbpedia.org/ontology/series> <http://dbpedia.org/resource/Foundation_series> . } "		"0.0"	"0.0"	"12.0"	"0.0"	"0.0"	"0.0"
"196"	"false"	"Gib mir alle Städte in New Jersey, die mehr als 100000 Einwohner haben."		"PREFIX dbo: <http://dbpedia.org/ontology/>
PREFIX dbp: <http://dbpedia.org/property/>
PREFIX res: <http://dbpedia.org/resource/>
PREFIX rdf: <http://www.w3.org/1999/02/22-rdf-syntax-ns#>
SELECT DISTINCT ?uri 
WHERE {
	?uri rdf:type dbo:City .
        ?uri dbo:isPartOf res:New_Jersey .
        ?uri dbp:populationTotal ?inhabitants .
        FILTER (?inhabitants > 100000) .
}"		"0.0"	"0.0"	"0.0"	"0.0"	"0.0"	"0.0"
"197"	"false"	"Welches Museum in New York hat die meisten Besucher?"		"SELECT DISTINCT ?uri WHERE {  ?uri <http://www.w3.org/1999/02/22-rdf-syntax-ns#type> <http://dbpedia.org/ontology/Museum> .  ?uri <http://dbpedia.org/ontology/location> <http://dbpedia.org/resource/New_York_City> .  ?uri <http://dbpedia.org/ontology/numberOfVisitors> ?num . } ORDER BY DESC(?num) OFFSET 0 LIMIT 1 "		"0.0"	"0.0"	"1.0"	"0.0"	"0.0"	"0.0"
"198"	"false"	"Wie hoch ist der Yokohama Marine Tower?"		"PREFIX dbo: <http://dbpedia.org/ontology/>
PREFIX res: <http://dbpedia.org/resource/>
SELECT DISTINCT ?num
WHERE {
        res:Yokohama_Marine_Tower dbo:height ?num .
}"		"0.0"	"0.0"	"1.0"	"0.0"	"0.0"	"0.0"
"199"	"false"	"Hat die neue Battlestar-Galactica-Serie mehr Episoden als die alte?"		"PREFIX dbo: <http://dbpedia.org/ontology/>
PREFIX res: <http://dbpedia.org/resource/>
ASK 
WHERE {
	<http://dbpedia.org/resource/Battlestar_Galactica_%281978_TV_series%29> dbo:numberOfEpisodes ?x .
	<http://dbpedia.org/resource/Battlestar_Galactica_%282004_TV_series%29> dbo:numberOfEpisodes ?y .
	FILTER (?y > ?x)
}"		"0.0"	"0.0"	"1.0"	"0.0"	"0.0"	"0.0"
"200"	"false"	"Wer ist der jüngste Dartspieler?"		"PREFIX dbo: <http://dbpedia.org/ontology/>
PREFIX rdf: <http://www.w3.org/1999/02/22-rdf-syntax-ns#>
SELECT DISTINCT ?uri
WHERE {
        ?uri rdf:type dbo:DartsPlayer .
        ?uri dbo:birthDate ?date .
}
ORDER BY DESC(?date)
OFFSET 0 LIMIT 1"		"0.0"	"0.0"	"1.0"	"0.0"	"0.0"	"0.0"
"201"	"false"	"Wer hat das Videospiel World of Warcraft entwickelt?"		"PREFIX dbo: <http://dbpedia.org/ontology/>
PREFIX res: <http://dbpedia.org/resource/>
SELECT DISTINCT ?uri 
WHERE {
	res:World_of_Warcraft dbo:developer ?uri . 
}"		"0.0"	"0.0"	"1.0"	"0.0"	"0.0"	"0.0"
"202"	"false"	"Welcher Papst hat das Vatikanische Fernsehen gegründet?"		"PREFIX dbo: <http://dbpedia.org/ontology/> 
PREFIX res: <http://dbpedia.org/resource/> 
PREFIX rdf: <http://www.w3.org/1999/02/22-rdf-syntax-ns#> 
SELECT ?uri 
WHERE { 
         ?uri rdf:type dbo:Pope . 
         res:Vatican_Television_Center dbo:foundedBy ?uri .
}"		"0.0"	"0.0"	"0.0"	"0.0"	"0.0"	"0.0"
"203"	"false"	"Wer hat die Musik für Harold und Maude komponiert?"		"PREFIX res: <http://dbpedia.org/resource/>
PREFIX dbo: <http://dbpedia.org/ontology/>
SELECT DISTINCT ?uri 
WHERE {
	res:Harold_and_Maude dbo:musicComposer ?uri .
}"		"0.0"	"0.0"	"1.0"	"0.0"	"0.0"	"0.0"
"204"	"false"	"Gib mir alle Bandmitglieder von Prodigy."		"SELECT DISTINCT ?uri WHERE {  <http://dbpedia.org/resource/The_Prodigy> <http://dbpedia.org/ontology/bandMember> ?uri . } "		"0.0"	"0.0"	"2.0"	"0.0"	"0.0"	"0.0"
"205"	"false"	"Wer spielt alles in spanischen Filmen produziert von Benicio del Toro mit? "		"SELECT DISTINCT ?uri WHERE { ?film <http://www.w3.org/1999/02/22-rdf-syntax-ns#type> <http://dbpedia.org/ontology/Film> . ?film <http://dbpedia.org/ontology/country> <http://dbpedia.org/resource/Spain> . ?film <http://dbpedia.org/ontology/producer> <http://dbpedia.org/resource/Benicio_del_Toro> . ?film <http://dbpedia.org/ontology/starring> ?uri . ?uri <http://www.w3.org/1999/02/22-rdf-syntax-ns#type> <http://dbpedia.org/ontology/Person> . } "		"0.0"	"0.0"	"1.0"	"0.0"	"0.0"	"0.0"
"206"	"false"	"Welche Tochtergesellschaft von TUI Travel fliegt sowohl Glasgow als auch Dublin an?"		"SELECT DISTINCT ?uri WHERE { <http://dbpedia.org/resource/TUI_Travel> <http://dbpedia.org/ontology/subsidiary> ?uri .  ?uri <http://dbpedia.org/ontology/targetAirport> <http://dbpedia.org/resource/Glasgow_Airport> . ?uri <http://dbpedia.org/ontology/targetAirport> <http://dbpedia.org/resource/Dublin_Airport> . } "		"0.0"	"0.0"	"1.0"	"0.0"	"0.0"	"0.0"
"207"	"false"	"In welchem Land liegt Mekka?"		"PREFIX res: <http://dbpedia.org/resource/>
PREFIX dbo: <http://dbpedia.org/ontology/> 
SELECT DISTINCT ?uri 
WHERE {  
        res:Mecca dbo:country ?uri .
}"		"0.0"	"0.0"	"1.0"	"0.0"	"0.0"	"0.0"
"208"	"false"	"Wieviele Sprachen werden in Kolumbien gesprochen?"		"SELECT (COUNT(DISTINCT ?uri) as ?c) WHERE {  ?uri <http://www.w3.org/1999/02/22-rdf-syntax-ns#type> <http://dbpedia.org/ontology/Language> .  <http://dbpedia.org/resource/Colombia> <http://dbpedia.org/ontology/language> ?uri . } "		"0.0"	"0.0"	"1.0"	"0.0"	"0.0"	"0.0"
"209"	"false"	"Was ist das größte Stadion in Spanien?"		"SELECT DISTINCT ?uri WHERE { ?uri a <http://dbpedia.org/ontology/Stadium> . ?uri <http://dbpedia.org/ontology/location> <http://dbpedia.org/resource/Spain> . ?uri <http://dbpedia.org/ontology/seatingCapacity> ?n . } ORDER BY DESC(?n) OFFSET 0 LIMIT 1"		"0.0"	"0.0"	"1.0"	"0.0"	"0.0"	"0.0"
"210"	"false"	"Welche Profisurfer wurden auf den Philippinen geboren?"		"PREFIX dbo: <http://dbpedia.org/ontology/>
PREFIX res: <http://dbpedia.org/resource/>
SELECT DISTINCT ?uri
WHERE {
	?uri dbo:occupation res:Surfing .
	?uri dbo:birthPlace res:Philippines .
}"		"0.0"	"0.0"	"0.0"	"0.0"	"0.0"	"0.0"
"211"	"false"	"Was sind die fünf Stadtteile von New York?"		"SELECT DISTINCT ?uri WHERE { ?uri <http://dbpedia.org/ontology/governmentType> <http://dbpedia.org/resource/Borough_(New_York_City)> . }"		"0.0"	"0.0"	"0.0"	"0.0"	"0.0"	"0.0"
"212"	"false"	"Ist Cola ein Getränk?"		"PREFIX dbo: <http://dbpedia.org/ontology/>
PREFIX res: <http://dbpedia.org/resource/>
PREFIX rdf: <http://www.w3.org/1999/02/22-rdf-syntax-ns#>
ASK 
WHERE {
        res:Cola rdf:type dbo:Beverage .
}"		"0.0"	"0.0"	"1.0"	"0.0"	"0.0"	"0.0"
"213"	"false"	"Wann ist Prinzessin Diana gestorben?"		"SELECT DISTINCT ?d WHERE { <http://dbpedia.org/resource/Diana,_Princess_of_Wales> <http://dbpedia.org/ontology/deathDate> ?d . }"		"0.0"	"0.0"	"0.0"	"0.0"	"0.0"	"0.0"
"214"	"false"	"Wo in Frankreich wird Schaumwein hergestellt?"		"PREFIX res: <http://dbpedia.org/resource/>
PREFIX dbo: <http://dbpedia.org/ontology/> 
SELECT DISTINCT ?uri
WHERE {
        ?uri dbo:wineProduced res:Sparkling_wine .
        ?uri dbo:location res:France .
}"		"0.0"	"0.0"	"1.0"	"0.0"	"0.0"	"0.0"
""	""	""	""	""	""	"0.0"	"0.0"	"507.0"	"NaN"	"0.0"	"NaN"
