"id","question","sparql","answer_uri","answer_label","frame"
"0","Dove è nata Abraham Lincoln?","select  ?o    {    <http://dbpedia.org/resource/Abraham_Lincoln> <http://dbpedia.org/ontology/birthPlace>  ?o    }",,"","IPP"
"1","Dove è nata Aki Kaurismäki?","select  ?o    {    <http://dbpedia.org/resource/Aki_Kaurismäki> <http://dbpedia.org/ontology/birthPlace>  ?o    }",,"","IPP"
"2","Dove è nata Akira Kurosawa?","select  ?o    {    <http://dbpedia.org/resource/Akira_Kurosawa> <http://dbpedia.org/ontology/birthPlace>  ?o    }",,"","IPP"
"3","Dove è nata Albert Einstein?","select  ?o    {    <http://dbpedia.org/resource/Albert_Einstein> <http://dbpedia.org/ontology/birthPlace>  ?o    }",,"","IPP"
"4","Dove è nata Alec Guinness?","select  ?o    {    <http://dbpedia.org/resource/Alec_Guinness> <http://dbpedia.org/ontology/birthPlace>  ?o    }",,"","IPP"
"5","Dove è nata Andrew Jackson?","select  ?o    {    <http://dbpedia.org/resource/Andrew_Jackson> <http://dbpedia.org/ontology/birthPlace>  ?o    }",,"","IPP"
"6","Dove è nata Aristotele?","select  ?o    {    <http://dbpedia.org/resource/Aristotle> <http://dbpedia.org/ontology/birthPlace>  ?o    }",,"","IPP"
"7","Dove è nata Arnold Schwarzenegger?","select  ?o    {    <http://dbpedia.org/resource/Arnold_Schwarzenegger> <http://dbpedia.org/ontology/birthPlace>  ?o    }",,"","IPP"
"8","Dove è nata Barack Obama?","select  ?o    {    <http://dbpedia.org/resource/Barack_Obama> <http://dbpedia.org/ontology/birthPlace>  ?o    }",,"","IPP"
"9","Dove è nata Benicio del Toro?","select  ?o    {    <http://dbpedia.org/resource/Benicio_del_Toro> <http://dbpedia.org/ontology/birthPlace>  ?o    }",,"","IPP"
"10","Dove è nata Benjamin Franklin?","select  ?o    {    <http://dbpedia.org/resource/Benjamin_Franklin> <http://dbpedia.org/ontology/birthPlace>  ?o    }",,"","IPP"
"11","Dove è nata Bill Gates?","select  ?o    {    <http://dbpedia.org/resource/Bill_Gates> <http://dbpedia.org/ontology/birthPlace>  ?o    }",,"","IPP"
"12","Dove è nata Boris Becker?","select  ?o    {    <http://dbpedia.org/resource/Boris_Becker> <http://dbpedia.org/ontology/birthPlace>  ?o    }",,"","IPP"
"13","Dove è nata Che Guevara?","select  ?o    {    <http://dbpedia.org/resource/Che_Guevara> <http://dbpedia.org/ontology/birthPlace>  ?o    }",,"","IPP"
"14","Dove è nata Cher?","select  ?o    {    <http://dbpedia.org/resource/Cher> <http://dbpedia.org/ontology/birthPlace>  ?o    }",,"","IPP"
"15","Dove è nata Christian Bale?","select  ?o    {    <http://dbpedia.org/resource/Christian_Bale> <http://dbpedia.org/ontology/birthPlace>  ?o    }",,"","IPP"
"16","Dove è nata Claudia Schiffer?","select  ?o    {    <http://dbpedia.org/resource/Claudia_Schiffer> <http://dbpedia.org/ontology/birthPlace>  ?o    }",,"","IPP"
"17","Dove è nata Conte Dracula?","select  ?o    {    <http://dbpedia.org/resource/Count_Dracula> <http://dbpedia.org/ontology/birthPlace>  ?o    }",,"","IPP"
"18","Dove è nata Diana Spencer?","select  ?o    {    <http://dbpedia.org/resource/Diana,_Princess_of_Wales> <http://dbpedia.org/ontology/birthPlace>  ?o    }",,"","IPP"
"19","Dove è nata Douglas Hofstadter?","select  ?o    {    <http://dbpedia.org/resource/Douglas_Hofstadter> <http://dbpedia.org/ontology/birthPlace>  ?o    }",,"","IPP"
"20","Dove è nata Elisabetta II del Regno Unito?","select  ?o    {    <http://dbpedia.org/resource/Elizabeth_II> <http://dbpedia.org/ontology/birthPlace>  ?o    }",,"","IPP"
"21","Dove è nata Elvis Presley?","select  ?o    {    <http://dbpedia.org/resource/Elvis_Presley> <http://dbpedia.org/ontology/birthPlace>  ?o    }",,"","IPP"
"22","Dove è nata Ernest Hemingway?","select  ?o    {    <http://dbpedia.org/resource/Ernest_Hemingway> <http://dbpedia.org/ontology/birthPlace>  ?o    }",,"","IPP"
"23","Dove è nata Francis Ford Coppola?","select  ?o    {    <http://dbpedia.org/resource/Francis_Ford_Coppola> <http://dbpedia.org/ontology/birthPlace>  ?o    }",,"","IPP"
"24","Dove è nata Frank Herbert?","select  ?o    {    <http://dbpedia.org/resource/Frank_Herbert> <http://dbpedia.org/ontology/birthPlace>  ?o    }",,"","IPP"
"25","Dove è nata GIMP?","select  ?o    {    <http://dbpedia.org/resource/GIMP> <http://dbpedia.org/ontology/birthPlace>  ?o    }",,"","IPP"
"26","Dove è nata Guy Ritchie?","select  ?o    {    <http://dbpedia.org/resource/Guy_Ritchie> <http://dbpedia.org/ontology/birthPlace>  ?o    }",,"","IPP"
"27","Dove è nata Italia?","select  ?o    {    <http://dbpedia.org/resource/Italy> <http://dbpedia.org/ontology/birthPlace>  ?o    }",,"","IPP"
"28","Dove è nata Jack Kerouac?","select  ?o    {    <http://dbpedia.org/resource/Jack_Kerouac> <http://dbpedia.org/ontology/birthPlace>  ?o    }",,"","IPP"
"29","Dove è nata Jack Wolfskin?","select  ?o    {    <http://dbpedia.org/resource/Jack_Wolfskin> <http://dbpedia.org/ontology/birthPlace>  ?o    }",,"","IPP"
"30","Dove è nata Jacques Chirac?","select  ?o    {    <http://dbpedia.org/resource/Jacques_Chirac> <http://dbpedia.org/ontology/birthPlace>  ?o    }",,"","IPP"
"31","Dove è nata Jane Fonda?","select  ?o    {    <http://dbpedia.org/resource/Jane_Fonda> <http://dbpedia.org/ontology/birthPlace>  ?o    }",,"","IPP"
"32","Dove è nata Johann Sebastian Bach?","select  ?o    {    <http://dbpedia.org/resource/Johann_Sebastian_Bach> <http://dbpedia.org/ontology/birthPlace>  ?o    }",,"","IPP"
"33","Dove è nata Julia Roberts?","select  ?o    {    <http://dbpedia.org/resource/Julia_Roberts> <http://dbpedia.org/ontology/birthPlace>  ?o    }",,"","IPP"
"34","Dove è nata Lance Bass?","select  ?o    {    <http://dbpedia.org/resource/Lance_Bass> <http://dbpedia.org/ontology/birthPlace>  ?o    }",,"","IPP"
"35","Dove è nata Margaret Thatcher?","select  ?o    {    <http://dbpedia.org/resource/Margaret_Thatcher> <http://dbpedia.org/ontology/birthPlace>  ?o    }",,"","IPP"
"36","Dove è nata Meryl Streep?","select  ?o    {    <http://dbpedia.org/resource/Meryl_Streep> <http://dbpedia.org/ontology/birthPlace>  ?o    }",,"","IPP"
"37","Dove è nata Michael Jordan?","select  ?o    {    <http://dbpedia.org/resource/Michael_Jordan> <http://dbpedia.org/ontology/birthPlace>  ?o    }",,"","IPP"
"38","Dove è nata Michelle Obama?","select  ?o    {    <http://dbpedia.org/resource/Michelle_Obama> <http://dbpedia.org/ontology/birthPlace>  ?o    }",,"","IPP"
"39","Dove è nata Mickey Rourke?","select  ?o    {    <http://dbpedia.org/resource/Mickey_Rourke> <http://dbpedia.org/ontology/birthPlace>  ?o    }",,"","IPP"
"40","Dove è nata Muhammad Ali?","select  ?o    {    <http://dbpedia.org/resource/Muhammad_Ali> <http://dbpedia.org/ontology/birthPlace>  ?o    }",,"","IPP"
"41","Dove è nata Natalie Portman?","select  ?o    {    <http://dbpedia.org/resource/Natalie_Portman> <http://dbpedia.org/ontology/birthPlace>  ?o    }",,"","IPP"
"42","Dove è nata Neymar?","select  ?o    {    <http://dbpedia.org/resource/Neymar> <http://dbpedia.org/ontology/birthPlace>  ?o    }",,"","IPP"
"43","Dove è nata Nikola Tesla?","select  ?o    {    <http://dbpedia.org/resource/Nikola_Tesla> <http://dbpedia.org/ontology/birthPlace>  ?o    }",,"","IPP"
"44","Dove è nata Nikos Kazantzakis?","select  ?o    {    <http://dbpedia.org/resource/Nikos_Kazantzakis> <http://dbpedia.org/ontology/birthPlace>  ?o    }",,"","IPP"
"45","Dove è nata Oceanografia?","select  ?o    {    <http://dbpedia.org/resource/Oceanography> <http://dbpedia.org/ontology/birthPlace>  ?o    }",,"","IPP"
"46","Dove è nata William duca di Cambridge?","select  ?o    {    <http://dbpedia.org/resource/Prince_William,_Duke_of_Cambridge> <http://dbpedia.org/ontology/birthPlace>  ?o    }",,"","IPP"
"47","Dove è nata Vittoria del Regno Unito?","select  ?o    {    <http://dbpedia.org/resource/Queen_Victoria> <http://dbpedia.org/ontology/birthPlace>  ?o    }",,"","IPP"
"48","Dove è nata Rachel Stevens?","select  ?o    {    <http://dbpedia.org/resource/Rachel_Stevens> <http://dbpedia.org/ontology/birthPlace>  ?o    }",,"","IPP"
"49","Dove è nata Richard Gere?","select  ?o    {    <http://dbpedia.org/resource/Richard_Gere> <http://dbpedia.org/ontology/birthPlace>  ?o    }",,"","IPP"
"50","Dove è nata Rita Wilson?","select  ?o    {    <http://dbpedia.org/resource/Rita_Wilson> <http://dbpedia.org/ontology/birthPlace>  ?o    }",,"","IPP"
"51","Dove è nata Socrate?","select  ?o    {    <http://dbpedia.org/resource/Socrates> <http://dbpedia.org/ontology/birthPlace>  ?o    }",,"","IPP"
"52","Dove è nata Sonny Bono?","select  ?o    {    <http://dbpedia.org/resource/Sonny_Bono> <http://dbpedia.org/ontology/birthPlace>  ?o    }",,"","IPP"
"53","Dove è nata Stanley Kubrick?","select  ?o    {    <http://dbpedia.org/resource/Stanley_Kubrick> <http://dbpedia.org/ontology/birthPlace>  ?o    }",,"","IPP"
"54","Dove è nata Surf?","select  ?o    {    <http://dbpedia.org/resource/Surfing> <http://dbpedia.org/ontology/birthPlace>  ?o    }",,"","IPP"
"55","Dove è nata Sylvester Stallone?","select  ?o    {    <http://dbpedia.org/resource/Sylvester_Stallone> <http://dbpedia.org/ontology/birthPlace>  ?o    }",,"","IPP"
"56","Dove è nata Syngman Rhee?","select  ?o    {    <http://dbpedia.org/resource/Syngman_Rhee> <http://dbpedia.org/ontology/birthPlace>  ?o    }",,"","IPP"
"57","Dove è nata Tim Burton?","select  ?o    {    <http://dbpedia.org/resource/Tim_Burton> <http://dbpedia.org/ontology/birthPlace>  ?o    }",,"","IPP"
"58","Dove è nata Tom Hanks?","select  ?o    {    <http://dbpedia.org/resource/Tom_Hanks> <http://dbpedia.org/ontology/birthPlace>  ?o    }",,"","IPP"
"59","Dove è nata Governo federale degli Stati Uniti d'America?","select  ?o    {    <http://dbpedia.org/resource/United_States> <http://dbpedia.org/ontology/birthPlace>  ?o    }",,"","IPP"
"60","Dove è nata Vincent van Gogh?","select  ?o    {    <http://dbpedia.org/resource/Vincent_van_Gogh> <http://dbpedia.org/ontology/birthPlace>  ?o    }",,"","IPP"
"61","Dove è nata Walt Disney?","select  ?o    {    <http://dbpedia.org/resource/Walt_Disney> <http://dbpedia.org/ontology/birthPlace>  ?o    }",,"","IPP"
"62","Dove è nata William Goldman?","select  ?o    {    <http://dbpedia.org/resource/William_Goldman> <http://dbpedia.org/ontology/birthPlace>  ?o    }",,"","IPP"
"63","Dove è nata William Shatner?","select  ?o    {    <http://dbpedia.org/resource/William_Shatner> <http://dbpedia.org/ontology/birthPlace>  ?o    }",,"","IPP"
"65","Chi è nata in Provincia di Ankara?","select  ?s    {   ?s <http://dbpedia.org/ontology/birthPlace>  <http://dbpedia.org/resource/Ankara>    }",,"","IPP"
"66","Chi è nata in Australia?","select  ?s    {   ?s <http://dbpedia.org/ontology/birthPlace>  <http://dbpedia.org/resource/Australia>    }",,"","IPP"
"67","Chi è nata in Pechino?","select  ?s    {   ?s <http://dbpedia.org/ontology/birthPlace>  <http://dbpedia.org/resource/Beijing>    }",,"","IPP"
"68","Chi è nata in Berlino Est?","select  ?s    {   ?s <http://dbpedia.org/ontology/birthPlace>  <http://dbpedia.org/resource/Berlin>    }",,"","IPP"
"69","Chi è nata in Camerun?","select  ?s    {   ?s <http://dbpedia.org/ontology/birthPlace>  <http://dbpedia.org/resource/Cameroon>    }",,"","IPP"
"70","Chi è nata in Canada?","select  ?s    {   ?s <http://dbpedia.org/ontology/birthPlace>  <http://dbpedia.org/resource/Canada>    }",,"","IPP"
"71","Chi è nata in Cerere astronomia?","select  ?s    {   ?s <http://dbpedia.org/ontology/birthPlace>  <http://dbpedia.org/resource/Ceres_(dwarf_planet)>    }",,"","IPP"
"72","Chi è nata in China gruppo musicale?","select  ?s    {   ?s <http://dbpedia.org/ontology/birthPlace>  <http://dbpedia.org/resource/China>    }",,"","IPP"
"73","Chi è nata in Repubblica della Nuova Granada?","select  ?s    {   ?s <http://dbpedia.org/ontology/birthPlace>  <http://dbpedia.org/resource/Colombia>    }",,"","IPP"
"74","Chi è nata in Repubblica Ceca?","select  ?s    {   ?s <http://dbpedia.org/ontology/birthPlace>  <http://dbpedia.org/resource/Czech_Republic>    }",,"","IPP"
"75","Chi è nata in Eritrea?","select  ?s    {   ?s <http://dbpedia.org/ontology/birthPlace>  <http://dbpedia.org/resource/Eritrea>    }",,"","IPP"
"76","Chi è nata in Fort Knox?","select  ?s    {   ?s <http://dbpedia.org/ontology/birthPlace>  <http://dbpedia.org/resource/Fort_Knox>    }",,"","IPP"
"77","Chi è nata in Franca San Paolo?","select  ?s    {   ?s <http://dbpedia.org/ontology/birthPlace>  <http://dbpedia.org/resource/France>    }",,"","IPP"
"78","Chi è nata in Ganges?","select  ?s    {   ?s <http://dbpedia.org/ontology/birthPlace>  <http://dbpedia.org/resource/Ganges>    }",,"","IPP"
"79","Chi è nata in Grande Lago degli Orsi?","select  ?s    {   ?s <http://dbpedia.org/ontology/birthPlace>  <http://dbpedia.org/resource/Great_Bear_Lake>    }",,"","IPP"
"80","Chi è nata in India?","select  ?s    {   ?s <http://dbpedia.org/ontology/birthPlace>  <http://dbpedia.org/resource/India>    }",,"","IPP"
"81","Chi è nata in Isar?","select  ?s    {   ?s <http://dbpedia.org/ontology/birthPlace>  <http://dbpedia.org/resource/Isar>    }",,"","IPP"
"82","Chi è nata in Italia?","select  ?s    {   ?s <http://dbpedia.org/ontology/birthPlace>  <http://dbpedia.org/resource/Italy>    }",,"","IPP"
"83","Chi è nata in Lago Bajkal?","select  ?s    {   ?s <http://dbpedia.org/ontology/birthPlace>  <http://dbpedia.org/resource/Lake_Baikal>    }",,"","IPP"
"84","Chi è nata in La Mecca?","select  ?s    {   ?s <http://dbpedia.org/ontology/birthPlace>  <http://dbpedia.org/resource/Mecca>    }",,"","IPP"
"85","Chi è nata in Melbourne Florida?","select  ?s    {   ?s <http://dbpedia.org/ontology/birthPlace>  <http://dbpedia.org/resource/Melbourne,_Florida>    }",,"","IPP"
"86","Chi è nata in Dinastia Ming?","select  ?s    {   ?s <http://dbpedia.org/ontology/birthPlace>  <http://dbpedia.org/resource/Ming_dynasty>    }",,"","IPP"
"87","Chi è nata in Everest?","select  ?s    {   ?s <http://dbpedia.org/ontology/birthPlace>  <http://dbpedia.org/resource/Mount_Everest>    }",,"","IPP"
"88","Chi è nata in Regno dei Paesi Bassi?","select  ?s    {   ?s <http://dbpedia.org/ontology/birthPlace>  <http://dbpedia.org/resource/Netherlands>    }",,"","IPP"
"89","Chi è nata in Provincia del New Jersey?","select  ?s    {   ?s <http://dbpedia.org/ontology/birthPlace>  <http://dbpedia.org/resource/New_Jersey>    }",,"","IPP"
"90","Chi è nata in New York?","select  ?s    {   ?s <http://dbpedia.org/ontology/birthPlace>  <http://dbpedia.org/resource/New_York_City>    }",,"","IPP"
"91","Chi è nata in Nilo?","select  ?s    {   ?s <http://dbpedia.org/ontology/birthPlace>  <http://dbpedia.org/resource/Nile>    }",,"","IPP"
"92","Chi è nata in Palazzo di Westminster?","select  ?s    {   ?s <http://dbpedia.org/ontology/birthPlace>  <http://dbpedia.org/resource/Palace_of_Westminster>    }",,"","IPP"
"93","Chi è nata in Parigi?","select  ?s    {   ?s <http://dbpedia.org/ontology/birthPlace>  <http://dbpedia.org/resource/Paris>    }",,"","IPP"
"94","Chi è nata in Filippine?","select  ?s    {   ?s <http://dbpedia.org/ontology/birthPlace>  <http://dbpedia.org/resource/Philippines>    }",,"","IPP"
"95","Chi è nata in Polonia?","select  ?s    {   ?s <http://dbpedia.org/ontology/birthPlace>  <http://dbpedia.org/resource/Poland>    }",,"","IPP"
"96","Chi è nata in Rom Meclemburgo-Pomerania Anteriore?","select  ?s    {   ?s <http://dbpedia.org/ontology/birthPlace>  <http://dbpedia.org/resource/Rome>    }",,"","IPP"
"97","Chi è nata in Rotterdam?","select  ?s    {   ?s <http://dbpedia.org/ontology/birthPlace>  <http://dbpedia.org/resource/Rotterdam>    }",,"","IPP"
"98","Chi è nata in Russia?","select  ?s    {   ?s <http://dbpedia.org/ontology/birthPlace>  <http://dbpedia.org/resource/Russia>    }",,"","IPP"
"99","Chi è nata in Salt Lake City?","select  ?s    {   ?s <http://dbpedia.org/ontology/birthPlace>  <http://dbpedia.org/resource/Salt_Lake_City>    }",,"","IPP"
"100","Chi è nata in San Francisco?","select  ?s    {   ?s <http://dbpedia.org/ontology/birthPlace>  <http://dbpedia.org/resource/San_Francisco>    }",,"","IPP"
"101","Chi è nata in San Pedro de Atacama?","select  ?s    {   ?s <http://dbpedia.org/ontology/birthPlace>  <http://dbpedia.org/resource/San_Pedro_de_Atacama>    }",,"","IPP"
"102","Chi è nata in Repubblica Socialista di Slovenia?","select  ?s    {   ?s <http://dbpedia.org/ontology/birthPlace>  <http://dbpedia.org/resource/Slovenia>    }",,"","IPP"
"103","Chi è nata in Spagna?","select  ?s    {   ?s <http://dbpedia.org/ontology/birthPlace>  <http://dbpedia.org/resource/Spain>    }",,"","IPP"
"104","Chi è nata in Suriname?","select  ?s    {   ?s <http://dbpedia.org/ontology/birthPlace>  <http://dbpedia.org/resource/Suriname>    }",,"","IPP"
"105","Chi è nata in Riksdag?","select  ?s    {   ?s <http://dbpedia.org/ontology/birthPlace>  <http://dbpedia.org/resource/Sweden>    }",,"","IPP"
"106","Chi è nata in Tel Aviv?","select  ?s    {   ?s <http://dbpedia.org/ontology/birthPlace>  <http://dbpedia.org/resource/Tel_Aviv>    }",,"","IPP"
"107","Chi è nata in Turkmenistan?","select  ?s    {   ?s <http://dbpedia.org/ontology/birthPlace>  <http://dbpedia.org/resource/Turkmenistan>    }",,"","IPP"
"108","Chi è nata in Regno Unito di Gran Bretagna e Irlanda?","select  ?s    {   ?s <http://dbpedia.org/ontology/birthPlace>  <http://dbpedia.org/resource/United_Kingdom>    }",,"","IPP"
"109","Chi è nata in Governo federale degli Stati Uniti d'America?","select  ?s    {   ?s <http://dbpedia.org/ontology/birthPlace>  <http://dbpedia.org/resource/United_States>    }",,"","IPP"
"110","Chi è nata in Weser?","select  ?s    {   ?s <http://dbpedia.org/ontology/birthPlace>  <http://dbpedia.org/resource/Weser>    }",,"","IPP"
"112","Attraversa stati passa Ganges?","select  ?o    {    <http://dbpedia.org/resource/Ganges> <http://dbpedia.org/ontology/country>  ?o    }",,"","IPP"
"113","Attraversa stati passa il fiume Ganges?","select  ?o    {    <http://dbpedia.org/resource/Ganges> <http://dbpedia.org/ontology/country>  ?o    }",,"","IPP"
"114","Attraversa stati passava Ganges?","select  ?o    {    <http://dbpedia.org/resource/Ganges> <http://dbpedia.org/ontology/country>  ?o    }",,"","IPP"
"115","Attraversa stati passava il fiume Ganges?","select  ?o    {    <http://dbpedia.org/resource/Ganges> <http://dbpedia.org/ontology/country>  ?o    }",,"","IPP"
"116","Attraversa stati passa Isar?","select  ?o    {    <http://dbpedia.org/resource/Isar> <http://dbpedia.org/ontology/country>  ?o    }",,"","IPP"
"117","Attraversa stati passa il fiume Isar?","select  ?o    {    <http://dbpedia.org/resource/Isar> <http://dbpedia.org/ontology/country>  ?o    }",,"","IPP"
"118","Attraversa stati passava Isar?","select  ?o    {    <http://dbpedia.org/resource/Isar> <http://dbpedia.org/ontology/country>  ?o    }",,"","IPP"
"119","Attraversa stati passava il fiume Isar?","select  ?o    {    <http://dbpedia.org/resource/Isar> <http://dbpedia.org/ontology/country>  ?o    }",,"","IPP"
"120","Attraversa stati passa Nilo?","select  ?o    {    <http://dbpedia.org/resource/Nile> <http://dbpedia.org/ontology/country>  ?o    }",,"","IPP"
"121","Attraversa stati passa il fiume Nilo?","select  ?o    {    <http://dbpedia.org/resource/Nile> <http://dbpedia.org/ontology/country>  ?o    }",,"","IPP"
"122","Attraversa stati passava Nilo?","select  ?o    {    <http://dbpedia.org/resource/Nile> <http://dbpedia.org/ontology/country>  ?o    }",,"","IPP"
"123","Attraversa stati passava il fiume Nilo?","select  ?o    {    <http://dbpedia.org/resource/Nile> <http://dbpedia.org/ontology/country>  ?o    }",,"","IPP"
"124","Attraversa stati passa Weser?","select  ?o    {    <http://dbpedia.org/resource/Weser> <http://dbpedia.org/ontology/country>  ?o    }",,"","IPP"
"125","Attraversa stati passa il fiume Weser?","select  ?o    {    <http://dbpedia.org/resource/Weser> <http://dbpedia.org/ontology/country>  ?o    }",,"","IPP"
"126","Attraversa stati passava Weser?","select  ?o    {    <http://dbpedia.org/resource/Weser> <http://dbpedia.org/ontology/country>  ?o    }",,"","IPP"
"127","Attraversa stati passava il fiume Weser?","select  ?o    {    <http://dbpedia.org/resource/Weser> <http://dbpedia.org/ontology/country>  ?o    }",,"","IPP"
"129","Attraversa cosa passa Australia?","select  ?s    {   ?s <http://dbpedia.org/ontology/country>  <http://dbpedia.org/resource/Australia>    }",,"","IPP"
"130","Attraversa cosa passava Australia?","select  ?s    {   ?s <http://dbpedia.org/ontology/country>  <http://dbpedia.org/resource/Australia>    }",,"","IPP"
"131","Attraversa cosa passa Camerun?","select  ?s    {   ?s <http://dbpedia.org/ontology/country>  <http://dbpedia.org/resource/Cameroon>    }",,"","IPP"
"132","Attraversa cosa passava Camerun?","select  ?s    {   ?s <http://dbpedia.org/ontology/country>  <http://dbpedia.org/resource/Cameroon>    }",,"","IPP"
"133","Attraversa cosa passa Canada?","select  ?s    {   ?s <http://dbpedia.org/ontology/country>  <http://dbpedia.org/resource/Canada>    }",,"","IPP"
"134","Attraversa cosa passava Canada?","select  ?s    {   ?s <http://dbpedia.org/ontology/country>  <http://dbpedia.org/resource/Canada>    }",,"","IPP"
"135","Attraversa cosa passa China gruppo musicale?","select  ?s    {   ?s <http://dbpedia.org/ontology/country>  <http://dbpedia.org/resource/China>    }",,"","IPP"
"136","Attraversa cosa passava China gruppo musicale?","select  ?s    {   ?s <http://dbpedia.org/ontology/country>  <http://dbpedia.org/resource/China>    }",,"","IPP"
"137","Attraversa cosa passa Repubblica della Nuova Granada?","select  ?s    {   ?s <http://dbpedia.org/ontology/country>  <http://dbpedia.org/resource/Colombia>    }",,"","IPP"
"138","Attraversa cosa passava Repubblica della Nuova Granada?","select  ?s    {   ?s <http://dbpedia.org/ontology/country>  <http://dbpedia.org/resource/Colombia>    }",,"","IPP"
"139","Attraversa cosa passa Repubblica Ceca?","select  ?s    {   ?s <http://dbpedia.org/ontology/country>  <http://dbpedia.org/resource/Czech_Republic>    }",,"","IPP"
"140","Attraversa cosa passava Repubblica Ceca?","select  ?s    {   ?s <http://dbpedia.org/ontology/country>  <http://dbpedia.org/resource/Czech_Republic>    }",,"","IPP"
"141","Attraversa cosa passa Eritrea?","select  ?s    {   ?s <http://dbpedia.org/ontology/country>  <http://dbpedia.org/resource/Eritrea>    }",,"","IPP"
"142","Attraversa cosa passava Eritrea?","select  ?s    {   ?s <http://dbpedia.org/ontology/country>  <http://dbpedia.org/resource/Eritrea>    }",,"","IPP"
"143","Attraversa cosa passa Franca San Paolo?","select  ?s    {   ?s <http://dbpedia.org/ontology/country>  <http://dbpedia.org/resource/France>    }",,"","IPP"
"144","Attraversa cosa passava Franca San Paolo?","select  ?s    {   ?s <http://dbpedia.org/ontology/country>  <http://dbpedia.org/resource/France>    }",,"","IPP"
"145","Attraversa cosa passa Polinesia francese?","select  ?s    {   ?s <http://dbpedia.org/ontology/country>  <http://dbpedia.org/resource/French_Polynesia>    }",,"","IPP"
"146","Attraversa cosa passava Polinesia francese?","select  ?s    {   ?s <http://dbpedia.org/ontology/country>  <http://dbpedia.org/resource/French_Polynesia>    }",,"","IPP"
"147","Attraversa cosa passa India?","select  ?s    {   ?s <http://dbpedia.org/ontology/country>  <http://dbpedia.org/resource/India>    }",,"","IPP"
"148","Attraversa cosa passava India?","select  ?s    {   ?s <http://dbpedia.org/ontology/country>  <http://dbpedia.org/resource/India>    }",,"","IPP"
"149","Attraversa cosa passa Italia?","select  ?s    {   ?s <http://dbpedia.org/ontology/country>  <http://dbpedia.org/resource/Italy>    }",,"","IPP"
"150","Attraversa cosa passava Italia?","select  ?s    {   ?s <http://dbpedia.org/ontology/country>  <http://dbpedia.org/resource/Italy>    }",,"","IPP"
"151","Attraversa cosa passa Dinastia Ming?","select  ?s    {   ?s <http://dbpedia.org/ontology/country>  <http://dbpedia.org/resource/Ming_dynasty>    }",,"","IPP"
"152","Attraversa cosa passava Dinastia Ming?","select  ?s    {   ?s <http://dbpedia.org/ontology/country>  <http://dbpedia.org/resource/Ming_dynasty>    }",,"","IPP"
"153","Attraversa cosa passa Regno dei Paesi Bassi?","select  ?s    {   ?s <http://dbpedia.org/ontology/country>  <http://dbpedia.org/resource/Netherlands>    }",,"","IPP"
"154","Attraversa cosa passava Regno dei Paesi Bassi?","select  ?s    {   ?s <http://dbpedia.org/ontology/country>  <http://dbpedia.org/resource/Netherlands>    }",,"","IPP"
"155","Attraversa cosa passa Filippine?","select  ?s    {   ?s <http://dbpedia.org/ontology/country>  <http://dbpedia.org/resource/Philippines>    }",,"","IPP"
"156","Attraversa cosa passava Filippine?","select  ?s    {   ?s <http://dbpedia.org/ontology/country>  <http://dbpedia.org/resource/Philippines>    }",,"","IPP"
"157","Attraversa cosa passa Polonia?","select  ?s    {   ?s <http://dbpedia.org/ontology/country>  <http://dbpedia.org/resource/Poland>    }",,"","IPP"
"158","Attraversa cosa passava Polonia?","select  ?s    {   ?s <http://dbpedia.org/ontology/country>  <http://dbpedia.org/resource/Poland>    }",,"","IPP"
"159","Attraversa cosa passa Rom Meclemburgo-Pomerania Anteriore?","select  ?s    {   ?s <http://dbpedia.org/ontology/country>  <http://dbpedia.org/resource/Rome>    }",,"","IPP"
"160","Attraversa cosa passava Rom Meclemburgo-Pomerania Anteriore?","select  ?s    {   ?s <http://dbpedia.org/ontology/country>  <http://dbpedia.org/resource/Rome>    }",,"","IPP"
"161","Attraversa cosa passa Russia?","select  ?s    {   ?s <http://dbpedia.org/ontology/country>  <http://dbpedia.org/resource/Russia>    }",,"","IPP"
"162","Attraversa cosa passava Russia?","select  ?s    {   ?s <http://dbpedia.org/ontology/country>  <http://dbpedia.org/resource/Russia>    }",,"","IPP"
"163","Attraversa cosa passa Repubblica Socialista di Slovenia?","select  ?s    {   ?s <http://dbpedia.org/ontology/country>  <http://dbpedia.org/resource/Slovenia>    }",,"","IPP"
"164","Attraversa cosa passava Repubblica Socialista di Slovenia?","select  ?s    {   ?s <http://dbpedia.org/ontology/country>  <http://dbpedia.org/resource/Slovenia>    }",,"","IPP"
"165","Attraversa cosa passa Spagna?","select  ?s    {   ?s <http://dbpedia.org/ontology/country>  <http://dbpedia.org/resource/Spain>    }",,"","IPP"
"166","Attraversa cosa passava Spagna?","select  ?s    {   ?s <http://dbpedia.org/ontology/country>  <http://dbpedia.org/resource/Spain>    }",,"","IPP"
"167","Attraversa cosa passa Suriname?","select  ?s    {   ?s <http://dbpedia.org/ontology/country>  <http://dbpedia.org/resource/Suriname>    }",,"","IPP"
"168","Attraversa cosa passava Suriname?","select  ?s    {   ?s <http://dbpedia.org/ontology/country>  <http://dbpedia.org/resource/Suriname>    }",,"","IPP"
"169","Attraversa cosa passa Riksdag?","select  ?s    {   ?s <http://dbpedia.org/ontology/country>  <http://dbpedia.org/resource/Sweden>    }",,"","IPP"
"170","Attraversa cosa passava Riksdag?","select  ?s    {   ?s <http://dbpedia.org/ontology/country>  <http://dbpedia.org/resource/Sweden>    }",,"","IPP"
"171","Attraversa cosa passa Turkmenistan?","select  ?s    {   ?s <http://dbpedia.org/ontology/country>  <http://dbpedia.org/resource/Turkmenistan>    }",,"","IPP"
"172","Attraversa cosa passava Turkmenistan?","select  ?s    {   ?s <http://dbpedia.org/ontology/country>  <http://dbpedia.org/resource/Turkmenistan>    }",,"","IPP"
"173","Attraversa cosa passa Regno Unito di Gran Bretagna e Irlanda?","select  ?s    {   ?s <http://dbpedia.org/ontology/country>  <http://dbpedia.org/resource/United_Kingdom>    }",,"","IPP"
"174","Attraversa cosa passava Regno Unito di Gran Bretagna e Irlanda?","select  ?s    {   ?s <http://dbpedia.org/ontology/country>  <http://dbpedia.org/resource/United_Kingdom>    }",,"","IPP"
"175","Attraversa cosa passa Governo federale degli Stati Uniti d'America?","select  ?s    {   ?s <http://dbpedia.org/ontology/country>  <http://dbpedia.org/resource/United_States>    }",,"","IPP"
"176","Attraversa cosa passava Governo federale degli Stati Uniti d'America?","select  ?s    {   ?s <http://dbpedia.org/ontology/country>  <http://dbpedia.org/resource/United_States>    }",,"","IPP"
"180","Quando è morta Abraham Lincoln?","select  ?o    {    <http://dbpedia.org/resource/Abraham_Lincoln> <http://dbpedia.org/ontology/deathDate>  ?o    }",,"","IPP"
"181","Quando è morta Aki Kaurismäki?","select  ?o    {    <http://dbpedia.org/resource/Aki_Kaurismäki> <http://dbpedia.org/ontology/deathDate>  ?o    }",,"","IPP"
"182","Quando è morta Akira Kurosawa?","select  ?o    {    <http://dbpedia.org/resource/Akira_Kurosawa> <http://dbpedia.org/ontology/deathDate>  ?o    }",,"","IPP"
"183","Quando è morta Albert Einstein?","select  ?o    {    <http://dbpedia.org/resource/Albert_Einstein> <http://dbpedia.org/ontology/deathDate>  ?o    }",,"","IPP"
"184","Quando è morta Alec Guinness?","select  ?o    {    <http://dbpedia.org/resource/Alec_Guinness> <http://dbpedia.org/ontology/deathDate>  ?o    }",,"","IPP"
"185","Quando è morta Andrew Jackson?","select  ?o    {    <http://dbpedia.org/resource/Andrew_Jackson> <http://dbpedia.org/ontology/deathDate>  ?o    }",,"","IPP"
"186","Quando è morta Aristotele?","select  ?o    {    <http://dbpedia.org/resource/Aristotle> <http://dbpedia.org/ontology/deathDate>  ?o    }",,"","IPP"
"187","Quando è morta Arnold Schwarzenegger?","select  ?o    {    <http://dbpedia.org/resource/Arnold_Schwarzenegger> <http://dbpedia.org/ontology/deathDate>  ?o    }",,"","IPP"
"188","Quando è morta Barack Obama?","select  ?o    {    <http://dbpedia.org/resource/Barack_Obama> <http://dbpedia.org/ontology/deathDate>  ?o    }",,"","IPP"
"189","Quando è morta Benicio del Toro?","select  ?o    {    <http://dbpedia.org/resource/Benicio_del_Toro> <http://dbpedia.org/ontology/deathDate>  ?o    }",,"","IPP"
"190","Quando è morta Benjamin Franklin?","select  ?o    {    <http://dbpedia.org/resource/Benjamin_Franklin> <http://dbpedia.org/ontology/deathDate>  ?o    }",,"","IPP"
"191","Quando è morta Bill Gates?","select  ?o    {    <http://dbpedia.org/resource/Bill_Gates> <http://dbpedia.org/ontology/deathDate>  ?o    }",,"","IPP"
"192","Quando è morta Boris Becker?","select  ?o    {    <http://dbpedia.org/resource/Boris_Becker> <http://dbpedia.org/ontology/deathDate>  ?o    }",,"","IPP"
"193","Quando è morta Che Guevara?","select  ?o    {    <http://dbpedia.org/resource/Che_Guevara> <http://dbpedia.org/ontology/deathDate>  ?o    }",,"","IPP"
"194","Quando è morta Cher?","select  ?o    {    <http://dbpedia.org/resource/Cher> <http://dbpedia.org/ontology/deathDate>  ?o    }",,"","IPP"
"195","Quando è morta Christian Bale?","select  ?o    {    <http://dbpedia.org/resource/Christian_Bale> <http://dbpedia.org/ontology/deathDate>  ?o    }",,"","IPP"
"196","Quando è morta Claudia Schiffer?","select  ?o    {    <http://dbpedia.org/resource/Claudia_Schiffer> <http://dbpedia.org/ontology/deathDate>  ?o    }",,"","IPP"
"197","Quando è morta Conte Dracula?","select  ?o    {    <http://dbpedia.org/resource/Count_Dracula> <http://dbpedia.org/ontology/deathDate>  ?o    }",,"","IPP"
"198","Quando è morta Diana Spencer?","select  ?o    {    <http://dbpedia.org/resource/Diana,_Princess_of_Wales> <http://dbpedia.org/ontology/deathDate>  ?o    }",,"","IPP"
"199","Quando è morta Douglas Hofstadter?","select  ?o    {    <http://dbpedia.org/resource/Douglas_Hofstadter> <http://dbpedia.org/ontology/deathDate>  ?o    }",,"","IPP"
"200","Quando è morta Elisabetta II del Regno Unito?","select  ?o    {    <http://dbpedia.org/resource/Elizabeth_II> <http://dbpedia.org/ontology/deathDate>  ?o    }",,"","IPP"
"201","Quando è morta Elvis Presley?","select  ?o    {    <http://dbpedia.org/resource/Elvis_Presley> <http://dbpedia.org/ontology/deathDate>  ?o    }",,"","IPP"
"202","Quando è morta Ernest Hemingway?","select  ?o    {    <http://dbpedia.org/resource/Ernest_Hemingway> <http://dbpedia.org/ontology/deathDate>  ?o    }",,"","IPP"
"203","Quando è morta Francis Ford Coppola?","select  ?o    {    <http://dbpedia.org/resource/Francis_Ford_Coppola> <http://dbpedia.org/ontology/deathDate>  ?o    }",,"","IPP"
"204","Quando è morta Frank Herbert?","select  ?o    {    <http://dbpedia.org/resource/Frank_Herbert> <http://dbpedia.org/ontology/deathDate>  ?o    }",,"","IPP"
"205","Quando è morta GIMP?","select  ?o    {    <http://dbpedia.org/resource/GIMP> <http://dbpedia.org/ontology/deathDate>  ?o    }",,"","IPP"
"206","Quando è morta Guy Ritchie?","select  ?o    {    <http://dbpedia.org/resource/Guy_Ritchie> <http://dbpedia.org/ontology/deathDate>  ?o    }",,"","IPP"
"207","Quando è morta Italia?","select  ?o    {    <http://dbpedia.org/resource/Italy> <http://dbpedia.org/ontology/deathDate>  ?o    }",,"","IPP"
"208","Quando è morta Jack Kerouac?","select  ?o    {    <http://dbpedia.org/resource/Jack_Kerouac> <http://dbpedia.org/ontology/deathDate>  ?o    }",,"","IPP"
"209","Quando è morta Jack Wolfskin?","select  ?o    {    <http://dbpedia.org/resource/Jack_Wolfskin> <http://dbpedia.org/ontology/deathDate>  ?o    }",,"","IPP"
"210","Quando è morta Jacques Chirac?","select  ?o    {    <http://dbpedia.org/resource/Jacques_Chirac> <http://dbpedia.org/ontology/deathDate>  ?o    }",,"","IPP"
"211","Quando è morta Jane Fonda?","select  ?o    {    <http://dbpedia.org/resource/Jane_Fonda> <http://dbpedia.org/ontology/deathDate>  ?o    }",,"","IPP"
"212","Quando è morta Johann Sebastian Bach?","select  ?o    {    <http://dbpedia.org/resource/Johann_Sebastian_Bach> <http://dbpedia.org/ontology/deathDate>  ?o    }",,"","IPP"
"213","Quando è morta Julia Roberts?","select  ?o    {    <http://dbpedia.org/resource/Julia_Roberts> <http://dbpedia.org/ontology/deathDate>  ?o    }",,"","IPP"
"214","Quando è morta Lance Bass?","select  ?o    {    <http://dbpedia.org/resource/Lance_Bass> <http://dbpedia.org/ontology/deathDate>  ?o    }",,"","IPP"
"215","Quando è morta Margaret Thatcher?","select  ?o    {    <http://dbpedia.org/resource/Margaret_Thatcher> <http://dbpedia.org/ontology/deathDate>  ?o    }",,"","IPP"
"216","Quando è morta Meryl Streep?","select  ?o    {    <http://dbpedia.org/resource/Meryl_Streep> <http://dbpedia.org/ontology/deathDate>  ?o    }",,"","IPP"
"217","Quando è morta Michael Jordan?","select  ?o    {    <http://dbpedia.org/resource/Michael_Jordan> <http://dbpedia.org/ontology/deathDate>  ?o    }",,"","IPP"
"218","Quando è morta Michelle Obama?","select  ?o    {    <http://dbpedia.org/resource/Michelle_Obama> <http://dbpedia.org/ontology/deathDate>  ?o    }",,"","IPP"
"219","Quando è morta Mickey Rourke?","select  ?o    {    <http://dbpedia.org/resource/Mickey_Rourke> <http://dbpedia.org/ontology/deathDate>  ?o    }",,"","IPP"
"220","Quando è morta Muhammad Ali?","select  ?o    {    <http://dbpedia.org/resource/Muhammad_Ali> <http://dbpedia.org/ontology/deathDate>  ?o    }",,"","IPP"
"221","Quando è morta Natalie Portman?","select  ?o    {    <http://dbpedia.org/resource/Natalie_Portman> <http://dbpedia.org/ontology/deathDate>  ?o    }",,"","IPP"
"222","Quando è morta Neymar?","select  ?o    {    <http://dbpedia.org/resource/Neymar> <http://dbpedia.org/ontology/deathDate>  ?o    }",,"","IPP"
"223","Quando è morta Nikola Tesla?","select  ?o    {    <http://dbpedia.org/resource/Nikola_Tesla> <http://dbpedia.org/ontology/deathDate>  ?o    }",,"","IPP"
"224","Quando è morta Nikos Kazantzakis?","select  ?o    {    <http://dbpedia.org/resource/Nikos_Kazantzakis> <http://dbpedia.org/ontology/deathDate>  ?o    }",,"","IPP"
"225","Quando è morta Oceanografia?","select  ?o    {    <http://dbpedia.org/resource/Oceanography> <http://dbpedia.org/ontology/deathDate>  ?o    }",,"","IPP"
"226","Quando è morta William duca di Cambridge?","select  ?o    {    <http://dbpedia.org/resource/Prince_William,_Duke_of_Cambridge> <http://dbpedia.org/ontology/deathDate>  ?o    }",,"","IPP"
"227","Quando è morta Vittoria del Regno Unito?","select  ?o    {    <http://dbpedia.org/resource/Queen_Victoria> <http://dbpedia.org/ontology/deathDate>  ?o    }",,"","IPP"
"228","Quando è morta Rachel Stevens?","select  ?o    {    <http://dbpedia.org/resource/Rachel_Stevens> <http://dbpedia.org/ontology/deathDate>  ?o    }",,"","IPP"
"229","Quando è morta Richard Gere?","select  ?o    {    <http://dbpedia.org/resource/Richard_Gere> <http://dbpedia.org/ontology/deathDate>  ?o    }",,"","IPP"
"230","Quando è morta Rita Wilson?","select  ?o    {    <http://dbpedia.org/resource/Rita_Wilson> <http://dbpedia.org/ontology/deathDate>  ?o    }",,"","IPP"
"231","Quando è morta Socrate?","select  ?o    {    <http://dbpedia.org/resource/Socrates> <http://dbpedia.org/ontology/deathDate>  ?o    }",,"","IPP"
"232","Quando è morta Sonny Bono?","select  ?o    {    <http://dbpedia.org/resource/Sonny_Bono> <http://dbpedia.org/ontology/deathDate>  ?o    }",,"","IPP"
"233","Quando è morta Stanley Kubrick?","select  ?o    {    <http://dbpedia.org/resource/Stanley_Kubrick> <http://dbpedia.org/ontology/deathDate>  ?o    }",,"","IPP"
"234","Quando è morta Surf?","select  ?o    {    <http://dbpedia.org/resource/Surfing> <http://dbpedia.org/ontology/deathDate>  ?o    }",,"","IPP"
"235","Quando è morta Sylvester Stallone?","select  ?o    {    <http://dbpedia.org/resource/Sylvester_Stallone> <http://dbpedia.org/ontology/deathDate>  ?o    }",,"","IPP"
"236","Quando è morta Syngman Rhee?","select  ?o    {    <http://dbpedia.org/resource/Syngman_Rhee> <http://dbpedia.org/ontology/deathDate>  ?o    }",,"","IPP"
"237","Quando è morta Tim Burton?","select  ?o    {    <http://dbpedia.org/resource/Tim_Burton> <http://dbpedia.org/ontology/deathDate>  ?o    }",,"","IPP"
"238","Quando è morta Tom Hanks?","select  ?o    {    <http://dbpedia.org/resource/Tom_Hanks> <http://dbpedia.org/ontology/deathDate>  ?o    }",,"","IPP"
"239","Quando è morta Governo federale degli Stati Uniti d'America?","select  ?o    {    <http://dbpedia.org/resource/United_States> <http://dbpedia.org/ontology/deathDate>  ?o    }",,"","IPP"
"240","Quando è morta Vincent van Gogh?","select  ?o    {    <http://dbpedia.org/resource/Vincent_van_Gogh> <http://dbpedia.org/ontology/deathDate>  ?o    }",,"","IPP"
"241","Quando è morta Walt Disney?","select  ?o    {    <http://dbpedia.org/resource/Walt_Disney> <http://dbpedia.org/ontology/deathDate>  ?o    }",,"","IPP"
"242","Quando è morta William Goldman?","select  ?o    {    <http://dbpedia.org/resource/William_Goldman> <http://dbpedia.org/ontology/deathDate>  ?o    }",,"","IPP"
"243","Quando è morta William Shatner?","select  ?o    {    <http://dbpedia.org/resource/William_Shatner> <http://dbpedia.org/ontology/deathDate>  ?o    }",,"","IPP"
"246","Attraverso città scorre Ganges?","select  ?o    {    <http://dbpedia.org/resource/Ganges> <http://dbpedia.org/ontology/city>  ?o    }",,"","IPP"
"247","Attraverso città scorre il fiume Ganges?","select  ?o    {    <http://dbpedia.org/resource/Ganges> <http://dbpedia.org/ontology/city>  ?o    }",,"","IPP"
"248","Attraverso città scorreva Ganges?","select  ?o    {    <http://dbpedia.org/resource/Ganges> <http://dbpedia.org/ontology/city>  ?o    }",,"","IPP"
"249","Attraverso città scorreva il fiume Ganges?","select  ?o    {    <http://dbpedia.org/resource/Ganges> <http://dbpedia.org/ontology/city>  ?o    }",,"","IPP"
"250","Attraverso città scorre Isar?","select  ?o    {    <http://dbpedia.org/resource/Isar> <http://dbpedia.org/ontology/city>  ?o    }",,"","IPP"
"251","Attraverso città scorre il fiume Isar?","select  ?o    {    <http://dbpedia.org/resource/Isar> <http://dbpedia.org/ontology/city>  ?o    }",,"","IPP"
"252","Attraverso città scorreva Isar?","select  ?o    {    <http://dbpedia.org/resource/Isar> <http://dbpedia.org/ontology/city>  ?o    }",,"","IPP"
"253","Attraverso città scorreva il fiume Isar?","select  ?o    {    <http://dbpedia.org/resource/Isar> <http://dbpedia.org/ontology/city>  ?o    }",,"","IPP"
"254","Attraverso città scorre Nilo?","select  ?o    {    <http://dbpedia.org/resource/Nile> <http://dbpedia.org/ontology/city>  ?o    }",,"","IPP"
"255","Attraverso città scorre il fiume Nilo?","select  ?o    {    <http://dbpedia.org/resource/Nile> <http://dbpedia.org/ontology/city>  ?o    }",,"","IPP"
"256","Attraverso città scorreva Nilo?","select  ?o    {    <http://dbpedia.org/resource/Nile> <http://dbpedia.org/ontology/city>  ?o    }",,"","IPP"
"257","Attraverso città scorreva il fiume Nilo?","select  ?o    {    <http://dbpedia.org/resource/Nile> <http://dbpedia.org/ontology/city>  ?o    }",,"","IPP"
"258","Attraverso città scorre Weser?","select  ?o    {    <http://dbpedia.org/resource/Weser> <http://dbpedia.org/ontology/city>  ?o    }",,"","IPP"
"259","Attraverso città scorre il fiume Weser?","select  ?o    {    <http://dbpedia.org/resource/Weser> <http://dbpedia.org/ontology/city>  ?o    }",,"","IPP"
"260","Attraverso città scorreva Weser?","select  ?o    {    <http://dbpedia.org/resource/Weser> <http://dbpedia.org/ontology/city>  ?o    }",,"","IPP"
"261","Attraverso città scorreva il fiume Weser?","select  ?o    {    <http://dbpedia.org/resource/Weser> <http://dbpedia.org/ontology/city>  ?o    }",,"","IPP"
"263","Attraverso cosa scorre Provincia di Ankara?","select  ?s    {   ?s <http://dbpedia.org/ontology/city>  <http://dbpedia.org/resource/Ankara>    }",,"","IPP"
"264","Attraverso cosa scorreva Provincia di Ankara?","select  ?s    {   ?s <http://dbpedia.org/ontology/city>  <http://dbpedia.org/resource/Ankara>    }",,"","IPP"
"265","Attraverso cosa scorre Pechino?","select  ?s    {   ?s <http://dbpedia.org/ontology/city>  <http://dbpedia.org/resource/Beijing>    }",,"","IPP"
"266","Attraverso cosa scorreva Pechino?","select  ?s    {   ?s <http://dbpedia.org/ontology/city>  <http://dbpedia.org/resource/Beijing>    }",,"","IPP"
"267","Attraverso cosa scorre Berlino Est?","select  ?s    {   ?s <http://dbpedia.org/ontology/city>  <http://dbpedia.org/resource/Berlin>    }",,"","IPP"
"268","Attraverso cosa scorreva Berlino Est?","select  ?s    {   ?s <http://dbpedia.org/ontology/city>  <http://dbpedia.org/resource/Berlin>    }",,"","IPP"
"269","Attraverso cosa scorre La Mecca?","select  ?s    {   ?s <http://dbpedia.org/ontology/city>  <http://dbpedia.org/resource/Mecca>    }",,"","IPP"
"270","Attraverso cosa scorreva La Mecca?","select  ?s    {   ?s <http://dbpedia.org/ontology/city>  <http://dbpedia.org/resource/Mecca>    }",,"","IPP"
"271","Attraverso cosa scorre Melbourne Florida?","select  ?s    {   ?s <http://dbpedia.org/ontology/city>  <http://dbpedia.org/resource/Melbourne,_Florida>    }",,"","IPP"
"272","Attraverso cosa scorreva Melbourne Florida?","select  ?s    {   ?s <http://dbpedia.org/ontology/city>  <http://dbpedia.org/resource/Melbourne,_Florida>    }",,"","IPP"
"273","Attraverso cosa scorre New York?","select  ?s    {   ?s <http://dbpedia.org/ontology/city>  <http://dbpedia.org/resource/New_York_City>    }",,"","IPP"
"274","Attraverso cosa scorreva New York?","select  ?s    {   ?s <http://dbpedia.org/ontology/city>  <http://dbpedia.org/resource/New_York_City>    }",,"","IPP"
"275","Attraverso cosa scorre Parigi?","select  ?s    {   ?s <http://dbpedia.org/ontology/city>  <http://dbpedia.org/resource/Paris>    }",,"","IPP"
"276","Attraverso cosa scorreva Parigi?","select  ?s    {   ?s <http://dbpedia.org/ontology/city>  <http://dbpedia.org/resource/Paris>    }",,"","IPP"
"277","Attraverso cosa scorre Piccadilly?","select  ?s    {   ?s <http://dbpedia.org/ontology/city>  <http://dbpedia.org/resource/Piccadilly>    }",,"","IPP"
"278","Attraverso cosa scorreva Piccadilly?","select  ?s    {   ?s <http://dbpedia.org/ontology/city>  <http://dbpedia.org/resource/Piccadilly>    }",,"","IPP"
"279","Attraverso cosa scorre Rom Meclemburgo-Pomerania Anteriore?","select  ?s    {   ?s <http://dbpedia.org/ontology/city>  <http://dbpedia.org/resource/Rome>    }",,"","IPP"
"280","Attraverso cosa scorreva Rom Meclemburgo-Pomerania Anteriore?","select  ?s    {   ?s <http://dbpedia.org/ontology/city>  <http://dbpedia.org/resource/Rome>    }",,"","IPP"
"281","Attraverso cosa scorre Rotterdam?","select  ?s    {   ?s <http://dbpedia.org/ontology/city>  <http://dbpedia.org/resource/Rotterdam>    }",,"","IPP"
"282","Attraverso cosa scorreva Rotterdam?","select  ?s    {   ?s <http://dbpedia.org/ontology/city>  <http://dbpedia.org/resource/Rotterdam>    }",,"","IPP"
"283","Attraverso cosa scorre Salt Lake City?","select  ?s    {   ?s <http://dbpedia.org/ontology/city>  <http://dbpedia.org/resource/Salt_Lake_City>    }",,"","IPP"
"284","Attraverso cosa scorreva Salt Lake City?","select  ?s    {   ?s <http://dbpedia.org/ontology/city>  <http://dbpedia.org/resource/Salt_Lake_City>    }",,"","IPP"
"285","Attraverso cosa scorre San Francisco?","select  ?s    {   ?s <http://dbpedia.org/ontology/city>  <http://dbpedia.org/resource/San_Francisco>    }",,"","IPP"
"286","Attraverso cosa scorreva San Francisco?","select  ?s    {   ?s <http://dbpedia.org/ontology/city>  <http://dbpedia.org/resource/San_Francisco>    }",,"","IPP"
"287","Attraverso cosa scorre Tel Aviv?","select  ?s    {   ?s <http://dbpedia.org/ontology/city>  <http://dbpedia.org/resource/Tel_Aviv>    }",,"","IPP"
"288","Attraverso cosa scorreva Tel Aviv?","select  ?s    {   ?s <http://dbpedia.org/ontology/city>  <http://dbpedia.org/resource/Tel_Aviv>    }",,"","IPP"
"290","Quando è completato Hovercraft?","select  ?o    {    <http://dbpedia.org/resource/Hovercraft> <http://dbpedia.org/ontology/completionDate>  ?o    }",,"","IPP"
"291","Quando è stato completato Hovercraft?","select  ?o    {    <http://dbpedia.org/resource/Hovercraft> <http://dbpedia.org/ontology/completionDate>  ?o    }",,"","IPP"
"292","Quando è completato Titanic?","select  ?o    {    <http://dbpedia.org/resource/Titanic> <http://dbpedia.org/ontology/completionDate>  ?o    }",,"","IPP"
"293","Quando è stato completato Titanic?","select  ?o    {    <http://dbpedia.org/resource/Titanic> <http://dbpedia.org/ontology/completionDate>  ?o    }",,"","IPP"
"296","Dove è nato Abraham Lincoln?","select  ?o    {    <http://dbpedia.org/resource/Abraham_Lincoln> <http://dbpedia.org/ontology/birthPlace>  ?o    }",,"","IPP"
"297","Dove è nato Aki Kaurismäki?","select  ?o    {    <http://dbpedia.org/resource/Aki_Kaurismäki> <http://dbpedia.org/ontology/birthPlace>  ?o    }",,"","IPP"
"298","Dove è nato Akira Kurosawa?","select  ?o    {    <http://dbpedia.org/resource/Akira_Kurosawa> <http://dbpedia.org/ontology/birthPlace>  ?o    }",,"","IPP"
"299","Dove è nato Albert Einstein?","select  ?o    {    <http://dbpedia.org/resource/Albert_Einstein> <http://dbpedia.org/ontology/birthPlace>  ?o    }",,"","IPP"
"300","Dove è nato Alec Guinness?","select  ?o    {    <http://dbpedia.org/resource/Alec_Guinness> <http://dbpedia.org/ontology/birthPlace>  ?o    }",,"","IPP"
"301","Dove è nato Andrew Jackson?","select  ?o    {    <http://dbpedia.org/resource/Andrew_Jackson> <http://dbpedia.org/ontology/birthPlace>  ?o    }",,"","IPP"
"302","Dove è nato Aristotele?","select  ?o    {    <http://dbpedia.org/resource/Aristotle> <http://dbpedia.org/ontology/birthPlace>  ?o    }",,"","IPP"
"303","Dove è nato Arnold Schwarzenegger?","select  ?o    {    <http://dbpedia.org/resource/Arnold_Schwarzenegger> <http://dbpedia.org/ontology/birthPlace>  ?o    }",,"","IPP"
"304","Dove è nato Barack Obama?","select  ?o    {    <http://dbpedia.org/resource/Barack_Obama> <http://dbpedia.org/ontology/birthPlace>  ?o    }",,"","IPP"
"305","Dove è nato Benicio del Toro?","select  ?o    {    <http://dbpedia.org/resource/Benicio_del_Toro> <http://dbpedia.org/ontology/birthPlace>  ?o    }",,"","IPP"
"306","Dove è nato Benjamin Franklin?","select  ?o    {    <http://dbpedia.org/resource/Benjamin_Franklin> <http://dbpedia.org/ontology/birthPlace>  ?o    }",,"","IPP"
"307","Dove è nato Bill Gates?","select  ?o    {    <http://dbpedia.org/resource/Bill_Gates> <http://dbpedia.org/ontology/birthPlace>  ?o    }",,"","IPP"
"308","Dove è nato Boris Becker?","select  ?o    {    <http://dbpedia.org/resource/Boris_Becker> <http://dbpedia.org/ontology/birthPlace>  ?o    }",,"","IPP"
"309","Dove è nato Che Guevara?","select  ?o    {    <http://dbpedia.org/resource/Che_Guevara> <http://dbpedia.org/ontology/birthPlace>  ?o    }",,"","IPP"
"310","Dove è nato Cher?","select  ?o    {    <http://dbpedia.org/resource/Cher> <http://dbpedia.org/ontology/birthPlace>  ?o    }",,"","IPP"
"311","Dove è nato Christian Bale?","select  ?o    {    <http://dbpedia.org/resource/Christian_Bale> <http://dbpedia.org/ontology/birthPlace>  ?o    }",,"","IPP"
"312","Dove è nato Claudia Schiffer?","select  ?o    {    <http://dbpedia.org/resource/Claudia_Schiffer> <http://dbpedia.org/ontology/birthPlace>  ?o    }",,"","IPP"
"313","Dove è nato Conte Dracula?","select  ?o    {    <http://dbpedia.org/resource/Count_Dracula> <http://dbpedia.org/ontology/birthPlace>  ?o    }",,"","IPP"
"314","Dove è nato Diana Spencer?","select  ?o    {    <http://dbpedia.org/resource/Diana,_Princess_of_Wales> <http://dbpedia.org/ontology/birthPlace>  ?o    }",,"","IPP"
"315","Dove è nato Douglas Hofstadter?","select  ?o    {    <http://dbpedia.org/resource/Douglas_Hofstadter> <http://dbpedia.org/ontology/birthPlace>  ?o    }",,"","IPP"
"316","Dove è nato Elisabetta II del Regno Unito?","select  ?o    {    <http://dbpedia.org/resource/Elizabeth_II> <http://dbpedia.org/ontology/birthPlace>  ?o    }",,"","IPP"
"317","Dove è nato Elvis Presley?","select  ?o    {    <http://dbpedia.org/resource/Elvis_Presley> <http://dbpedia.org/ontology/birthPlace>  ?o    }",,"","IPP"
"318","Dove è nato Ernest Hemingway?","select  ?o    {    <http://dbpedia.org/resource/Ernest_Hemingway> <http://dbpedia.org/ontology/birthPlace>  ?o    }",,"","IPP"
"319","Dove è nato Francis Ford Coppola?","select  ?o    {    <http://dbpedia.org/resource/Francis_Ford_Coppola> <http://dbpedia.org/ontology/birthPlace>  ?o    }",,"","IPP"
"320","Dove è nato Frank Herbert?","select  ?o    {    <http://dbpedia.org/resource/Frank_Herbert> <http://dbpedia.org/ontology/birthPlace>  ?o    }",,"","IPP"
"321","Dove è nato GIMP?","select  ?o    {    <http://dbpedia.org/resource/GIMP> <http://dbpedia.org/ontology/birthPlace>  ?o    }",,"","IPP"
"322","Dove è nato Guy Ritchie?","select  ?o    {    <http://dbpedia.org/resource/Guy_Ritchie> <http://dbpedia.org/ontology/birthPlace>  ?o    }",,"","IPP"
"323","Dove è nato Italia?","select  ?o    {    <http://dbpedia.org/resource/Italy> <http://dbpedia.org/ontology/birthPlace>  ?o    }",,"","IPP"
"324","Dove è nato Jack Kerouac?","select  ?o    {    <http://dbpedia.org/resource/Jack_Kerouac> <http://dbpedia.org/ontology/birthPlace>  ?o    }",,"","IPP"
"325","Dove è nato Jack Wolfskin?","select  ?o    {    <http://dbpedia.org/resource/Jack_Wolfskin> <http://dbpedia.org/ontology/birthPlace>  ?o    }",,"","IPP"
"326","Dove è nato Jacques Chirac?","select  ?o    {    <http://dbpedia.org/resource/Jacques_Chirac> <http://dbpedia.org/ontology/birthPlace>  ?o    }",,"","IPP"
"327","Dove è nato Jane Fonda?","select  ?o    {    <http://dbpedia.org/resource/Jane_Fonda> <http://dbpedia.org/ontology/birthPlace>  ?o    }",,"","IPP"
"328","Dove è nato Johann Sebastian Bach?","select  ?o    {    <http://dbpedia.org/resource/Johann_Sebastian_Bach> <http://dbpedia.org/ontology/birthPlace>  ?o    }",,"","IPP"
"329","Dove è nato Julia Roberts?","select  ?o    {    <http://dbpedia.org/resource/Julia_Roberts> <http://dbpedia.org/ontology/birthPlace>  ?o    }",,"","IPP"
"330","Dove è nato Lance Bass?","select  ?o    {    <http://dbpedia.org/resource/Lance_Bass> <http://dbpedia.org/ontology/birthPlace>  ?o    }",,"","IPP"
"331","Dove è nato Margaret Thatcher?","select  ?o    {    <http://dbpedia.org/resource/Margaret_Thatcher> <http://dbpedia.org/ontology/birthPlace>  ?o    }",,"","IPP"
"332","Dove è nato Meryl Streep?","select  ?o    {    <http://dbpedia.org/resource/Meryl_Streep> <http://dbpedia.org/ontology/birthPlace>  ?o    }",,"","IPP"
"333","Dove è nato Michael Jordan?","select  ?o    {    <http://dbpedia.org/resource/Michael_Jordan> <http://dbpedia.org/ontology/birthPlace>  ?o    }",,"","IPP"
"334","Dove è nato Michelle Obama?","select  ?o    {    <http://dbpedia.org/resource/Michelle_Obama> <http://dbpedia.org/ontology/birthPlace>  ?o    }",,"","IPP"
"335","Dove è nato Mickey Rourke?","select  ?o    {    <http://dbpedia.org/resource/Mickey_Rourke> <http://dbpedia.org/ontology/birthPlace>  ?o    }",,"","IPP"
"336","Dove è nato Muhammad Ali?","select  ?o    {    <http://dbpedia.org/resource/Muhammad_Ali> <http://dbpedia.org/ontology/birthPlace>  ?o    }",,"","IPP"
"337","Dove è nato Natalie Portman?","select  ?o    {    <http://dbpedia.org/resource/Natalie_Portman> <http://dbpedia.org/ontology/birthPlace>  ?o    }",,"","IPP"
"338","Dove è nato Neymar?","select  ?o    {    <http://dbpedia.org/resource/Neymar> <http://dbpedia.org/ontology/birthPlace>  ?o    }",,"","IPP"
"339","Dove è nato Nikola Tesla?","select  ?o    {    <http://dbpedia.org/resource/Nikola_Tesla> <http://dbpedia.org/ontology/birthPlace>  ?o    }",,"","IPP"
"340","Dove è nato Nikos Kazantzakis?","select  ?o    {    <http://dbpedia.org/resource/Nikos_Kazantzakis> <http://dbpedia.org/ontology/birthPlace>  ?o    }",,"","IPP"
"341","Dove è nato Oceanografia?","select  ?o    {    <http://dbpedia.org/resource/Oceanography> <http://dbpedia.org/ontology/birthPlace>  ?o    }",,"","IPP"
"342","Dove è nato William duca di Cambridge?","select  ?o    {    <http://dbpedia.org/resource/Prince_William,_Duke_of_Cambridge> <http://dbpedia.org/ontology/birthPlace>  ?o    }",,"","IPP"
"343","Dove è nato Vittoria del Regno Unito?","select  ?o    {    <http://dbpedia.org/resource/Queen_Victoria> <http://dbpedia.org/ontology/birthPlace>  ?o    }",,"","IPP"
"344","Dove è nato Rachel Stevens?","select  ?o    {    <http://dbpedia.org/resource/Rachel_Stevens> <http://dbpedia.org/ontology/birthPlace>  ?o    }",,"","IPP"
"345","Dove è nato Richard Gere?","select  ?o    {    <http://dbpedia.org/resource/Richard_Gere> <http://dbpedia.org/ontology/birthPlace>  ?o    }",,"","IPP"
"346","Dove è nato Rita Wilson?","select  ?o    {    <http://dbpedia.org/resource/Rita_Wilson> <http://dbpedia.org/ontology/birthPlace>  ?o    }",,"","IPP"
"347","Dove è nato Socrate?","select  ?o    {    <http://dbpedia.org/resource/Socrates> <http://dbpedia.org/ontology/birthPlace>  ?o    }",,"","IPP"
"348","Dove è nato Sonny Bono?","select  ?o    {    <http://dbpedia.org/resource/Sonny_Bono> <http://dbpedia.org/ontology/birthPlace>  ?o    }",,"","IPP"
"349","Dove è nato Stanley Kubrick?","select  ?o    {    <http://dbpedia.org/resource/Stanley_Kubrick> <http://dbpedia.org/ontology/birthPlace>  ?o    }",,"","IPP"
"350","Dove è nato Surf?","select  ?o    {    <http://dbpedia.org/resource/Surfing> <http://dbpedia.org/ontology/birthPlace>  ?o    }",,"","IPP"
"351","Dove è nato Sylvester Stallone?","select  ?o    {    <http://dbpedia.org/resource/Sylvester_Stallone> <http://dbpedia.org/ontology/birthPlace>  ?o    }",,"","IPP"
"352","Dove è nato Syngman Rhee?","select  ?o    {    <http://dbpedia.org/resource/Syngman_Rhee> <http://dbpedia.org/ontology/birthPlace>  ?o    }",,"","IPP"
"353","Dove è nato Tim Burton?","select  ?o    {    <http://dbpedia.org/resource/Tim_Burton> <http://dbpedia.org/ontology/birthPlace>  ?o    }",,"","IPP"
"354","Dove è nato Tom Hanks?","select  ?o    {    <http://dbpedia.org/resource/Tom_Hanks> <http://dbpedia.org/ontology/birthPlace>  ?o    }",,"","IPP"
"355","Dove è nato Governo federale degli Stati Uniti d'America?","select  ?o    {    <http://dbpedia.org/resource/United_States> <http://dbpedia.org/ontology/birthPlace>  ?o    }",,"","IPP"
"356","Dove è nato Vincent van Gogh?","select  ?o    {    <http://dbpedia.org/resource/Vincent_van_Gogh> <http://dbpedia.org/ontology/birthPlace>  ?o    }",,"","IPP"
"357","Dove è nato Walt Disney?","select  ?o    {    <http://dbpedia.org/resource/Walt_Disney> <http://dbpedia.org/ontology/birthPlace>  ?o    }",,"","IPP"
"358","Dove è nato William Goldman?","select  ?o    {    <http://dbpedia.org/resource/William_Goldman> <http://dbpedia.org/ontology/birthPlace>  ?o    }",,"","IPP"
"359","Dove è nato William Shatner?","select  ?o    {    <http://dbpedia.org/resource/William_Shatner> <http://dbpedia.org/ontology/birthPlace>  ?o    }",,"","IPP"
"361","Chi è nato in Provincia di Ankara?","select  ?s    {   ?s <http://dbpedia.org/ontology/birthPlace>  <http://dbpedia.org/resource/Ankara>    }",,"","IPP"
"362","Chi è nato in Australia?","select  ?s    {   ?s <http://dbpedia.org/ontology/birthPlace>  <http://dbpedia.org/resource/Australia>    }",,"","IPP"
"363","Chi è nato in Pechino?","select  ?s    {   ?s <http://dbpedia.org/ontology/birthPlace>  <http://dbpedia.org/resource/Beijing>    }",,"","IPP"
"364","Chi è nato in Berlino Est?","select  ?s    {   ?s <http://dbpedia.org/ontology/birthPlace>  <http://dbpedia.org/resource/Berlin>    }",,"","IPP"
"365","Chi è nato in Camerun?","select  ?s    {   ?s <http://dbpedia.org/ontology/birthPlace>  <http://dbpedia.org/resource/Cameroon>    }",,"","IPP"
"366","Chi è nato in Canada?","select  ?s    {   ?s <http://dbpedia.org/ontology/birthPlace>  <http://dbpedia.org/resource/Canada>    }",,"","IPP"
"367","Chi è nato in Cerere astronomia?","select  ?s    {   ?s <http://dbpedia.org/ontology/birthPlace>  <http://dbpedia.org/resource/Ceres_(dwarf_planet)>    }",,"","IPP"
"368","Chi è nato in China gruppo musicale?","select  ?s    {   ?s <http://dbpedia.org/ontology/birthPlace>  <http://dbpedia.org/resource/China>    }",,"","IPP"
"369","Chi è nato in Repubblica della Nuova Granada?","select  ?s    {   ?s <http://dbpedia.org/ontology/birthPlace>  <http://dbpedia.org/resource/Colombia>    }",,"","IPP"
"370","Chi è nato in Repubblica Ceca?","select  ?s    {   ?s <http://dbpedia.org/ontology/birthPlace>  <http://dbpedia.org/resource/Czech_Republic>    }",,"","IPP"
"371","Chi è nato in Eritrea?","select  ?s    {   ?s <http://dbpedia.org/ontology/birthPlace>  <http://dbpedia.org/resource/Eritrea>    }",,"","IPP"
"372","Chi è nato in Fort Knox?","select  ?s    {   ?s <http://dbpedia.org/ontology/birthPlace>  <http://dbpedia.org/resource/Fort_Knox>    }",,"","IPP"
"373","Chi è nato in Franca San Paolo?","select  ?s    {   ?s <http://dbpedia.org/ontology/birthPlace>  <http://dbpedia.org/resource/France>    }",,"","IPP"
"374","Chi è nato in Ganges?","select  ?s    {   ?s <http://dbpedia.org/ontology/birthPlace>  <http://dbpedia.org/resource/Ganges>    }",,"","IPP"
"375","Chi è nato in Grande Lago degli Orsi?","select  ?s    {   ?s <http://dbpedia.org/ontology/birthPlace>  <http://dbpedia.org/resource/Great_Bear_Lake>    }",,"","IPP"
"376","Chi è nato in India?","select  ?s    {   ?s <http://dbpedia.org/ontology/birthPlace>  <http://dbpedia.org/resource/India>    }",,"","IPP"
"377","Chi è nato in Isar?","select  ?s    {   ?s <http://dbpedia.org/ontology/birthPlace>  <http://dbpedia.org/resource/Isar>    }",,"","IPP"
"378","Chi è nato in Italia?","select  ?s    {   ?s <http://dbpedia.org/ontology/birthPlace>  <http://dbpedia.org/resource/Italy>    }",,"","IPP"
"379","Chi è nato in Lago Bajkal?","select  ?s    {   ?s <http://dbpedia.org/ontology/birthPlace>  <http://dbpedia.org/resource/Lake_Baikal>    }",,"","IPP"
"380","Chi è nato in La Mecca?","select  ?s    {   ?s <http://dbpedia.org/ontology/birthPlace>  <http://dbpedia.org/resource/Mecca>    }",,"","IPP"
"381","Chi è nato in Melbourne Florida?","select  ?s    {   ?s <http://dbpedia.org/ontology/birthPlace>  <http://dbpedia.org/resource/Melbourne,_Florida>    }",,"","IPP"
"382","Chi è nato in Dinastia Ming?","select  ?s    {   ?s <http://dbpedia.org/ontology/birthPlace>  <http://dbpedia.org/resource/Ming_dynasty>    }",,"","IPP"
"383","Chi è nato in Everest?","select  ?s    {   ?s <http://dbpedia.org/ontology/birthPlace>  <http://dbpedia.org/resource/Mount_Everest>    }",,"","IPP"
"384","Chi è nato in Regno dei Paesi Bassi?","select  ?s    {   ?s <http://dbpedia.org/ontology/birthPlace>  <http://dbpedia.org/resource/Netherlands>    }",,"","IPP"
"385","Chi è nato in Provincia del New Jersey?","select  ?s    {   ?s <http://dbpedia.org/ontology/birthPlace>  <http://dbpedia.org/resource/New_Jersey>    }",,"","IPP"
"386","Chi è nato in New York?","select  ?s    {   ?s <http://dbpedia.org/ontology/birthPlace>  <http://dbpedia.org/resource/New_York_City>    }",,"","IPP"
"387","Chi è nato in Nilo?","select  ?s    {   ?s <http://dbpedia.org/ontology/birthPlace>  <http://dbpedia.org/resource/Nile>    }",,"","IPP"
"388","Chi è nato in Palazzo di Westminster?","select  ?s    {   ?s <http://dbpedia.org/ontology/birthPlace>  <http://dbpedia.org/resource/Palace_of_Westminster>    }",,"","IPP"
"389","Chi è nato in Parigi?","select  ?s    {   ?s <http://dbpedia.org/ontology/birthPlace>  <http://dbpedia.org/resource/Paris>    }",,"","IPP"
"390","Chi è nato in Filippine?","select  ?s    {   ?s <http://dbpedia.org/ontology/birthPlace>  <http://dbpedia.org/resource/Philippines>    }",,"","IPP"
"391","Chi è nato in Polonia?","select  ?s    {   ?s <http://dbpedia.org/ontology/birthPlace>  <http://dbpedia.org/resource/Poland>    }",,"","IPP"
"392","Chi è nato in Rom Meclemburgo-Pomerania Anteriore?","select  ?s    {   ?s <http://dbpedia.org/ontology/birthPlace>  <http://dbpedia.org/resource/Rome>    }",,"","IPP"
"393","Chi è nato in Rotterdam?","select  ?s    {   ?s <http://dbpedia.org/ontology/birthPlace>  <http://dbpedia.org/resource/Rotterdam>    }",,"","IPP"
"394","Chi è nato in Russia?","select  ?s    {   ?s <http://dbpedia.org/ontology/birthPlace>  <http://dbpedia.org/resource/Russia>    }",,"","IPP"
"395","Chi è nato in Salt Lake City?","select  ?s    {   ?s <http://dbpedia.org/ontology/birthPlace>  <http://dbpedia.org/resource/Salt_Lake_City>    }",,"","IPP"
"396","Chi è nato in San Francisco?","select  ?s    {   ?s <http://dbpedia.org/ontology/birthPlace>  <http://dbpedia.org/resource/San_Francisco>    }",,"","IPP"
"397","Chi è nato in San Pedro de Atacama?","select  ?s    {   ?s <http://dbpedia.org/ontology/birthPlace>  <http://dbpedia.org/resource/San_Pedro_de_Atacama>    }",,"","IPP"
"398","Chi è nato in Repubblica Socialista di Slovenia?","select  ?s    {   ?s <http://dbpedia.org/ontology/birthPlace>  <http://dbpedia.org/resource/Slovenia>    }",,"","IPP"
"399","Chi è nato in Spagna?","select  ?s    {   ?s <http://dbpedia.org/ontology/birthPlace>  <http://dbpedia.org/resource/Spain>    }",,"","IPP"
"400","Chi è nato in Suriname?","select  ?s    {   ?s <http://dbpedia.org/ontology/birthPlace>  <http://dbpedia.org/resource/Suriname>    }",,"","IPP"
"401","Chi è nato in Riksdag?","select  ?s    {   ?s <http://dbpedia.org/ontology/birthPlace>  <http://dbpedia.org/resource/Sweden>    }",,"","IPP"
"402","Chi è nato in Tel Aviv?","select  ?s    {   ?s <http://dbpedia.org/ontology/birthPlace>  <http://dbpedia.org/resource/Tel_Aviv>    }",,"","IPP"
"403","Chi è nato in Turkmenistan?","select  ?s    {   ?s <http://dbpedia.org/ontology/birthPlace>  <http://dbpedia.org/resource/Turkmenistan>    }",,"","IPP"
"404","Chi è nato in Regno Unito di Gran Bretagna e Irlanda?","select  ?s    {   ?s <http://dbpedia.org/ontology/birthPlace>  <http://dbpedia.org/resource/United_Kingdom>    }",,"","IPP"
"405","Chi è nato in Governo federale degli Stati Uniti d'America?","select  ?s    {   ?s <http://dbpedia.org/ontology/birthPlace>  <http://dbpedia.org/resource/United_States>    }",,"","IPP"
"406","Chi è nato in Weser?","select  ?s    {   ?s <http://dbpedia.org/ontology/birthPlace>  <http://dbpedia.org/resource/Weser>    }",,"","IPP"
"408","Quando è morto Abraham Lincoln?","select  ?o    {    <http://dbpedia.org/resource/Abraham_Lincoln> <http://dbpedia.org/ontology/deathDate>  ?o    }",,"","IPP"
"409","Quando è morto Aki Kaurismäki?","select  ?o    {    <http://dbpedia.org/resource/Aki_Kaurismäki> <http://dbpedia.org/ontology/deathDate>  ?o    }",,"","IPP"
"410","Quando è morto Akira Kurosawa?","select  ?o    {    <http://dbpedia.org/resource/Akira_Kurosawa> <http://dbpedia.org/ontology/deathDate>  ?o    }",,"","IPP"
"411","Quando è morto Albert Einstein?","select  ?o    {    <http://dbpedia.org/resource/Albert_Einstein> <http://dbpedia.org/ontology/deathDate>  ?o    }",,"","IPP"
"412","Quando è morto Alec Guinness?","select  ?o    {    <http://dbpedia.org/resource/Alec_Guinness> <http://dbpedia.org/ontology/deathDate>  ?o    }",,"","IPP"
"413","Quando è morto Andrew Jackson?","select  ?o    {    <http://dbpedia.org/resource/Andrew_Jackson> <http://dbpedia.org/ontology/deathDate>  ?o    }",,"","IPP"
"414","Quando è morto Aristotele?","select  ?o    {    <http://dbpedia.org/resource/Aristotle> <http://dbpedia.org/ontology/deathDate>  ?o    }",,"","IPP"
"415","Quando è morto Arnold Schwarzenegger?","select  ?o    {    <http://dbpedia.org/resource/Arnold_Schwarzenegger> <http://dbpedia.org/ontology/deathDate>  ?o    }",,"","IPP"
"416","Quando è morto Barack Obama?","select  ?o    {    <http://dbpedia.org/resource/Barack_Obama> <http://dbpedia.org/ontology/deathDate>  ?o    }",,"","IPP"
"417","Quando è morto Benicio del Toro?","select  ?o    {    <http://dbpedia.org/resource/Benicio_del_Toro> <http://dbpedia.org/ontology/deathDate>  ?o    }",,"","IPP"
"418","Quando è morto Benjamin Franklin?","select  ?o    {    <http://dbpedia.org/resource/Benjamin_Franklin> <http://dbpedia.org/ontology/deathDate>  ?o    }",,"","IPP"
"419","Quando è morto Bill Gates?","select  ?o    {    <http://dbpedia.org/resource/Bill_Gates> <http://dbpedia.org/ontology/deathDate>  ?o    }",,"","IPP"
"420","Quando è morto Boris Becker?","select  ?o    {    <http://dbpedia.org/resource/Boris_Becker> <http://dbpedia.org/ontology/deathDate>  ?o    }",,"","IPP"
"421","Quando è morto Che Guevara?","select  ?o    {    <http://dbpedia.org/resource/Che_Guevara> <http://dbpedia.org/ontology/deathDate>  ?o    }",,"","IPP"
"422","Quando è morto Cher?","select  ?o    {    <http://dbpedia.org/resource/Cher> <http://dbpedia.org/ontology/deathDate>  ?o    }",,"","IPP"
"423","Quando è morto Christian Bale?","select  ?o    {    <http://dbpedia.org/resource/Christian_Bale> <http://dbpedia.org/ontology/deathDate>  ?o    }",,"","IPP"
"424","Quando è morto Claudia Schiffer?","select  ?o    {    <http://dbpedia.org/resource/Claudia_Schiffer> <http://dbpedia.org/ontology/deathDate>  ?o    }",,"","IPP"
"425","Quando è morto Conte Dracula?","select  ?o    {    <http://dbpedia.org/resource/Count_Dracula> <http://dbpedia.org/ontology/deathDate>  ?o    }",,"","IPP"
"426","Quando è morto Diana Spencer?","select  ?o    {    <http://dbpedia.org/resource/Diana,_Princess_of_Wales> <http://dbpedia.org/ontology/deathDate>  ?o    }",,"","IPP"
"427","Quando è morto Douglas Hofstadter?","select  ?o    {    <http://dbpedia.org/resource/Douglas_Hofstadter> <http://dbpedia.org/ontology/deathDate>  ?o    }",,"","IPP"
"428","Quando è morto Elisabetta II del Regno Unito?","select  ?o    {    <http://dbpedia.org/resource/Elizabeth_II> <http://dbpedia.org/ontology/deathDate>  ?o    }",,"","IPP"
"429","Quando è morto Elvis Presley?","select  ?o    {    <http://dbpedia.org/resource/Elvis_Presley> <http://dbpedia.org/ontology/deathDate>  ?o    }",,"","IPP"
"430","Quando è morto Ernest Hemingway?","select  ?o    {    <http://dbpedia.org/resource/Ernest_Hemingway> <http://dbpedia.org/ontology/deathDate>  ?o    }",,"","IPP"
"431","Quando è morto Francis Ford Coppola?","select  ?o    {    <http://dbpedia.org/resource/Francis_Ford_Coppola> <http://dbpedia.org/ontology/deathDate>  ?o    }",,"","IPP"
"432","Quando è morto Frank Herbert?","select  ?o    {    <http://dbpedia.org/resource/Frank_Herbert> <http://dbpedia.org/ontology/deathDate>  ?o    }",,"","IPP"
"433","Quando è morto GIMP?","select  ?o    {    <http://dbpedia.org/resource/GIMP> <http://dbpedia.org/ontology/deathDate>  ?o    }",,"","IPP"
"434","Quando è morto Guy Ritchie?","select  ?o    {    <http://dbpedia.org/resource/Guy_Ritchie> <http://dbpedia.org/ontology/deathDate>  ?o    }",,"","IPP"
"435","Quando è morto Italia?","select  ?o    {    <http://dbpedia.org/resource/Italy> <http://dbpedia.org/ontology/deathDate>  ?o    }",,"","IPP"
"436","Quando è morto Jack Kerouac?","select  ?o    {    <http://dbpedia.org/resource/Jack_Kerouac> <http://dbpedia.org/ontology/deathDate>  ?o    }",,"","IPP"
"437","Quando è morto Jack Wolfskin?","select  ?o    {    <http://dbpedia.org/resource/Jack_Wolfskin> <http://dbpedia.org/ontology/deathDate>  ?o    }",,"","IPP"
"438","Quando è morto Jacques Chirac?","select  ?o    {    <http://dbpedia.org/resource/Jacques_Chirac> <http://dbpedia.org/ontology/deathDate>  ?o    }",,"","IPP"
"439","Quando è morto Jane Fonda?","select  ?o    {    <http://dbpedia.org/resource/Jane_Fonda> <http://dbpedia.org/ontology/deathDate>  ?o    }",,"","IPP"
"440","Quando è morto Johann Sebastian Bach?","select  ?o    {    <http://dbpedia.org/resource/Johann_Sebastian_Bach> <http://dbpedia.org/ontology/deathDate>  ?o    }",,"","IPP"
"441","Quando è morto Julia Roberts?","select  ?o    {    <http://dbpedia.org/resource/Julia_Roberts> <http://dbpedia.org/ontology/deathDate>  ?o    }",,"","IPP"
"442","Quando è morto Lance Bass?","select  ?o    {    <http://dbpedia.org/resource/Lance_Bass> <http://dbpedia.org/ontology/deathDate>  ?o    }",,"","IPP"
"443","Quando è morto Margaret Thatcher?","select  ?o    {    <http://dbpedia.org/resource/Margaret_Thatcher> <http://dbpedia.org/ontology/deathDate>  ?o    }",,"","IPP"
"444","Quando è morto Meryl Streep?","select  ?o    {    <http://dbpedia.org/resource/Meryl_Streep> <http://dbpedia.org/ontology/deathDate>  ?o    }",,"","IPP"
"445","Quando è morto Michael Jordan?","select  ?o    {    <http://dbpedia.org/resource/Michael_Jordan> <http://dbpedia.org/ontology/deathDate>  ?o    }",,"","IPP"
"446","Quando è morto Michelle Obama?","select  ?o    {    <http://dbpedia.org/resource/Michelle_Obama> <http://dbpedia.org/ontology/deathDate>  ?o    }",,"","IPP"
"447","Quando è morto Mickey Rourke?","select  ?o    {    <http://dbpedia.org/resource/Mickey_Rourke> <http://dbpedia.org/ontology/deathDate>  ?o    }",,"","IPP"
"448","Quando è morto Muhammad Ali?","select  ?o    {    <http://dbpedia.org/resource/Muhammad_Ali> <http://dbpedia.org/ontology/deathDate>  ?o    }",,"","IPP"
"449","Quando è morto Natalie Portman?","select  ?o    {    <http://dbpedia.org/resource/Natalie_Portman> <http://dbpedia.org/ontology/deathDate>  ?o    }",,"","IPP"
"450","Quando è morto Neymar?","select  ?o    {    <http://dbpedia.org/resource/Neymar> <http://dbpedia.org/ontology/deathDate>  ?o    }",,"","IPP"
"451","Quando è morto Nikola Tesla?","select  ?o    {    <http://dbpedia.org/resource/Nikola_Tesla> <http://dbpedia.org/ontology/deathDate>  ?o    }",,"","IPP"
"452","Quando è morto Nikos Kazantzakis?","select  ?o    {    <http://dbpedia.org/resource/Nikos_Kazantzakis> <http://dbpedia.org/ontology/deathDate>  ?o    }",,"","IPP"
"453","Quando è morto Oceanografia?","select  ?o    {    <http://dbpedia.org/resource/Oceanography> <http://dbpedia.org/ontology/deathDate>  ?o    }",,"","IPP"
"454","Quando è morto William duca di Cambridge?","select  ?o    {    <http://dbpedia.org/resource/Prince_William,_Duke_of_Cambridge> <http://dbpedia.org/ontology/deathDate>  ?o    }",,"","IPP"
"455","Quando è morto Vittoria del Regno Unito?","select  ?o    {    <http://dbpedia.org/resource/Queen_Victoria> <http://dbpedia.org/ontology/deathDate>  ?o    }",,"","IPP"
"456","Quando è morto Rachel Stevens?","select  ?o    {    <http://dbpedia.org/resource/Rachel_Stevens> <http://dbpedia.org/ontology/deathDate>  ?o    }",,"","IPP"
"457","Quando è morto Richard Gere?","select  ?o    {    <http://dbpedia.org/resource/Richard_Gere> <http://dbpedia.org/ontology/deathDate>  ?o    }",,"","IPP"
"458","Quando è morto Rita Wilson?","select  ?o    {    <http://dbpedia.org/resource/Rita_Wilson> <http://dbpedia.org/ontology/deathDate>  ?o    }",,"","IPP"
"459","Quando è morto Socrate?","select  ?o    {    <http://dbpedia.org/resource/Socrates> <http://dbpedia.org/ontology/deathDate>  ?o    }",,"","IPP"
"460","Quando è morto Sonny Bono?","select  ?o    {    <http://dbpedia.org/resource/Sonny_Bono> <http://dbpedia.org/ontology/deathDate>  ?o    }",,"","IPP"
"461","Quando è morto Stanley Kubrick?","select  ?o    {    <http://dbpedia.org/resource/Stanley_Kubrick> <http://dbpedia.org/ontology/deathDate>  ?o    }",,"","IPP"
"462","Quando è morto Surf?","select  ?o    {    <http://dbpedia.org/resource/Surfing> <http://dbpedia.org/ontology/deathDate>  ?o    }",,"","IPP"
"463","Quando è morto Sylvester Stallone?","select  ?o    {    <http://dbpedia.org/resource/Sylvester_Stallone> <http://dbpedia.org/ontology/deathDate>  ?o    }",,"","IPP"
"464","Quando è morto Syngman Rhee?","select  ?o    {    <http://dbpedia.org/resource/Syngman_Rhee> <http://dbpedia.org/ontology/deathDate>  ?o    }",,"","IPP"
"465","Quando è morto Tim Burton?","select  ?o    {    <http://dbpedia.org/resource/Tim_Burton> <http://dbpedia.org/ontology/deathDate>  ?o    }",,"","IPP"
"466","Quando è morto Tom Hanks?","select  ?o    {    <http://dbpedia.org/resource/Tom_Hanks> <http://dbpedia.org/ontology/deathDate>  ?o    }",,"","IPP"
"467","Quando è morto Governo federale degli Stati Uniti d'America?","select  ?o    {    <http://dbpedia.org/resource/United_States> <http://dbpedia.org/ontology/deathDate>  ?o    }",,"","IPP"
"468","Quando è morto Vincent van Gogh?","select  ?o    {    <http://dbpedia.org/resource/Vincent_van_Gogh> <http://dbpedia.org/ontology/deathDate>  ?o    }",,"","IPP"
"469","Quando è morto Walt Disney?","select  ?o    {    <http://dbpedia.org/resource/Walt_Disney> <http://dbpedia.org/ontology/deathDate>  ?o    }",,"","IPP"
"470","Quando è morto William Goldman?","select  ?o    {    <http://dbpedia.org/resource/William_Goldman> <http://dbpedia.org/ontology/deathDate>  ?o    }",,"","IPP"
"471","Quando è morto William Shatner?","select  ?o    {    <http://dbpedia.org/resource/William_Shatner> <http://dbpedia.org/ontology/deathDate>  ?o    }",,"","IPP"
